series,demand_mult,priceA_mult,shareD,norm,broken,new_violations,first_new_rules,min_sl_total,shortage_t
MANDATORY_STRESS,1,1,1,0,false,0,,0.7777,224.6
MANDATORY_STRESS,1,1,0.9,1,false,0,,0.7777,233.97
MANDATORY_STRESS,1,1,0.8,2,false,0,,0.7777,243.33
MANDATORY_STRESS,1,1,0.7,3,false,0,,0.7777,255.96
MANDATORY_STRESS,1,1,0.6,4,false,0,,0.7777,271.83
MANDATORY_STRESS,1,1,0.5,5,true,0,,0.765,290.31
MANDATORY_STRESS,1,1,0.4,6,true,0,,0.7441,311.39
MANDATORY_STRESS,1,1,0.3,7,true,0,,0.7232,332.46
MANDATORY_STRESS,1,1,0.2,8,true,0,,0.7023,353.54
MANDATORY_STRESS,1,1,0.1,9,true,1,BASE_CRITICAL_SERVICE,0.6814,374.62
MANDATORY_STRESS,1,1,0,10,true,2,BASE_CRITICAL_SERVICE,0.6605,395.69
MANDATORY_STRESS,1,1.05,1,1,false,0,,0.7777,224.6
MANDATORY_STRESS,1,1.05,0.9,1,false,0,,0.7777,233.97
MANDATORY_STRESS,1,1.05,0.8,2,false,0,,0.7777,243.33
MANDATORY_STRESS,1,1.05,0.7,3,false,0,,0.7777,255.96
MANDATORY_STRESS,1,1.05,0.6,4,false,0,,0.7777,271.83
MANDATORY_STRESS,1,1.05,0.5,5,true,0,,0.765,290.31
MANDATORY_STRESS,1,1.05,0.4,6,true,0,,0.7441,311.39
MANDATORY_STRESS,1,1.05,0.3,7,true,0,,0.7232,332.46
MANDATORY_STRESS,1,1.05,0.2,8,true,0,,0.7023,353.54
MANDATORY_STRESS,1,1.05,0.1,9,true,1,BASE_CRITICAL_SERVICE,0.6814,374.62
MANDATORY_STRESS,1,1.05,0,10,true,2,BASE_CRITICAL_SERVICE,0.6605,395.69
MANDATORY_STRESS,1,1.1,1,2,false,0,,0.7777,224.6
MANDATORY_STRESS,1,1.1,0.9,2,false,0,,0.7777,233.97
MANDATORY_STRESS,1,1.1,0.8,2,false,0,,0.7777,243.33
MANDATORY_STRESS,1,1.1,0.7,3,false,0,,0.7777,255.96
MANDATORY_STRESS,1,1.1,0.6,4,false,0,,0.7777,271.83
MANDATORY_STRESS,1,1.1,0.5,5,true,0,,0.765,290.31
MANDATORY_STRESS,1,1.1,0.4,6,true,0,,0.7441,311.39
MANDATORY_STRESS,1,1.1,0.3,7,true,0,,0.7232,332.46
MANDATORY_STRESS,1,1.1,0.2,8,true,0,,0.7023,353.54
MANDATORY_STRESS,1,1.1,0.1,9,true,1,BASE_CRITICAL_SERVICE,0.6814,374.62
MANDATORY_STRESS,1,1.1,0,10,true,2,BASE_CRITICAL_SERVICE,0.6605,395.69
MANDATORY_STRESS,1,1.15,1,3,false,0,,0.7777,224.6
MANDATORY_STRESS,1,1.15,0.9,3,false,0,,0.7777,233.97
MANDATORY_STRESS,1,1.15,0.8,3,false,0,,0.7777,243.33
MANDATORY_STRESS,1,1.15,0.7,3,false,0,,0.7777,255.96
MANDATORY_STRESS,1,1.15,0.6,4,false,0,,0.7777,271.83
MANDATORY_STRESS,1,1.15,0.5,5,true,0,,0.765,290.31
MANDATORY_STRESS,1,1.15,0.4,6,true,0,,0.7441,311.39
MANDATORY_STRESS,1,1.15,0.3,7,true,0,,0.7232,332.46
MANDATORY_STRESS,1,1.15,0.2,8,true,0,,0.7023,353.54
MANDATORY_STRESS,1,1.15,0.1,9,true,1,BASE_CRITICAL_SERVICE,0.6814,374.62
MANDATORY_STRESS,1,1.15,0,10,true,2,BASE_CRITICAL_SERVICE,0.6605,395.69
MANDATORY_STRESS,1,1.2,1,4,false,0,,0.7777,224.6
MANDATORY_STRESS,1,1.2,0.9,4,false,0,,0.7777,233.97
MANDATORY_STRESS,1,1.2,0.8,4,false,0,,0.7777,243.33
MANDATORY_STRESS,1,1.2,0.7,4,false,0,,0.7777,255.96
MANDATORY_STRESS,1,1.2,0.6,4,false,0,,0.7777,271.83
MANDATORY_STRESS,1,1.2,0.5,5,true,0,,0.765,290.31
MANDATORY_STRESS,1,1.2,0.4,6,true,0,,0.7441,311.39
MANDATORY_STRESS,1,1.2,0.3,7,true,0,,0.7232,332.46
MANDATORY_STRESS,1,1.2,0.2,8,true,0,,0.7023,353.54
MANDATORY_STRESS,1,1.2,0.1,9,true,1,BASE_CRITICAL_SERVICE,0.6814,374.62
MANDATORY_STRESS,1,1.2,0,10,true,2,BASE_CRITICAL_SERVICE,0.6605,395.69
MANDATORY_STRESS,1,1.25,1,5,false,0,,0.7777,224.6
MANDATORY_STRESS,1,1.25,0.9,5,false,0,,0.7777,233.97
MANDATORY_STRESS,1,1.25,0.8,5,false,0,,0.7777,243.33
MANDATORY_STRESS,1,1.25,0.7,5,false,0,,0.7777,255.96
MANDATORY_STRESS,1,1.25,0.6,5,false,0,,0.7777,271.83
MANDATORY_STRESS,1,1.25,0.5,5,true,0,,0.765,290.31
MANDATORY_STRESS,1,1.25,0.4,6,true,0,,0.7441,311.39
MANDATORY_STRESS,1,1.25,0.3,7,true,0,,0.7232,332.46
MANDATORY_STRESS,1,1.25,0.2,8,true,0,,0.7023,353.54
MANDATORY_STRESS,1,1.25,0.1,9,true,1,BASE_CRITICAL_SERVICE,0.6814,374.62
MANDATORY_STRESS,1,1.25,0,10,true,2,BASE_CRITICAL_SERVICE,0.6605,395.69
MANDATORY_STRESS,1,1.3,1,6,false,0,,0.7777,224.6
MANDATORY_STRESS,1,1.3,0.9,6,false,0,,0.7777,233.97
MANDATORY_STRESS,1,1.3,0.8,6,false,0,,0.7777,243.33
MANDATORY_STRESS,1,1.3,0.7,6,false,0,,0.7777,255.96
MANDATORY_STRESS,1,1.3,0.6,6,false,0,,0.7777,271.83
MANDATORY_STRESS,1,1.3,0.5,6,true,0,,0.765,290.31
MANDATORY_STRESS,1,1.3,0.4,6,true,0,,0.7441,311.39
MANDATORY_STRESS,1,1.3,0.3,7,true,0,,0.7232,332.46
MANDATORY_STRESS,1,1.3,0.2,8,true,0,,0.7023,353.54
MANDATORY_STRESS,1,1.3,0.1,9,true,1,BASE_CRITICAL_SERVICE,0.6814,374.62
MANDATORY_STRESS,1,1.3,0,10,true,2,BASE_CRITICAL_SERVICE,0.6605,395.69
MANDATORY_STRESS,1,1.35,1,7,false,0,,0.7777,224.6
MANDATORY_STRESS,1,1.35,0.9,7,false,0,,0.7777,233.97
MANDATORY_STRESS,1,1.35,0.8,7,false,0,,0.7777,243.33
MANDATORY_STRESS,1,1.35,0.7,7,false,0,,0.7777,255.96
MANDATORY_STRESS,1,1.35,0.6,7,false,0,,0.7777,271.83
MANDATORY_STRESS,1,1.35,0.5,7,true,0,,0.765,290.31
MANDATORY_STRESS,1,1.35,0.4,7,true,0,,0.7441,311.39
MANDATORY_STRESS,1,1.35,0.3,7,true,0,,0.7232,332.46
MANDATORY_STRESS,1,1.35,0.2,8,true,0,,0.7023,353.54
MANDATORY_STRESS,1,1.35,0.1,9,true,1,BASE_CRITICAL_SERVICE,0.6814,374.62
MANDATORY_STRESS,1,1.35,0,10,true,2,BASE_CRITICAL_SERVICE,0.6605,395.69
MANDATORY_STRESS,1,1.4,1,8,false,0,,0.7777,224.6
MANDATORY_STRESS,1,1.4,0.9,8,false,0,,0.7777,233.97
MANDATORY_STRESS,1,1.4,0.8,8,false,0,,0.7777,243.33
MANDATORY_STRESS,1,1.4,0.7,8,false,0,,0.7777,255.96
MANDATORY_STRESS,1,1.4,0.6,8,false,0,,0.7777,271.83
MANDATORY_STRESS,1,1.4,0.5,8,true,0,,0.765,290.31
MANDATORY_STRESS,1,1.4,0.4,8,true,0,,0.7441,311.39
MANDATORY_STRESS,1,1.4,0.3,8,true,0,,0.7232,332.46
MANDATORY_STRESS,1,1.4,0.2,8,true,0,,0.7023,353.54
MANDATORY_STRESS,1,1.4,0.1,9,true,1,BASE_CRITICAL_SERVICE,0.6814,374.62
MANDATORY_STRESS,1,1.4,0,10,true,2,BASE_CRITICAL_SERVICE,0.6605,395.69
MANDATORY_STRESS,1,1.45,1,9,false,0,,0.7777,224.6
MANDATORY_STRESS,1,1.45,0.9,9,false,0,,0.7777,233.97
MANDATORY_STRESS,1,1.45,0.8,9,false,0,,0.7777,243.33
MANDATORY_STRESS,1,1.45,0.7,9,false,0,,0.7777,255.96
MANDATORY_STRESS,1,1.45,0.6,9,false,0,,0.7777,271.83
MANDATORY_STRESS,1,1.45,0.5,9,true,0,,0.765,290.31
MANDATORY_STRESS,1,1.45,0.4,9,true,0,,0.7441,311.39
MANDATORY_STRESS,1,1.45,0.3,9,true,0,,0.7232,332.46
MANDATORY_STRESS,1,1.45,0.2,9,true,0,,0.7023,353.54
MANDATORY_STRESS,1,1.45,0.1,9,true,1,BASE_CRITICAL_SERVICE,0.6814,374.62
MANDATORY_STRESS,1,1.45,0,10,true,2,BASE_CRITICAL_SERVICE,0.6605,395.69
MANDATORY_STRESS,1,1.5,1,10,false,0,,0.7777,224.6
MANDATORY_STRESS,1,1.5,0.9,10,false,0,,0.7777,233.97
MANDATORY_STRESS,1,1.5,0.8,10,false,0,,0.7777,243.33
MANDATORY_STRESS,1,1.5,0.7,10,false,0,,0.7777,255.96
MANDATORY_STRESS,1,1.5,0.6,10,false,0,,0.7777,271.83
MANDATORY_STRESS,1,1.5,0.5,10,true,0,,0.765,290.31
MANDATORY_STRESS,1,1.5,0.4,10,true,0,,0.7441,311.39
MANDATORY_STRESS,1,1.5,0.3,10,true,0,,0.7232,332.46
MANDATORY_STRESS,1,1.5,0.2,10,true,0,,0.7023,353.54
MANDATORY_STRESS,1,1.5,0.1,10,true,1,BASE_CRITICAL_SERVICE,0.6814,374.62
MANDATORY_STRESS,1,1.5,0,10,true,2,BASE_CRITICAL_SERVICE,0.6605,395.69
MANDATORY_STRESS,1.05,1,1,1,true,1,BASE_CRITICAL_SERVICE,0.7406,301.3
MANDATORY_STRESS,1.05,1,0.9,1,true,1,BASE_CRITICAL_SERVICE,0.7406,310.67
MANDATORY_STRESS,1.05,1,0.8,2,true,1,BASE_CRITICAL_SERVICE,0.7406,320.03
MANDATORY_STRESS,1.05,1,0.7,3,true,1,BASE_CRITICAL_SERVICE,0.7406,332.66
MANDATORY_STRESS,1.05,1,0.6,4,true,1,BASE_CRITICAL_SERVICE,0.7406,348.53
MANDATORY_STRESS,1.05,1,0.5,5,true,1,BASE_CRITICAL_SERVICE,0.7285,367.01
MANDATORY_STRESS,1.05,1,0.4,6,true,1,BASE_CRITICAL_SERVICE,0.7087,388.09
MANDATORY_STRESS,1.05,1,0.3,7,true,1,BASE_CRITICAL_SERVICE,0.6888,409.16
MANDATORY_STRESS,1.05,1,0.2,8,true,3,BASE_CRITICAL_SERVICE,0.6689,430.24
MANDATORY_STRESS,1.05,1,0.1,9,true,3,BASE_CRITICAL_SERVICE,0.649,451.32
MANDATORY_STRESS,1.05,1,0,10,true,4,BASE_CRITICAL_SERVICE,0.6291,472.39
MANDATORY_STRESS,1.05,1.05,1,1,true,1,BASE_CRITICAL_SERVICE,0.7406,301.3
MANDATORY_STRESS,1.05,1.05,0.9,1,true,1,BASE_CRITICAL_SERVICE,0.7406,310.67
MANDATORY_STRESS,1.05,1.05,0.8,2,true,1,BASE_CRITICAL_SERVICE,0.7406,320.03
MANDATORY_STRESS,1.05,1.05,0.7,3,true,1,BASE_CRITICAL_SERVICE,0.7406,332.66
MANDATORY_STRESS,1.05,1.05,0.6,4,true,1,BASE_CRITICAL_SERVICE,0.7406,348.53
MANDATORY_STRESS,1.05,1.05,0.5,5,true,1,BASE_CRITICAL_SERVICE,0.7285,367.01
MANDATORY_STRESS,1.05,1.05,0.4,6,true,1,BASE_CRITICAL_SERVICE,0.7087,388.09
MANDATORY_STRESS,1.05,1.05,0.3,7,true,1,BASE_CRITICAL_SERVICE,0.6888,409.16
MANDATORY_STRESS,1.05,1.05,0.2,8,true,3,BASE_CRITICAL_SERVICE,0.6689,430.24
MANDATORY_STRESS,1.05,1.05,0.1,9,true,3,BASE_CRITICAL_SERVICE,0.649,451.32
MANDATORY_STRESS,1.05,1.05,0,10,true,4,BASE_CRITICAL_SERVICE,0.6291,472.39
MANDATORY_STRESS,1.05,1.1,1,2,true,1,BASE_CRITICAL_SERVICE,0.7406,301.3
MANDATORY_STRESS,1.05,1.1,0.9,2,true,1,BASE_CRITICAL_SERVICE,0.7406,310.67
MANDATORY_STRESS,1.05,1.1,0.8,2,true,1,BASE_CRITICAL_SERVICE,0.7406,320.03
MANDATORY_STRESS,1.05,1.1,0.7,3,true,1,BASE_CRITICAL_SERVICE,0.7406,332.66
MANDATORY_STRESS,1.05,1.1,0.6,4,true,1,BASE_CRITICAL_SERVICE,0.7406,348.53
MANDATORY_STRESS,1.05,1.1,0.5,5,true,1,BASE_CRITICAL_SERVICE,0.7285,367.01
MANDATORY_STRESS,1.05,1.1,0.4,6,true,1,BASE_CRITICAL_SERVICE,0.7087,388.09
MANDATORY_STRESS,1.05,1.1,0.3,7,true,1,BASE_CRITICAL_SERVICE,0.6888,409.16
MANDATORY_STRESS,1.05,1.1,0.2,8,true,3,BASE_CRITICAL_SERVICE,0.6689,430.24
MANDATORY_STRESS,1.05,1.1,0.1,9,true,3,BASE_CRITICAL_SERVICE,0.649,451.32
MANDATORY_STRESS,1.05,1.1,0,10,true,4,BASE_CRITICAL_SERVICE,0.6291,472.39
MANDATORY_STRESS,1.05,1.15,1,3,true,1,BASE_CRITICAL_SERVICE,0.7406,301.3
MANDATORY_STRESS,1.05,1.15,0.9,3,true,1,BASE_CRITICAL_SERVICE,0.7406,310.67
MANDATORY_STRESS,1.05,1.15,0.8,3,true,1,BASE_CRITICAL_SERVICE,0.7406,320.03
MANDATORY_STRESS,1.05,1.15,0.7,3,true,1,BASE_CRITICAL_SERVICE,0.7406,332.66
MANDATORY_STRESS,1.05,1.15,0.6,4,true,1,BASE_CRITICAL_SERVICE,0.7406,348.53
MANDATORY_STRESS,1.05,1.15,0.5,5,true,1,BASE_CRITICAL_SERVICE,0.7285,367.01
MANDATORY_STRESS,1.05,1.15,0.4,6,true,1,BASE_CRITICAL_SERVICE,0.7087,388.09
MANDATORY_STRESS,1.05,1.15,0.3,7,true,1,BASE_CRITICAL_SERVICE,0.6888,409.16
MANDATORY_STRESS,1.05,1.15,0.2,8,true,3,BASE_CRITICAL_SERVICE,0.6689,430.24
MANDATORY_STRESS,1.05,1.15,0.1,9,true,3,BASE_CRITICAL_SERVICE,0.649,451.32
MANDATORY_STRESS,1.05,1.15,0,10,true,4,BASE_CRITICAL_SERVICE,0.6291,472.39
MANDATORY_STRESS,1.05,1.2,1,4,true,1,BASE_CRITICAL_SERVICE,0.7406,301.3
MANDATORY_STRESS,1.05,1.2,0.9,4,true,1,BASE_CRITICAL_SERVICE,0.7406,310.67
MANDATORY_STRESS,1.05,1.2,0.8,4,true,1,BASE_CRITICAL_SERVICE,0.7406,320.03
MANDATORY_STRESS,1.05,1.2,0.7,4,true,1,BASE_CRITICAL_SERVICE,0.7406,332.66
MANDATORY_STRESS,1.05,1.2,0.6,4,true,1,BASE_CRITICAL_SERVICE,0.7406,348.53
MANDATORY_STRESS,1.05,1.2,0.5,5,true,1,BASE_CRITICAL_SERVICE,0.7285,367.01
MANDATORY_STRESS,1.05,1.2,0.4,6,true,1,BASE_CRITICAL_SERVICE,0.7087,388.09
MANDATORY_STRESS,1.05,1.2,0.3,7,true,1,BASE_CRITICAL_SERVICE,0.6888,409.16
MANDATORY_STRESS,1.05,1.2,0.2,8,true,3,BASE_CRITICAL_SERVICE,0.6689,430.24
MANDATORY_STRESS,1.05,1.2,0.1,9,true,3,BASE_CRITICAL_SERVICE,0.649,451.32
MANDATORY_STRESS,1.05,1.2,0,10,true,4,BASE_CRITICAL_SERVICE,0.6291,472.39
MANDATORY_STRESS,1.05,1.25,1,5,true,1,BASE_CRITICAL_SERVICE,0.7406,301.3
MANDATORY_STRESS,1.05,1.25,0.9,5,true,1,BASE_CRITICAL_SERVICE,0.7406,310.67
MANDATORY_STRESS,1.05,1.25,0.8,5,true,1,BASE_CRITICAL_SERVICE,0.7406,320.03
MANDATORY_STRESS,1.05,1.25,0.7,5,true,1,BASE_CRITICAL_SERVICE,0.7406,332.66
MANDATORY_STRESS,1.05,1.25,0.6,5,true,1,BASE_CRITICAL_SERVICE,0.7406,348.53
MANDATORY_STRESS,1.05,1.25,0.5,5,true,1,BASE_CRITICAL_SERVICE,0.7285,367.01
MANDATORY_STRESS,1.05,1.25,0.4,6,true,1,BASE_CRITICAL_SERVICE,0.7087,388.09
MANDATORY_STRESS,1.05,1.25,0.3,7,true,1,BASE_CRITICAL_SERVICE,0.6888,409.16
MANDATORY_STRESS,1.05,1.25,0.2,8,true,3,BASE_CRITICAL_SERVICE,0.6689,430.24
MANDATORY_STRESS,1.05,1.25,0.1,9,true,3,BASE_CRITICAL_SERVICE,0.649,451.32
MANDATORY_STRESS,1.05,1.25,0,10,true,4,BASE_CRITICAL_SERVICE,0.6291,472.39
MANDATORY_STRESS,1.05,1.3,1,6,true,1,BASE_CRITICAL_SERVICE,0.7406,301.3
MANDATORY_STRESS,1.05,1.3,0.9,6,true,1,BASE_CRITICAL_SERVICE,0.7406,310.67
MANDATORY_STRESS,1.05,1.3,0.8,6,true,1,BASE_CRITICAL_SERVICE,0.7406,320.03
MANDATORY_STRESS,1.05,1.3,0.7,6,true,1,BASE_CRITICAL_SERVICE,0.7406,332.66
MANDATORY_STRESS,1.05,1.3,0.6,6,true,1,BASE_CRITICAL_SERVICE,0.7406,348.53
MANDATORY_STRESS,1.05,1.3,0.5,6,true,1,BASE_CRITICAL_SERVICE,0.7285,367.01
MANDATORY_STRESS,1.05,1.3,0.4,6,true,1,BASE_CRITICAL_SERVICE,0.7087,388.09
MANDATORY_STRESS,1.05,1.3,0.3,7,true,1,BASE_CRITICAL_SERVICE,0.6888,409.16
MANDATORY_STRESS,1.05,1.3,0.2,8,true,3,BASE_CRITICAL_SERVICE,0.6689,430.24
MANDATORY_STRESS,1.05,1.3,0.1,9,true,3,BASE_CRITICAL_SERVICE,0.649,451.32
MANDATORY_STRESS,1.05,1.3,0,10,true,4,BASE_CRITICAL_SERVICE,0.6291,472.39
MANDATORY_STRESS,1.05,1.35,1,7,true,1,BASE_CRITICAL_SERVICE,0.7406,301.3
MANDATORY_STRESS,1.05,1.35,0.9,7,true,1,BASE_CRITICAL_SERVICE,0.7406,310.67
MANDATORY_STRESS,1.05,1.35,0.8,7,true,1,BASE_CRITICAL_SERVICE,0.7406,320.03
MANDATORY_STRESS,1.05,1.35,0.7,7,true,1,BASE_CRITICAL_SERVICE,0.7406,332.66
MANDATORY_STRESS,1.05,1.35,0.6,7,true,1,BASE_CRITICAL_SERVICE,0.7406,348.53
MANDATORY_STRESS,1.05,1.35,0.5,7,true,1,BASE_CRITICAL_SERVICE,0.7285,367.01
MANDATORY_STRESS,1.05,1.35,0.4,7,true,1,BASE_CRITICAL_SERVICE,0.7087,388.09
MANDATORY_STRESS,1.05,1.35,0.3,7,true,1,BASE_CRITICAL_SERVICE,0.6888,409.16
MANDATORY_STRESS,1.05,1.35,0.2,8,true,3,BASE_CRITICAL_SERVICE,0.6689,430.24
MANDATORY_STRESS,1.05,1.35,0.1,9,true,3,BASE_CRITICAL_SERVICE,0.649,451.32
MANDATORY_STRESS,1.05,1.35,0,10,true,4,BASE_CRITICAL_SERVICE,0.6291,472.39
MANDATORY_STRESS,1.05,1.4,1,8,true,1,BASE_CRITICAL_SERVICE,0.7406,301.3
MANDATORY_STRESS,1.05,1.4,0.9,8,true,1,BASE_CRITICAL_SERVICE,0.7406,310.67
MANDATORY_STRESS,1.05,1.4,0.8,8,true,1,BASE_CRITICAL_SERVICE,0.7406,320.03
MANDATORY_STRESS,1.05,1.4,0.7,8,true,1,BASE_CRITICAL_SERVICE,0.7406,332.66
MANDATORY_STRESS,1.05,1.4,0.6,8,true,1,BASE_CRITICAL_SERVICE,0.7406,348.53
MANDATORY_STRESS,1.05,1.4,0.5,8,true,1,BASE_CRITICAL_SERVICE,0.7285,367.01
MANDATORY_STRESS,1.05,1.4,0.4,8,true,1,BASE_CRITICAL_SERVICE,0.7087,388.09
MANDATORY_STRESS,1.05,1.4,0.3,8,true,1,BASE_CRITICAL_SERVICE,0.6888,409.16
MANDATORY_STRESS,1.05,1.4,0.2,8,true,3,BASE_CRITICAL_SERVICE,0.6689,430.24
MANDATORY_STRESS,1.05,1.4,0.1,9,true,3,BASE_CRITICAL_SERVICE,0.649,451.32
MANDATORY_STRESS,1.05,1.4,0,10,true,4,BASE_CRITICAL_SERVICE,0.6291,472.39
MANDATORY_STRESS,1.05,1.45,1,9,true,1,BASE_CRITICAL_SERVICE,0.7406,301.3
MANDATORY_STRESS,1.05,1.45,0.9,9,true,1,BASE_CRITICAL_SERVICE,0.7406,310.67
MANDATORY_STRESS,1.05,1.45,0.8,9,true,1,BASE_CRITICAL_SERVICE,0.7406,320.03
MANDATORY_STRESS,1.05,1.45,0.7,9,true,1,BASE_CRITICAL_SERVICE,0.7406,332.66
MANDATORY_STRESS,1.05,1.45,0.6,9,true,1,BASE_CRITICAL_SERVICE,0.7406,348.53
MANDATORY_STRESS,1.05,1.45,0.5,9,true,1,BASE_CRITICAL_SERVICE,0.7285,367.01
MANDATORY_STRESS,1.05,1.45,0.4,9,true,1,BASE_CRITICAL_SERVICE,0.7087,388.09
MANDATORY_STRESS,1.05,1.45,0.3,9,true,1,BASE_CRITICAL_SERVICE,0.6888,409.16
MANDATORY_STRESS,1.05,1.45,0.2,9,true,3,BASE_CRITICAL_SERVICE,0.6689,430.24
MANDATORY_STRESS,1.05,1.45,0.1,9,true,3,BASE_CRITICAL_SERVICE,0.649,451.32
MANDATORY_STRESS,1.05,1.45,0,10,true,4,BASE_CRITICAL_SERVICE,0.6291,472.39
MANDATORY_STRESS,1.05,1.5,1,10,true,1,BASE_CRITICAL_SERVICE,0.7406,301.3
MANDATORY_STRESS,1.05,1.5,0.9,10,true,1,BASE_CRITICAL_SERVICE,0.7406,310.67
MANDATORY_STRESS,1.05,1.5,0.8,10,true,1,BASE_CRITICAL_SERVICE,0.7406,320.03
MANDATORY_STRESS,1.05,1.5,0.7,10,true,1,BASE_CRITICAL_SERVICE,0.7406,332.66
MANDATORY_STRESS,1.05,1.5,0.6,10,true,1,BASE_CRITICAL_SERVICE,0.7406,348.53
MANDATORY_STRESS,1.05,1.5,0.5,10,true,1,BASE_CRITICAL_SERVICE,0.7285,367.01
MANDATORY_STRESS,1.05,1.5,0.4,10,true,1,BASE_CRITICAL_SERVICE,0.7087,388.09
MANDATORY_STRESS,1.05,1.5,0.3,10,true,1,BASE_CRITICAL_SERVICE,0.6888,409.16
MANDATORY_STRESS,1.05,1.5,0.2,10,true,3,BASE_CRITICAL_SERVICE,0.6689,430.24
MANDATORY_STRESS,1.05,1.5,0.1,10,true,3,BASE_CRITICAL_SERVICE,0.649,451.32
MANDATORY_STRESS,1.05,1.5,0,10,true,4,BASE_CRITICAL_SERVICE,0.6291,472.39
MANDATORY_STRESS,1.1,1,1,2,true,3,BASE_CRITICAL_SERVICE;RESERVE_45D,0.707,378
MANDATORY_STRESS,1.1,1,0.9,2,true,3,BASE_CRITICAL_SERVICE;RESERVE_45D,0.707,387.37
MANDATORY_STRESS,1.1,1,0.8,2,true,3,BASE_CRITICAL_SERVICE;RESERVE_45D,0.707,396.73
MANDATORY_STRESS,1.1,1,0.7,3,true,3,BASE_CRITICAL_SERVICE;RESERVE_45D,0.707,409.36
MANDATORY_STRESS,1.1,1,0.6,4,true,3,BASE_CRITICAL_SERVICE;RESERVE_45D,0.707,425.23
MANDATORY_STRESS,1.1,1,0.5,5,true,3,BASE_CRITICAL_SERVICE;RESERVE_45D,0.6954,443.71
MANDATORY_STRESS,1.1,1,0.4,6,true,3,BASE_CRITICAL_SERVICE;RESERVE_45D,0.6764,464.79
MANDATORY_STRESS,1.1,1,0.3,7,true,5,BASE_CRITICAL_SERVICE;RESERVE_45D,0.6575,485.86
MANDATORY_STRESS,1.1,1,0.2,8,true,5,BASE_CRITICAL_SERVICE;RESERVE_45D,0.6385,506.94
MANDATORY_STRESS,1.1,1,0.1,9,true,6,BASE_CRITICAL_SERVICE;RESERVE_45D,0.6195,528.02
MANDATORY_STRESS,1.1,1,0,10,true,6,BASE_CRITICAL_SERVICE;RESERVE_45D,0.6005,549.09
MANDATORY_STRESS,1.1,1.05,1,2,true,3,BASE_CRITICAL_SERVICE;RESERVE_45D,0.707,378
MANDATORY_STRESS,1.1,1.05,0.9,2,true,3,BASE_CRITICAL_SERVICE;RESERVE_45D,0.707,387.37
MANDATORY_STRESS,1.1,1.05,0.8,2,true,3,BASE_CRITICAL_SERVICE;RESERVE_45D,0.707,396.73
MANDATORY_STRESS,1.1,1.05,0.7,3,true,3,BASE_CRITICAL_SERVICE;RESERVE_45D,0.707,409.36
MANDATORY_STRESS,1.1,1.05,0.6,4,true,3,BASE_CRITICAL_SERVICE;RESERVE_45D,0.707,425.23
MANDATORY_STRESS,1.1,1.05,0.5,5,true,3,BASE_CRITICAL_SERVICE;RESERVE_45D,0.6954,443.71
MANDATORY_STRESS,1.1,1.05,0.4,6,true,3,BASE_CRITICAL_SERVICE;RESERVE_45D,0.6764,464.79
MANDATORY_STRESS,1.1,1.05,0.3,7,true,5,BASE_CRITICAL_SERVICE;RESERVE_45D,0.6575,485.86
MANDATORY_STRESS,1.1,1.05,0.2,8,true,5,BASE_CRITICAL_SERVICE;RESERVE_45D,0.6385,506.94
MANDATORY_STRESS,1.1,1.05,0.1,9,true,6,BASE_CRITICAL_SERVICE;RESERVE_45D,0.6195,528.02
MANDATORY_STRESS,1.1,1.05,0,10,true,6,BASE_CRITICAL_SERVICE;RESERVE_45D,0.6005,549.09
MANDATORY_STRESS,1.1,1.1,1,2,true,3,BASE_CRITICAL_SERVICE;RESERVE_45D,0.707,378
MANDATORY_STRESS,1.1,1.1,0.9,2,true,3,BASE_CRITICAL_SERVICE;RESERVE_45D,0.707,387.37
MANDATORY_STRESS,1.1,1.1,0.8,2,true,3,BASE_CRITICAL_SERVICE;RESERVE_45D,0.707,396.73
MANDATORY_STRESS,1.1,1.1,0.7,3,true,3,BASE_CRITICAL_SERVICE;RESERVE_45D,0.707,409.36
MANDATORY_STRESS,1.1,1.1,0.6,4,true,3,BASE_CRITICAL_SERVICE;RESERVE_45D,0.707,425.23
MANDATORY_STRESS,1.1,1.1,0.5,5,true,3,BASE_CRITICAL_SERVICE;RESERVE_45D,0.6954,443.71
MANDATORY_STRESS,1.1,1.1,0.4,6,true,3,BASE_CRITICAL_SERVICE;RESERVE_45D,0.6764,464.79
MANDATORY_STRESS,1.1,1.1,0.3,7,true,5,BASE_CRITICAL_SERVICE;RESERVE_45D,0.6575,485.86
MANDATORY_STRESS,1.1,1.1,0.2,8,true,5,BASE_CRITICAL_SERVICE;RESERVE_45D,0.6385,506.94
MANDATORY_STRESS,1.1,1.1,0.1,9,true,6,BASE_CRITICAL_SERVICE;RESERVE_45D,0.6195,528.02
MANDATORY_STRESS,1.1,1.1,0,10,true,6,BASE_CRITICAL_SERVICE;RESERVE_45D,0.6005,549.09
MANDATORY_STRESS,1.1,1.15,1,3,true,3,BASE_CRITICAL_SERVICE;RESERVE_45D,0.707,378
MANDATORY_STRESS,1.1,1.15,0.9,3,true,3,BASE_CRITICAL_SERVICE;RESERVE_45D,0.707,387.37
MANDATORY_STRESS,1.1,1.15,0.8,3,true,3,BASE_CRITICAL_SERVICE;RESERVE_45D,0.707,396.73
MANDATORY_STRESS,1.1,1.15,0.7,3,true,3,BASE_CRITICAL_SERVICE;RESERVE_45D,0.707,409.36
MANDATORY_STRESS,1.1,1.15,0.6,4,true,3,BASE_CRITICAL_SERVICE;RESERVE_45D,0.707,425.23
MANDATORY_STRESS,1.1,1.15,0.5,5,true,3,BASE_CRITICAL_SERVICE;RESERVE_45D,0.6954,443.71
MANDATORY_STRESS,1.1,1.15,0.4,6,true,3,BASE_CRITICAL_SERVICE;RESERVE_45D,0.6764,464.79
MANDATORY_STRESS,1.1,1.15,0.3,7,true,5,BASE_CRITICAL_SERVICE;RESERVE_45D,0.6575,485.86
MANDATORY_STRESS,1.1,1.15,0.2,8,true,5,BASE_CRITICAL_SERVICE;RESERVE_45D,0.6385,506.94
MANDATORY_STRESS,1.1,1.15,0.1,9,true,6,BASE_CRITICAL_SERVICE;RESERVE_45D,0.6195,528.02
MANDATORY_STRESS,1.1,1.15,0,10,true,6,BASE_CRITICAL_SERVICE;RESERVE_45D,0.6005,549.09
MANDATORY_STRESS,1.1,1.2,1,4,true,3,BASE_CRITICAL_SERVICE;RESERVE_45D,0.707,378
MANDATORY_STRESS,1.1,1.2,0.9,4,true,3,BASE_CRITICAL_SERVICE;RESERVE_45D,0.707,387.37
MANDATORY_STRESS,1.1,1.2,0.8,4,true,3,BASE_CRITICAL_SERVICE;RESERVE_45D,0.707,396.73
MANDATORY_STRESS,1.1,1.2,0.7,4,true,3,BASE_CRITICAL_SERVICE;RESERVE_45D,0.707,409.36
MANDATORY_STRESS,1.1,1.2,0.6,4,true,3,BASE_CRITICAL_SERVICE;RESERVE_45D,0.707,425.23
MANDATORY_STRESS,1.1,1.2,0.5,5,true,3,BASE_CRITICAL_SERVICE;RESERVE_45D,0.6954,443.71
MANDATORY_STRESS,1.1,1.2,0.4,6,true,3,BASE_CRITICAL_SERVICE;RESERVE_45D,0.6764,464.79
MANDATORY_STRESS,1.1,1.2,0.3,7,true,5,BASE_CRITICAL_SERVICE;RESERVE_45D,0.6575,485.86
MANDATORY_STRESS,1.1,1.2,0.2,8,true,5,BASE_CRITICAL_SERVICE;RESERVE_45D,0.6385,506.94
MANDATORY_STRESS,1.1,1.2,0.1,9,true,6,BASE_CRITICAL_SERVICE;RESERVE_45D,0.6195,528.02
MANDATORY_STRESS,1.1,1.2,0,10,true,6,BASE_CRITICAL_SERVICE;RESERVE_45D,0.6005,549.09
MANDATORY_STRESS,1.1,1.25,1,5,true,3,BASE_CRITICAL_SERVICE;RESERVE_45D,0.707,378
MANDATORY_STRESS,1.1,1.25,0.9,5,true,3,BASE_CRITICAL_SERVICE;RESERVE_45D,0.707,387.37
MANDATORY_STRESS,1.1,1.25,0.8,5,true,3,BASE_CRITICAL_SERVICE;RESERVE_45D,0.707,396.73
MANDATORY_STRESS,1.1,1.25,0.7,5,true,3,BASE_CRITICAL_SERVICE;RESERVE_45D,0.707,409.36
MANDATORY_STRESS,1.1,1.25,0.6,5,true,3,BASE_CRITICAL_SERVICE;RESERVE_45D,0.707,425.23
MANDATORY_STRESS,1.1,1.25,0.5,5,true,3,BASE_CRITICAL_SERVICE;RESERVE_45D,0.6954,443.71
MANDATORY_STRESS,1.1,1.25,0.4,6,true,3,BASE_CRITICAL_SERVICE;RESERVE_45D,0.6764,464.79
MANDATORY_STRESS,1.1,1.25,0.3,7,true,5,BASE_CRITICAL_SERVICE;RESERVE_45D,0.6575,485.86
MANDATORY_STRESS,1.1,1.25,0.2,8,true,5,BASE_CRITICAL_SERVICE;RESERVE_45D,0.6385,506.94
MANDATORY_STRESS,1.1,1.25,0.1,9,true,6,BASE_CRITICAL_SERVICE;RESERVE_45D,0.6195,528.02
MANDATORY_STRESS,1.1,1.25,0,10,true,6,BASE_CRITICAL_SERVICE;RESERVE_45D,0.6005,549.09
MANDATORY_STRESS,1.1,1.3,1,6,true,3,BASE_CRITICAL_SERVICE;RESERVE_45D,0.707,378
MANDATORY_STRESS,1.1,1.3,0.9,6,true,3,BASE_CRITICAL_SERVICE;RESERVE_45D,0.707,387.37
MANDATORY_STRESS,1.1,1.3,0.8,6,true,3,BASE_CRITICAL_SERVICE;RESERVE_45D,0.707,396.73
MANDATORY_STRESS,1.1,1.3,0.7,6,true,3,BASE_CRITICAL_SERVICE;RESERVE_45D,0.707,409.36
MANDATORY_STRESS,1.1,1.3,0.6,6,true,3,BASE_CRITICAL_SERVICE;RESERVE_45D,0.707,425.23
MANDATORY_STRESS,1.1,1.3,0.5,6,true,3,BASE_CRITICAL_SERVICE;RESERVE_45D,0.6954,443.71
MANDATORY_STRESS,1.1,1.3,0.4,6,true,3,BASE_CRITICAL_SERVICE;RESERVE_45D,0.6764,464.79
MANDATORY_STRESS,1.1,1.3,0.3,7,true,5,BASE_CRITICAL_SERVICE;RESERVE_45D,0.6575,485.86
MANDATORY_STRESS,1.1,1.3,0.2,8,true,5,BASE_CRITICAL_SERVICE;RESERVE_45D,0.6385,506.94
MANDATORY_STRESS,1.1,1.3,0.1,9,true,6,BASE_CRITICAL_SERVICE;RESERVE_45D,0.6195,528.02
MANDATORY_STRESS,1.1,1.3,0,10,true,6,BASE_CRITICAL_SERVICE;RESERVE_45D,0.6005,549.09
MANDATORY_STRESS,1.1,1.35,1,7,true,3,BASE_CRITICAL_SERVICE;RESERVE_45D,0.707,378
MANDATORY_STRESS,1.1,1.35,0.9,7,true,3,BASE_CRITICAL_SERVICE;RESERVE_45D,0.707,387.37
MANDATORY_STRESS,1.1,1.35,0.8,7,true,3,BASE_CRITICAL_SERVICE;RESERVE_45D,0.707,396.73
MANDATORY_STRESS,1.1,1.35,0.7,7,true,3,BASE_CRITICAL_SERVICE;RESERVE_45D,0.707,409.36
MANDATORY_STRESS,1.1,1.35,0.6,7,true,3,BASE_CRITICAL_SERVICE;RESERVE_45D,0.707,425.23
MANDATORY_STRESS,1.1,1.35,0.5,7,true,3,BASE_CRITICAL_SERVICE;RESERVE_45D,0.6954,443.71
MANDATORY_STRESS,1.1,1.35,0.4,7,true,3,BASE_CRITICAL_SERVICE;RESERVE_45D,0.6764,464.79
MANDATORY_STRESS,1.1,1.35,0.3,7,true,5,BASE_CRITICAL_SERVICE;RESERVE_45D,0.6575,485.86
MANDATORY_STRESS,1.1,1.35,0.2,8,true,5,BASE_CRITICAL_SERVICE;RESERVE_45D,0.6385,506.94
MANDATORY_STRESS,1.1,1.35,0.1,9,true,6,BASE_CRITICAL_SERVICE;RESERVE_45D,0.6195,528.02
MANDATORY_STRESS,1.1,1.35,0,10,true,6,BASE_CRITICAL_SERVICE;RESERVE_45D,0.6005,549.09
MANDATORY_STRESS,1.1,1.4,1,8,true,3,BASE_CRITICAL_SERVICE;RESERVE_45D,0.707,378
MANDATORY_STRESS,1.1,1.4,0.9,8,true,3,BASE_CRITICAL_SERVICE;RESERVE_45D,0.707,387.37
MANDATORY_STRESS,1.1,1.4,0.8,8,true,3,BASE_CRITICAL_SERVICE;RESERVE_45D,0.707,396.73
MANDATORY_STRESS,1.1,1.4,0.7,8,true,3,BASE_CRITICAL_SERVICE;RESERVE_45D,0.707,409.36
MANDATORY_STRESS,1.1,1.4,0.6,8,true,3,BASE_CRITICAL_SERVICE;RESERVE_45D,0.707,425.23
MANDATORY_STRESS,1.1,1.4,0.5,8,true,3,BASE_CRITICAL_SERVICE;RESERVE_45D,0.6954,443.71
MANDATORY_STRESS,1.1,1.4,0.4,8,true,3,BASE_CRITICAL_SERVICE;RESERVE_45D,0.6764,464.79
MANDATORY_STRESS,1.1,1.4,0.3,8,true,5,BASE_CRITICAL_SERVICE;RESERVE_45D,0.6575,485.86
MANDATORY_STRESS,1.1,1.4,0.2,8,true,5,BASE_CRITICAL_SERVICE;RESERVE_45D,0.6385,506.94
MANDATORY_STRESS,1.1,1.4,0.1,9,true,6,BASE_CRITICAL_SERVICE;RESERVE_45D,0.6195,528.02
MANDATORY_STRESS,1.1,1.4,0,10,true,6,BASE_CRITICAL_SERVICE;RESERVE_45D,0.6005,549.09
MANDATORY_STRESS,1.1,1.45,1,9,true,3,BASE_CRITICAL_SERVICE;RESERVE_45D,0.707,378
MANDATORY_STRESS,1.1,1.45,0.9,9,true,3,BASE_CRITICAL_SERVICE;RESERVE_45D,0.707,387.37
MANDATORY_STRESS,1.1,1.45,0.8,9,true,3,BASE_CRITICAL_SERVICE;RESERVE_45D,0.707,396.73
MANDATORY_STRESS,1.1,1.45,0.7,9,true,3,BASE_CRITICAL_SERVICE;RESERVE_45D,0.707,409.36
MANDATORY_STRESS,1.1,1.45,0.6,9,true,3,BASE_CRITICAL_SERVICE;RESERVE_45D,0.707,425.23
MANDATORY_STRESS,1.1,1.45,0.5,9,true,3,BASE_CRITICAL_SERVICE;RESERVE_45D,0.6954,443.71
MANDATORY_STRESS,1.1,1.45,0.4,9,true,3,BASE_CRITICAL_SERVICE;RESERVE_45D,0.6764,464.79
MANDATORY_STRESS,1.1,1.45,0.3,9,true,5,BASE_CRITICAL_SERVICE;RESERVE_45D,0.6575,485.86
MANDATORY_STRESS,1.1,1.45,0.2,9,true,5,BASE_CRITICAL_SERVICE;RESERVE_45D,0.6385,506.94
MANDATORY_STRESS,1.1,1.45,0.1,9,true,6,BASE_CRITICAL_SERVICE;RESERVE_45D,0.6195,528.02
MANDATORY_STRESS,1.1,1.45,0,10,true,6,BASE_CRITICAL_SERVICE;RESERVE_45D,0.6005,549.09
MANDATORY_STRESS,1.1,1.5,1,10,true,3,BASE_CRITICAL_SERVICE;RESERVE_45D,0.707,378
MANDATORY_STRESS,1.1,1.5,0.9,10,true,3,BASE_CRITICAL_SERVICE;RESERVE_45D,0.707,387.37
MANDATORY_STRESS,1.1,1.5,0.8,10,true,3,BASE_CRITICAL_SERVICE;RESERVE_45D,0.707,396.73
MANDATORY_STRESS,1.1,1.5,0.7,10,true,3,BASE_CRITICAL_SERVICE;RESERVE_45D,0.707,409.36
MANDATORY_STRESS,1.1,1.5,0.6,10,true,3,BASE_CRITICAL_SERVICE;RESERVE_45D,0.707,425.23
MANDATORY_STRESS,1.1,1.5,0.5,10,true,3,BASE_CRITICAL_SERVICE;RESERVE_45D,0.6954,443.71
MANDATORY_STRESS,1.1,1.5,0.4,10,true,3,BASE_CRITICAL_SERVICE;RESERVE_45D,0.6764,464.79
MANDATORY_STRESS,1.1,1.5,0.3,10,true,5,BASE_CRITICAL_SERVICE;RESERVE_45D,0.6575,485.86
MANDATORY_STRESS,1.1,1.5,0.2,10,true,5,BASE_CRITICAL_SERVICE;RESERVE_45D,0.6385,506.94
MANDATORY_STRESS,1.1,1.5,0.1,10,true,6,BASE_CRITICAL_SERVICE;RESERVE_45D,0.6195,528.02
MANDATORY_STRESS,1.1,1.5,0,10,true,6,BASE_CRITICAL_SERVICE;RESERVE_45D,0.6005,549.09
MANDATORY_STRESS,1.15,1,1,3,true,4,BASE_CRITICAL_SERVICE;RESERVE_45D,0.6762,454.7
MANDATORY_STRESS,1.15,1,0.9,3,true,4,BASE_CRITICAL_SERVICE;RESERVE_45D,0.6762,464.07
MANDATORY_STRESS,1.15,1,0.8,3,true,4,BASE_CRITICAL_SERVICE;RESERVE_45D,0.6762,473.43
MANDATORY_STRESS,1.15,1,0.7,3,true,4,BASE_CRITICAL_SERVICE;RESERVE_45D,0.6762,486.06
MANDATORY_STRESS,1.15,1,0.6,4,true,4,BASE_CRITICAL_SERVICE;RESERVE_45D,0.6762,501.93
MANDATORY_STRESS,1.15,1,0.5,5,true,4,BASE_CRITICAL_SERVICE;RESERVE_45D,0.6652,520.41
MANDATORY_STRESS,1.15,1,0.4,6,true,5,BASE_CRITICAL_SERVICE;RESERVE_45D,0.647,541.49
MANDATORY_STRESS,1.15,1,0.3,7,true,6,BASE_CRITICAL_SERVICE;RESERVE_45D,0.6289,562.56
MANDATORY_STRESS,1.15,1,0.2,8,true,6,BASE_CRITICAL_SERVICE;RESERVE_45D,0.6107,583.64
MANDATORY_STRESS,1.15,1,0.1,9,true,6,BASE_CRITICAL_SERVICE;RESERVE_45D,0.5925,604.72
MANDATORY_STRESS,1.15,1,0,10,true,6,BASE_CRITICAL_SERVICE;RESERVE_45D,0.5744,625.79
MANDATORY_STRESS,1.15,1.05,1,3,true,4,BASE_CRITICAL_SERVICE;RESERVE_45D,0.6762,454.7
MANDATORY_STRESS,1.15,1.05,0.9,3,true,4,BASE_CRITICAL_SERVICE;RESERVE_45D,0.6762,464.07
MANDATORY_STRESS,1.15,1.05,0.8,3,true,4,BASE_CRITICAL_SERVICE;RESERVE_45D,0.6762,473.43
MANDATORY_STRESS,1.15,1.05,0.7,3,true,4,BASE_CRITICAL_SERVICE;RESERVE_45D,0.6762,486.06
MANDATORY_STRESS,1.15,1.05,0.6,4,true,4,BASE_CRITICAL_SERVICE;RESERVE_45D,0.6762,501.93
MANDATORY_STRESS,1.15,1.05,0.5,5,true,4,BASE_CRITICAL_SERVICE;RESERVE_45D,0.6652,520.41
MANDATORY_STRESS,1.15,1.05,0.4,6,true,5,BASE_CRITICAL_SERVICE;RESERVE_45D,0.647,541.49
MANDATORY_STRESS,1.15,1.05,0.3,7,true,6,BASE_CRITICAL_SERVICE;RESERVE_45D,0.6289,562.56
MANDATORY_STRESS,1.15,1.05,0.2,8,true,6,BASE_CRITICAL_SERVICE;RESERVE_45D,0.6107,583.64
MANDATORY_STRESS,1.15,1.05,0.1,9,true,6,BASE_CRITICAL_SERVICE;RESERVE_45D,0.5925,604.72
MANDATORY_STRESS,1.15,1.05,0,10,true,6,BASE_CRITICAL_SERVICE;RESERVE_45D,0.5744,625.79
MANDATORY_STRESS,1.15,1.1,1,3,true,4,BASE_CRITICAL_SERVICE;RESERVE_45D,0.6762,454.7
MANDATORY_STRESS,1.15,1.1,0.9,3,true,4,BASE_CRITICAL_SERVICE;RESERVE_45D,0.6762,464.07
MANDATORY_STRESS,1.15,1.1,0.8,3,true,4,BASE_CRITICAL_SERVICE;RESERVE_45D,0.6762,473.43
MANDATORY_STRESS,1.15,1.1,0.7,3,true,4,BASE_CRITICAL_SERVICE;RESERVE_45D,0.6762,486.06
MANDATORY_STRESS,1.15,1.1,0.6,4,true,4,BASE_CRITICAL_SERVICE;RESERVE_45D,0.6762,501.93
MANDATORY_STRESS,1.15,1.1,0.5,5,true,4,BASE_CRITICAL_SERVICE;RESERVE_45D,0.6652,520.41
MANDATORY_STRESS,1.15,1.1,0.4,6,true,5,BASE_CRITICAL_SERVICE;RESERVE_45D,0.647,541.49
MANDATORY_STRESS,1.15,1.1,0.3,7,true,6,BASE_CRITICAL_SERVICE;RESERVE_45D,0.6289,562.56
MANDATORY_STRESS,1.15,1.1,0.2,8,true,6,BASE_CRITICAL_SERVICE;RESERVE_45D,0.6107,583.64
MANDATORY_STRESS,1.15,1.1,0.1,9,true,6,BASE_CRITICAL_SERVICE;RESERVE_45D,0.5925,604.72
MANDATORY_STRESS,1.15,1.1,0,10,true,6,BASE_CRITICAL_SERVICE;RESERVE_45D,0.5744,625.79
MANDATORY_STRESS,1.15,1.15,1,3,true,4,BASE_CRITICAL_SERVICE;RESERVE_45D,0.6762,454.7
MANDATORY_STRESS,1.15,1.15,0.9,3,true,4,BASE_CRITICAL_SERVICE;RESERVE_45D,0.6762,464.07
MANDATORY_STRESS,1.15,1.15,0.8,3,true,4,BASE_CRITICAL_SERVICE;RESERVE_45D,0.6762,473.43
MANDATORY_STRESS,1.15,1.15,0.7,3,true,4,BASE_CRITICAL_SERVICE;RESERVE_45D,0.6762,486.06
MANDATORY_STRESS,1.15,1.15,0.6,4,true,4,BASE_CRITICAL_SERVICE;RESERVE_45D,0.6762,501.93
MANDATORY_STRESS,1.15,1.15,0.5,5,true,4,BASE_CRITICAL_SERVICE;RESERVE_45D,0.6652,520.41
MANDATORY_STRESS,1.15,1.15,0.4,6,true,5,BASE_CRITICAL_SERVICE;RESERVE_45D,0.647,541.49
MANDATORY_STRESS,1.15,1.15,0.3,7,true,6,BASE_CRITICAL_SERVICE;RESERVE_45D,0.6289,562.56
MANDATORY_STRESS,1.15,1.15,0.2,8,true,6,BASE_CRITICAL_SERVICE;RESERVE_45D,0.6107,583.64
MANDATORY_STRESS,1.15,1.15,0.1,9,true,6,BASE_CRITICAL_SERVICE;RESERVE_45D,0.5925,604.72
MANDATORY_STRESS,1.15,1.15,0,10,true,6,BASE_CRITICAL_SERVICE;RESERVE_45D,0.5744,625.79
MANDATORY_STRESS,1.15,1.2,1,4,true,4,BASE_CRITICAL_SERVICE;RESERVE_45D,0.6762,454.7
MANDATORY_STRESS,1.15,1.2,0.9,4,true,4,BASE_CRITICAL_SERVICE;RESERVE_45D,0.6762,464.07
MANDATORY_STRESS,1.15,1.2,0.8,4,true,4,BASE_CRITICAL_SERVICE;RESERVE_45D,0.6762,473.43
MANDATORY_STRESS,1.15,1.2,0.7,4,true,4,BASE_CRITICAL_SERVICE;RESERVE_45D,0.6762,486.06
MANDATORY_STRESS,1.15,1.2,0.6,4,true,4,BASE_CRITICAL_SERVICE;RESERVE_45D,0.6762,501.93
MANDATORY_STRESS,1.15,1.2,0.5,5,true,4,BASE_CRITICAL_SERVICE;RESERVE_45D,0.6652,520.41
MANDATORY_STRESS,1.15,1.2,0.4,6,true,5,BASE_CRITICAL_SERVICE;RESERVE_45D,0.647,541.49
MANDATORY_STRESS,1.15,1.2,0.3,7,true,6,BASE_CRITICAL_SERVICE;RESERVE_45D,0.6289,562.56
MANDATORY_STRESS,1.15,1.2,0.2,8,true,6,BASE_CRITICAL_SERVICE;RESERVE_45D,0.6107,583.64
MANDATORY_STRESS,1.15,1.2,0.1,9,true,6,BASE_CRITICAL_SERVICE;RESERVE_45D,0.5925,604.72
MANDATORY_STRESS,1.15,1.2,0,10,true,6,BASE_CRITICAL_SERVICE;RESERVE_45D,0.5744,625.79
MANDATORY_STRESS,1.15,1.25,1,5,true,4,BASE_CRITICAL_SERVICE;RESERVE_45D,0.6762,454.7
MANDATORY_STRESS,1.15,1.25,0.9,5,true,4,BASE_CRITICAL_SERVICE;RESERVE_45D,0.6762,464.07
MANDATORY_STRESS,1.15,1.25,0.8,5,true,4,BASE_CRITICAL_SERVICE;RESERVE_45D,0.6762,473.43
MANDATORY_STRESS,1.15,1.25,0.7,5,true,4,BASE_CRITICAL_SERVICE;RESERVE_45D,0.6762,486.06
MANDATORY_STRESS,1.15,1.25,0.6,5,true,4,BASE_CRITICAL_SERVICE;RESERVE_45D,0.6762,501.93
MANDATORY_STRESS,1.15,1.25,0.5,5,true,4,BASE_CRITICAL_SERVICE;RESERVE_45D,0.6652,520.41
MANDATORY_STRESS,1.15,1.25,0.4,6,true,5,BASE_CRITICAL_SERVICE;RESERVE_45D,0.647,541.49
MANDATORY_STRESS,1.15,1.25,0.3,7,true,6,BASE_CRITICAL_SERVICE;RESERVE_45D,0.6289,562.56
MANDATORY_STRESS,1.15,1.25,0.2,8,true,6,BASE_CRITICAL_SERVICE;RESERVE_45D,0.6107,583.64
MANDATORY_STRESS,1.15,1.25,0.1,9,true,6,BASE_CRITICAL_SERVICE;RESERVE_45D,0.5925,604.72
MANDATORY_STRESS,1.15,1.25,0,10,true,6,BASE_CRITICAL_SERVICE;RESERVE_45D,0.5744,625.79
MANDATORY_STRESS,1.15,1.3,1,6,true,4,BASE_CRITICAL_SERVICE;RESERVE_45D,0.6762,454.7
MANDATORY_STRESS,1.15,1.3,0.9,6,true,4,BASE_CRITICAL_SERVICE;RESERVE_45D,0.6762,464.07
MANDATORY_STRESS,1.15,1.3,0.8,6,true,4,BASE_CRITICAL_SERVICE;RESERVE_45D,0.6762,473.43
MANDATORY_STRESS,1.15,1.3,0.7,6,true,4,BASE_CRITICAL_SERVICE;RESERVE_45D,0.6762,486.06
MANDATORY_STRESS,1.15,1.3,0.6,6,true,4,BASE_CRITICAL_SERVICE;RESERVE_45D,0.6762,501.93
MANDATORY_STRESS,1.15,1.3,0.5,6,true,4,BASE_CRITICAL_SERVICE;RESERVE_45D,0.6652,520.41
MANDATORY_STRESS,1.15,1.3,0.4,6,true,5,BASE_CRITICAL_SERVICE;RESERVE_45D,0.647,541.49
MANDATORY_STRESS,1.15,1.3,0.3,7,true,6,BASE_CRITICAL_SERVICE;RESERVE_45D,0.6289,562.56
MANDATORY_STRESS,1.15,1.3,0.2,8,true,6,BASE_CRITICAL_SERVICE;RESERVE_45D,0.6107,583.64
MANDATORY_STRESS,1.15,1.3,0.1,9,true,6,BASE_CRITICAL_SERVICE;RESERVE_45D,0.5925,604.72
MANDATORY_STRESS,1.15,1.3,0,10,true,6,BASE_CRITICAL_SERVICE;RESERVE_45D,0.5744,625.79
MANDATORY_STRESS,1.15,1.35,1,7,true,4,BASE_CRITICAL_SERVICE;RESERVE_45D,0.6762,454.7
MANDATORY_STRESS,1.15,1.35,0.9,7,true,4,BASE_CRITICAL_SERVICE;RESERVE_45D,0.6762,464.07
MANDATORY_STRESS,1.15,1.35,0.8,7,true,4,BASE_CRITICAL_SERVICE;RESERVE_45D,0.6762,473.43
MANDATORY_STRESS,1.15,1.35,0.7,7,true,4,BASE_CRITICAL_SERVICE;RESERVE_45D,0.6762,486.06
MANDATORY_STRESS,1.15,1.35,0.6,7,true,4,BASE_CRITICAL_SERVICE;RESERVE_45D,0.6762,501.93
MANDATORY_STRESS,1.15,1.35,0.5,7,true,4,BASE_CRITICAL_SERVICE;RESERVE_45D,0.6652,520.41
MANDATORY_STRESS,1.15,1.35,0.4,7,true,5,BASE_CRITICAL_SERVICE;RESERVE_45D,0.647,541.49
MANDATORY_STRESS,1.15,1.35,0.3,7,true,6,BASE_CRITICAL_SERVICE;RESERVE_45D,0.6289,562.56
MANDATORY_STRESS,1.15,1.35,0.2,8,true,6,BASE_CRITICAL_SERVICE;RESERVE_45D,0.6107,583.64
MANDATORY_STRESS,1.15,1.35,0.1,9,true,6,BASE_CRITICAL_SERVICE;RESERVE_45D,0.5925,604.72
MANDATORY_STRESS,1.15,1.35,0,10,true,6,BASE_CRITICAL_SERVICE;RESERVE_45D,0.5744,625.79
MANDATORY_STRESS,1.15,1.4,1,8,true,4,BASE_CRITICAL_SERVICE;RESERVE_45D,0.6762,454.7
MANDATORY_STRESS,1.15,1.4,0.9,8,true,4,BASE_CRITICAL_SERVICE;RESERVE_45D,0.6762,464.07
MANDATORY_STRESS,1.15,1.4,0.8,8,true,4,BASE_CRITICAL_SERVICE;RESERVE_45D,0.6762,473.43
MANDATORY_STRESS,1.15,1.4,0.7,8,true,4,BASE_CRITICAL_SERVICE;RESERVE_45D,0.6762,486.06
MANDATORY_STRESS,1.15,1.4,0.6,8,true,4,BASE_CRITICAL_SERVICE;RESERVE_45D,0.6762,501.93
MANDATORY_STRESS,1.15,1.4,0.5,8,true,4,BASE_CRITICAL_SERVICE;RESERVE_45D,0.6652,520.41
MANDATORY_STRESS,1.15,1.4,0.4,8,true,5,BASE_CRITICAL_SERVICE;RESERVE_45D,0.647,541.49
MANDATORY_STRESS,1.15,1.4,0.3,8,true,6,BASE_CRITICAL_SERVICE;RESERVE_45D,0.6289,562.56
MANDATORY_STRESS,1.15,1.4,0.2,8,true,6,BASE_CRITICAL_SERVICE;RESERVE_45D,0.6107,583.64
MANDATORY_STRESS,1.15,1.4,0.1,9,true,6,BASE_CRITICAL_SERVICE;RESERVE_45D,0.5925,604.72
MANDATORY_STRESS,1.15,1.4,0,10,true,6,BASE_CRITICAL_SERVICE;RESERVE_45D,0.5744,625.79
MANDATORY_STRESS,1.15,1.45,1,9,true,4,BASE_CRITICAL_SERVICE;RESERVE_45D,0.6762,454.7
MANDATORY_STRESS,1.15,1.45,0.9,9,true,4,BASE_CRITICAL_SERVICE;RESERVE_45D,0.6762,464.07
MANDATORY_STRESS,1.15,1.45,0.8,9,true,4,BASE_CRITICAL_SERVICE;RESERVE_45D,0.6762,473.43
MANDATORY_STRESS,1.15,1.45,0.7,9,true,4,BASE_CRITICAL_SERVICE;RESERVE_45D,0.6762,486.06
MANDATORY_STRESS,1.15,1.45,0.6,9,true,4,BASE_CRITICAL_SERVICE;RESERVE_45D,0.6762,501.93
MANDATORY_STRESS,1.15,1.45,0.5,9,true,4,BASE_CRITICAL_SERVICE;RESERVE_45D,0.6652,520.41
MANDATORY_STRESS,1.15,1.45,0.4,9,true,5,BASE_CRITICAL_SERVICE;RESERVE_45D,0.647,541.49
MANDATORY_STRESS,1.15,1.45,0.3,9,true,6,BASE_CRITICAL_SERVICE;RESERVE_45D,0.6289,562.56
MANDATORY_STRESS,1.15,1.45,0.2,9,true,6,BASE_CRITICAL_SERVICE;RESERVE_45D,0.6107,583.64
MANDATORY_STRESS,1.15,1.45,0.1,9,true,6,BASE_CRITICAL_SERVICE;RESERVE_45D,0.5925,604.72
MANDATORY_STRESS,1.15,1.45,0,10,true,6,BASE_CRITICAL_SERVICE;RESERVE_45D,0.5744,625.79
MANDATORY_STRESS,1.15,1.5,1,10,true,4,BASE_CRITICAL_SERVICE;RESERVE_45D,0.6762,454.7
MANDATORY_STRESS,1.15,1.5,0.9,10,true,4,BASE_CRITICAL_SERVICE;RESERVE_45D,0.6762,464.07
MANDATORY_STRESS,1.15,1.5,0.8,10,true,4,BASE_CRITICAL_SERVICE;RESERVE_45D,0.6762,473.43
MANDATORY_STRESS,1.15,1.5,0.7,10,true,4,BASE_CRITICAL_SERVICE;RESERVE_45D,0.6762,486.06
MANDATORY_STRESS,1.15,1.5,0.6,10,true,4,BASE_CRITICAL_SERVICE;RESERVE_45D,0.6762,501.93
MANDATORY_STRESS,1.15,1.5,0.5,10,true,4,BASE_CRITICAL_SERVICE;RESERVE_45D,0.6652,520.41
MANDATORY_STRESS,1.15,1.5,0.4,10,true,5,BASE_CRITICAL_SERVICE;RESERVE_45D,0.647,541.49
MANDATORY_STRESS,1.15,1.5,0.3,10,true,6,BASE_CRITICAL_SERVICE;RESERVE_45D,0.6289,562.56
MANDATORY_STRESS,1.15,1.5,0.2,10,true,6,BASE_CRITICAL_SERVICE;RESERVE_45D,0.6107,583.64
MANDATORY_STRESS,1.15,1.5,0.1,10,true,6,BASE_CRITICAL_SERVICE;RESERVE_45D,0.5925,604.72
MANDATORY_STRESS,1.15,1.5,0,10,true,6,BASE_CRITICAL_SERVICE;RESERVE_45D,0.5744,625.79
MANDATORY_STRESS,1.2,1,1,4,true,4,BASE_CRITICAL_SERVICE;RESERVE_45D,0.6481,531.4
MANDATORY_STRESS,1.2,1,0.9,4,true,4,BASE_CRITICAL_SERVICE;RESERVE_45D,0.6481,540.77
MANDATORY_STRESS,1.2,1,0.8,4,true,4,BASE_CRITICAL_SERVICE;RESERVE_45D,0.6481,550.13
MANDATORY_STRESS,1.2,1,0.7,4,true,4,BASE_CRITICAL_SERVICE;RESERVE_45D,0.6481,562.76
MANDATORY_STRESS,1.2,1,0.6,4,true,5,BASE_CRITICAL_SERVICE;RESERVE_45D,0.6481,578.63
MANDATORY_STRESS,1.2,1,0.5,5,true,5,BASE_CRITICAL_SERVICE;RESERVE_45D,0.6375,597.11
MANDATORY_STRESS,1.2,1,0.4,6,true,6,BASE_CRITICAL_SERVICE;RESERVE_45D,0.6201,618.19
MANDATORY_STRESS,1.2,1,0.3,7,true,6,BASE_CRITICAL_SERVICE;RESERVE_45D,0.6027,639.26
MANDATORY_STRESS,1.2,1,0.2,8,true,6,BASE_CRITICAL_SERVICE;RESERVE_45D,0.5853,660.34
MANDATORY_STRESS,1.2,1,0.1,9,true,6,BASE_CRITICAL_SERVICE;RESERVE_45D,0.5679,681.42
MANDATORY_STRESS,1.2,1,0,10,true,6,BASE_CRITICAL_SERVICE;RESERVE_45D,0.5505,702.49
MANDATORY_STRESS,1.2,1.05,1,4,true,4,BASE_CRITICAL_SERVICE;RESERVE_45D,0.6481,531.4
MANDATORY_STRESS,1.2,1.05,0.9,4,true,4,BASE_CRITICAL_SERVICE;RESERVE_45D,0.6481,540.77
MANDATORY_STRESS,1.2,1.05,0.8,4,true,4,BASE_CRITICAL_SERVICE;RESERVE_45D,0.6481,550.13
MANDATORY_STRESS,1.2,1.05,0.7,4,true,4,BASE_CRITICAL_SERVICE;RESERVE_45D,0.6481,562.76
MANDATORY_STRESS,1.2,1.05,0.6,4,true,5,BASE_CRITICAL_SERVICE;RESERVE_45D,0.6481,578.63
MANDATORY_STRESS,1.2,1.05,0.5,5,true,5,BASE_CRITICAL_SERVICE;RESERVE_45D,0.6375,597.11
MANDATORY_STRESS,1.2,1.05,0.4,6,true,6,BASE_CRITICAL_SERVICE;RESERVE_45D,0.6201,618.19
MANDATORY_STRESS,1.2,1.05,0.3,7,true,6,BASE_CRITICAL_SERVICE;RESERVE_45D,0.6027,639.26
MANDATORY_STRESS,1.2,1.05,0.2,8,true,6,BASE_CRITICAL_SERVICE;RESERVE_45D,0.5853,660.34
MANDATORY_STRESS,1.2,1.05,0.1,9,true,6,BASE_CRITICAL_SERVICE;RESERVE_45D,0.5679,681.42
MANDATORY_STRESS,1.2,1.05,0,10,true,6,BASE_CRITICAL_SERVICE;RESERVE_45D,0.5505,702.49
MANDATORY_STRESS,1.2,1.1,1,4,true,4,BASE_CRITICAL_SERVICE;RESERVE_45D,0.6481,531.4
MANDATORY_STRESS,1.2,1.1,0.9,4,true,4,BASE_CRITICAL_SERVICE;RESERVE_45D,0.6481,540.77
MANDATORY_STRESS,1.2,1.1,0.8,4,true,4,BASE_CRITICAL_SERVICE;RESERVE_45D,0.6481,550.13
MANDATORY_STRESS,1.2,1.1,0.7,4,true,4,BASE_CRITICAL_SERVICE;RESERVE_45D,0.6481,562.76
MANDATORY_STRESS,1.2,1.1,0.6,4,true,5,BASE_CRITICAL_SERVICE;RESERVE_45D,0.6481,578.63
MANDATORY_STRESS,1.2,1.1,0.5,5,true,5,BASE_CRITICAL_SERVICE;RESERVE_45D,0.6375,597.11
MANDATORY_STRESS,1.2,1.1,0.4,6,true,6,BASE_CRITICAL_SERVICE;RESERVE_45D,0.6201,618.19
MANDATORY_STRESS,1.2,1.1,0.3,7,true,6,BASE_CRITICAL_SERVICE;RESERVE_45D,0.6027,639.26
MANDATORY_STRESS,1.2,1.1,0.2,8,true,6,BASE_CRITICAL_SERVICE;RESERVE_45D,0.5853,660.34
MANDATORY_STRESS,1.2,1.1,0.1,9,true,6,BASE_CRITICAL_SERVICE;RESERVE_45D,0.5679,681.42
MANDATORY_STRESS,1.2,1.1,0,10,true,6,BASE_CRITICAL_SERVICE;RESERVE_45D,0.5505,702.49
MANDATORY_STRESS,1.2,1.15,1,4,true,4,BASE_CRITICAL_SERVICE;RESERVE_45D,0.6481,531.4
MANDATORY_STRESS,1.2,1.15,0.9,4,true,4,BASE_CRITICAL_SERVICE;RESERVE_45D,0.6481,540.77
MANDATORY_STRESS,1.2,1.15,0.8,4,true,4,BASE_CRITICAL_SERVICE;RESERVE_45D,0.6481,550.13
MANDATORY_STRESS,1.2,1.15,0.7,4,true,4,BASE_CRITICAL_SERVICE;RESERVE_45D,0.6481,562.76
MANDATORY_STRESS,1.2,1.15,0.6,4,true,5,BASE_CRITICAL_SERVICE;RESERVE_45D,0.6481,578.63
MANDATORY_STRESS,1.2,1.15,0.5,5,true,5,BASE_CRITICAL_SERVICE;RESERVE_45D,0.6375,597.11
MANDATORY_STRESS,1.2,1.15,0.4,6,true,6,BASE_CRITICAL_SERVICE;RESERVE_45D,0.6201,618.19
MANDATORY_STRESS,1.2,1.15,0.3,7,true,6,BASE_CRITICAL_SERVICE;RESERVE_45D,0.6027,639.26
MANDATORY_STRESS,1.2,1.15,0.2,8,true,6,BASE_CRITICAL_SERVICE;RESERVE_45D,0.5853,660.34
MANDATORY_STRESS,1.2,1.15,0.1,9,true,6,BASE_CRITICAL_SERVICE;RESERVE_45D,0.5679,681.42
MANDATORY_STRESS,1.2,1.15,0,10,true,6,BASE_CRITICAL_SERVICE;RESERVE_45D,0.5505,702.49
MANDATORY_STRESS,1.2,1.2,1,4,true,4,BASE_CRITICAL_SERVICE;RESERVE_45D,0.6481,531.4
MANDATORY_STRESS,1.2,1.2,0.9,4,true,4,BASE_CRITICAL_SERVICE;RESERVE_45D,0.6481,540.77
MANDATORY_STRESS,1.2,1.2,0.8,4,true,4,BASE_CRITICAL_SERVICE;RESERVE_45D,0.6481,550.13
MANDATORY_STRESS,1.2,1.2,0.7,4,true,4,BASE_CRITICAL_SERVICE;RESERVE_45D,0.6481,562.76
MANDATORY_STRESS,1.2,1.2,0.6,4,true,5,BASE_CRITICAL_SERVICE;RESERVE_45D,0.6481,578.63
MANDATORY_STRESS,1.2,1.2,0.5,5,true,5,BASE_CRITICAL_SERVICE;RESERVE_45D,0.6375,597.11
MANDATORY_STRESS,1.2,1.2,0.4,6,true,6,BASE_CRITICAL_SERVICE;RESERVE_45D,0.6201,618.19
MANDATORY_STRESS,1.2,1.2,0.3,7,true,6,BASE_CRITICAL_SERVICE;RESERVE_45D,0.6027,639.26
MANDATORY_STRESS,1.2,1.2,0.2,8,true,6,BASE_CRITICAL_SERVICE;RESERVE_45D,0.5853,660.34
MANDATORY_STRESS,1.2,1.2,0.1,9,true,6,BASE_CRITICAL_SERVICE;RESERVE_45D,0.5679,681.42
MANDATORY_STRESS,1.2,1.2,0,10,true,6,BASE_CRITICAL_SERVICE;RESERVE_45D,0.5505,702.49
MANDATORY_STRESS,1.2,1.25,1,5,true,4,BASE_CRITICAL_SERVICE;RESERVE_45D,0.6481,531.4
MANDATORY_STRESS,1.2,1.25,0.9,5,true,4,BASE_CRITICAL_SERVICE;RESERVE_45D,0.6481,540.77
MANDATORY_STRESS,1.2,1.25,0.8,5,true,4,BASE_CRITICAL_SERVICE;RESERVE_45D,0.6481,550.13
MANDATORY_STRESS,1.2,1.25,0.7,5,true,4,BASE_CRITICAL_SERVICE;RESERVE_45D,0.6481,562.76
MANDATORY_STRESS,1.2,1.25,0.6,5,true,5,BASE_CRITICAL_SERVICE;RESERVE_45D,0.6481,578.63
MANDATORY_STRESS,1.2,1.25,0.5,5,true,5,BASE_CRITICAL_SERVICE;RESERVE_45D,0.6375,597.11
MANDATORY_STRESS,1.2,1.25,0.4,6,true,6,BASE_CRITICAL_SERVICE;RESERVE_45D,0.6201,618.19
MANDATORY_STRESS,1.2,1.25,0.3,7,true,6,BASE_CRITICAL_SERVICE;RESERVE_45D,0.6027,639.26
MANDATORY_STRESS,1.2,1.25,0.2,8,true,6,BASE_CRITICAL_SERVICE;RESERVE_45D,0.5853,660.34
MANDATORY_STRESS,1.2,1.25,0.1,9,true,6,BASE_CRITICAL_SERVICE;RESERVE_45D,0.5679,681.42
MANDATORY_STRESS,1.2,1.25,0,10,true,6,BASE_CRITICAL_SERVICE;RESERVE_45D,0.5505,702.49
MANDATORY_STRESS,1.2,1.3,1,6,true,4,BASE_CRITICAL_SERVICE;RESERVE_45D,0.6481,531.4
MANDATORY_STRESS,1.2,1.3,0.9,6,true,4,BASE_CRITICAL_SERVICE;RESERVE_45D,0.6481,540.77
MANDATORY_STRESS,1.2,1.3,0.8,6,true,4,BASE_CRITICAL_SERVICE;RESERVE_45D,0.6481,550.13
MANDATORY_STRESS,1.2,1.3,0.7,6,true,4,BASE_CRITICAL_SERVICE;RESERVE_45D,0.6481,562.76
MANDATORY_STRESS,1.2,1.3,0.6,6,true,5,BASE_CRITICAL_SERVICE;RESERVE_45D,0.6481,578.63
MANDATORY_STRESS,1.2,1.3,0.5,6,true,5,BASE_CRITICAL_SERVICE;RESERVE_45D,0.6375,597.11
MANDATORY_STRESS,1.2,1.3,0.4,6,true,6,BASE_CRITICAL_SERVICE;RESERVE_45D,0.6201,618.19
MANDATORY_STRESS,1.2,1.3,0.3,7,true,6,BASE_CRITICAL_SERVICE;RESERVE_45D,0.6027,639.26
MANDATORY_STRESS,1.2,1.3,0.2,8,true,6,BASE_CRITICAL_SERVICE;RESERVE_45D,0.5853,660.34
MANDATORY_STRESS,1.2,1.3,0.1,9,true,6,BASE_CRITICAL_SERVICE;RESERVE_45D,0.5679,681.42
MANDATORY_STRESS,1.2,1.3,0,10,true,6,BASE_CRITICAL_SERVICE;RESERVE_45D,0.5505,702.49
MANDATORY_STRESS,1.2,1.35,1,7,true,4,BASE_CRITICAL_SERVICE;RESERVE_45D,0.6481,531.4
MANDATORY_STRESS,1.2,1.35,0.9,7,true,4,BASE_CRITICAL_SERVICE;RESERVE_45D,0.6481,540.77
MANDATORY_STRESS,1.2,1.35,0.8,7,true,4,BASE_CRITICAL_SERVICE;RESERVE_45D,0.6481,550.13
MANDATORY_STRESS,1.2,1.35,0.7,7,true,4,BASE_CRITICAL_SERVICE;RESERVE_45D,0.6481,562.76
MANDATORY_STRESS,1.2,1.35,0.6,7,true,5,BASE_CRITICAL_SERVICE;RESERVE_45D,0.6481,578.63
MANDATORY_STRESS,1.2,1.35,0.5,7,true,5,BASE_CRITICAL_SERVICE;RESERVE_45D,0.6375,597.11
MANDATORY_STRESS,1.2,1.35,0.4,7,true,6,BASE_CRITICAL_SERVICE;RESERVE_45D,0.6201,618.19
MANDATORY_STRESS,1.2,1.35,0.3,7,true,6,BASE_CRITICAL_SERVICE;RESERVE_45D,0.6027,639.26
MANDATORY_STRESS,1.2,1.35,0.2,8,true,6,BASE_CRITICAL_SERVICE;RESERVE_45D,0.5853,660.34
MANDATORY_STRESS,1.2,1.35,0.1,9,true,6,BASE_CRITICAL_SERVICE;RESERVE_45D,0.5679,681.42
MANDATORY_STRESS,1.2,1.35,0,10,true,6,BASE_CRITICAL_SERVICE;RESERVE_45D,0.5505,702.49
MANDATORY_STRESS,1.2,1.4,1,8,true,4,BASE_CRITICAL_SERVICE;RESERVE_45D,0.6481,531.4
MANDATORY_STRESS,1.2,1.4,0.9,8,true,4,BASE_CRITICAL_SERVICE;RESERVE_45D,0.6481,540.77
MANDATORY_STRESS,1.2,1.4,0.8,8,true,4,BASE_CRITICAL_SERVICE;RESERVE_45D,0.6481,550.13
MANDATORY_STRESS,1.2,1.4,0.7,8,true,4,BASE_CRITICAL_SERVICE;RESERVE_45D,0.6481,562.76
MANDATORY_STRESS,1.2,1.4,0.6,8,true,5,BASE_CRITICAL_SERVICE;RESERVE_45D,0.6481,578.63
MANDATORY_STRESS,1.2,1.4,0.5,8,true,5,BASE_CRITICAL_SERVICE;RESERVE_45D,0.6375,597.11
MANDATORY_STRESS,1.2,1.4,0.4,8,true,6,BASE_CRITICAL_SERVICE;RESERVE_45D,0.6201,618.19
MANDATORY_STRESS,1.2,1.4,0.3,8,true,6,BASE_CRITICAL_SERVICE;RESERVE_45D,0.6027,639.26
MANDATORY_STRESS,1.2,1.4,0.2,8,true,6,BASE_CRITICAL_SERVICE;RESERVE_45D,0.5853,660.34
MANDATORY_STRESS,1.2,1.4,0.1,9,true,6,BASE_CRITICAL_SERVICE;RESERVE_45D,0.5679,681.42
MANDATORY_STRESS,1.2,1.4,0,10,true,6,BASE_CRITICAL_SERVICE;RESERVE_45D,0.5505,702.49
MANDATORY_STRESS,1.2,1.45,1,9,true,4,BASE_CRITICAL_SERVICE;RESERVE_45D,0.6481,531.4
MANDATORY_STRESS,1.2,1.45,0.9,9,true,4,BASE_CRITICAL_SERVICE;RESERVE_45D,0.6481,540.77
MANDATORY_STRESS,1.2,1.45,0.8,9,true,4,BASE_CRITICAL_SERVICE;RESERVE_45D,0.6481,550.13
MANDATORY_STRESS,1.2,1.45,0.7,9,true,4,BASE_CRITICAL_SERVICE;RESERVE_45D,0.6481,562.76
MANDATORY_STRESS,1.2,1.45,0.6,9,true,5,BASE_CRITICAL_SERVICE;RESERVE_45D,0.6481,578.63
MANDATORY_STRESS,1.2,1.45,0.5,9,true,5,BASE_CRITICAL_SERVICE;RESERVE_45D,0.6375,597.11
MANDATORY_STRESS,1.2,1.45,0.4,9,true,6,BASE_CRITICAL_SERVICE;RESERVE_45D,0.6201,618.19
MANDATORY_STRESS,1.2,1.45,0.3,9,true,6,BASE_CRITICAL_SERVICE;RESERVE_45D,0.6027,639.26
MANDATORY_STRESS,1.2,1.45,0.2,9,true,6,BASE_CRITICAL_SERVICE;RESERVE_45D,0.5853,660.34
MANDATORY_STRESS,1.2,1.45,0.1,9,true,6,BASE_CRITICAL_SERVICE;RESERVE_45D,0.5679,681.42
MANDATORY_STRESS,1.2,1.45,0,10,true,6,BASE_CRITICAL_SERVICE;RESERVE_45D,0.5505,702.49
MANDATORY_STRESS,1.2,1.5,1,10,true,4,BASE_CRITICAL_SERVICE;RESERVE_45D,0.6481,531.4
MANDATORY_STRESS,1.2,1.5,0.9,10,true,4,BASE_CRITICAL_SERVICE;RESERVE_45D,0.6481,540.77
MANDATORY_STRESS,1.2,1.5,0.8,10,true,4,BASE_CRITICAL_SERVICE;RESERVE_45D,0.6481,550.13
MANDATORY_STRESS,1.2,1.5,0.7,10,true,4,BASE_CRITICAL_SERVICE;RESERVE_45D,0.6481,562.76
MANDATORY_STRESS,1.2,1.5,0.6,10,true,5,BASE_CRITICAL_SERVICE;RESERVE_45D,0.6481,578.63
MANDATORY_STRESS,1.2,1.5,0.5,10,true,5,BASE_CRITICAL_SERVICE;RESERVE_45D,0.6375,597.11
MANDATORY_STRESS,1.2,1.5,0.4,10,true,6,BASE_CRITICAL_SERVICE;RESERVE_45D,0.6201,618.19
MANDATORY_STRESS,1.2,1.5,0.3,10,true,6,BASE_CRITICAL_SERVICE;RESERVE_45D,0.6027,639.26
MANDATORY_STRESS,1.2,1.5,0.2,10,true,6,BASE_CRITICAL_SERVICE;RESERVE_45D,0.5853,660.34
MANDATORY_STRESS,1.2,1.5,0.1,10,true,6,BASE_CRITICAL_SERVICE;RESERVE_45D,0.5679,681.42
MANDATORY_STRESS,1.2,1.5,0,10,true,6,BASE_CRITICAL_SERVICE;RESERVE_45D,0.5505,702.49
MANDATORY_STRESS,1.25,1,1,5,true,4,BASE_CRITICAL_SERVICE;RESERVE_45D,0.6221,608.1
MANDATORY_STRESS,1.25,1,0.9,5,true,4,BASE_CRITICAL_SERVICE;RESERVE_45D,0.6221,617.47
MANDATORY_STRESS,1.25,1,0.8,5,true,4,BASE_CRITICAL_SERVICE;RESERVE_45D,0.6221,626.83
MANDATORY_STRESS,1.25,1,0.7,5,true,5,BASE_CRITICAL_SERVICE;RESERVE_45D,0.6221,639.46
MANDATORY_STRESS,1.25,1,0.6,5,true,6,BASE_CRITICAL_SERVICE;RESERVE_45D,0.6221,655.33
MANDATORY_STRESS,1.25,1,0.5,5,true,6,BASE_CRITICAL_SERVICE;RESERVE_45D,0.612,673.81
MANDATORY_STRESS,1.25,1,0.4,6,true,6,BASE_CRITICAL_SERVICE;RESERVE_45D,0.5953,694.89
MANDATORY_STRESS,1.25,1,0.3,7,true,6,BASE_CRITICAL_SERVICE;RESERVE_45D,0.5786,715.96
MANDATORY_STRESS,1.25,1,0.2,8,true,6,BASE_CRITICAL_SERVICE;RESERVE_45D,0.5619,737.04
MANDATORY_STRESS,1.25,1,0.1,9,true,6,BASE_CRITICAL_SERVICE;RESERVE_45D,0.5451,758.12
MANDATORY_STRESS,1.25,1,0,10,true,6,BASE_CRITICAL_SERVICE;RESERVE_45D,0.5284,779.19
MANDATORY_STRESS,1.25,1.05,1,5,true,4,BASE_CRITICAL_SERVICE;RESERVE_45D,0.6221,608.1
MANDATORY_STRESS,1.25,1.05,0.9,5,true,4,BASE_CRITICAL_SERVICE;RESERVE_45D,0.6221,617.47
MANDATORY_STRESS,1.25,1.05,0.8,5,true,4,BASE_CRITICAL_SERVICE;RESERVE_45D,0.6221,626.83
MANDATORY_STRESS,1.25,1.05,0.7,5,true,5,BASE_CRITICAL_SERVICE;RESERVE_45D,0.6221,639.46
MANDATORY_STRESS,1.25,1.05,0.6,5,true,6,BASE_CRITICAL_SERVICE;RESERVE_45D,0.6221,655.33
MANDATORY_STRESS,1.25,1.05,0.5,5,true,6,BASE_CRITICAL_SERVICE;RESERVE_45D,0.612,673.81
MANDATORY_STRESS,1.25,1.05,0.4,6,true,6,BASE_CRITICAL_SERVICE;RESERVE_45D,0.5953,694.89
MANDATORY_STRESS,1.25,1.05,0.3,7,true,6,BASE_CRITICAL_SERVICE;RESERVE_45D,0.5786,715.96
MANDATORY_STRESS,1.25,1.05,0.2,8,true,6,BASE_CRITICAL_SERVICE;RESERVE_45D,0.5619,737.04
MANDATORY_STRESS,1.25,1.05,0.1,9,true,6,BASE_CRITICAL_SERVICE;RESERVE_45D,0.5451,758.12
MANDATORY_STRESS,1.25,1.05,0,10,true,6,BASE_CRITICAL_SERVICE;RESERVE_45D,0.5284,779.19
MANDATORY_STRESS,1.25,1.1,1,5,true,4,BASE_CRITICAL_SERVICE;RESERVE_45D,0.6221,608.1
MANDATORY_STRESS,1.25,1.1,0.9,5,true,4,BASE_CRITICAL_SERVICE;RESERVE_45D,0.6221,617.47
MANDATORY_STRESS,1.25,1.1,0.8,5,true,4,BASE_CRITICAL_SERVICE;RESERVE_45D,0.6221,626.83
MANDATORY_STRESS,1.25,1.1,0.7,5,true,5,BASE_CRITICAL_SERVICE;RESERVE_45D,0.6221,639.46
MANDATORY_STRESS,1.25,1.1,0.6,5,true,6,BASE_CRITICAL_SERVICE;RESERVE_45D,0.6221,655.33
MANDATORY_STRESS,1.25,1.1,0.5,5,true,6,BASE_CRITICAL_SERVICE;RESERVE_45D,0.612,673.81
MANDATORY_STRESS,1.25,1.1,0.4,6,true,6,BASE_CRITICAL_SERVICE;RESERVE_45D,0.5953,694.89
MANDATORY_STRESS,1.25,1.1,0.3,7,true,6,BASE_CRITICAL_SERVICE;RESERVE_45D,0.5786,715.96
MANDATORY_STRESS,1.25,1.1,0.2,8,true,6,BASE_CRITICAL_SERVICE;RESERVE_45D,0.5619,737.04
MANDATORY_STRESS,1.25,1.1,0.1,9,true,6,BASE_CRITICAL_SERVICE;RESERVE_45D,0.5451,758.12
MANDATORY_STRESS,1.25,1.1,0,10,true,6,BASE_CRITICAL_SERVICE;RESERVE_45D,0.5284,779.19
MANDATORY_STRESS,1.25,1.15,1,5,true,4,BASE_CRITICAL_SERVICE;RESERVE_45D,0.6221,608.1
MANDATORY_STRESS,1.25,1.15,0.9,5,true,4,BASE_CRITICAL_SERVICE;RESERVE_45D,0.6221,617.47
MANDATORY_STRESS,1.25,1.15,0.8,5,true,4,BASE_CRITICAL_SERVICE;RESERVE_45D,0.6221,626.83
MANDATORY_STRESS,1.25,1.15,0.7,5,true,5,BASE_CRITICAL_SERVICE;RESERVE_45D,0.6221,639.46
MANDATORY_STRESS,1.25,1.15,0.6,5,true,6,BASE_CRITICAL_SERVICE;RESERVE_45D,0.6221,655.33
MANDATORY_STRESS,1.25,1.15,0.5,5,true,6,BASE_CRITICAL_SERVICE;RESERVE_45D,0.612,673.81
MANDATORY_STRESS,1.25,1.15,0.4,6,true,6,BASE_CRITICAL_SERVICE;RESERVE_45D,0.5953,694.89
MANDATORY_STRESS,1.25,1.15,0.3,7,true,6,BASE_CRITICAL_SERVICE;RESERVE_45D,0.5786,715.96
MANDATORY_STRESS,1.25,1.15,0.2,8,true,6,BASE_CRITICAL_SERVICE;RESERVE_45D,0.5619,737.04
MANDATORY_STRESS,1.25,1.15,0.1,9,true,6,BASE_CRITICAL_SERVICE;RESERVE_45D,0.5451,758.12
MANDATORY_STRESS,1.25,1.15,0,10,true,6,BASE_CRITICAL_SERVICE;RESERVE_45D,0.5284,779.19
MANDATORY_STRESS,1.25,1.2,1,5,true,4,BASE_CRITICAL_SERVICE;RESERVE_45D,0.6221,608.1
MANDATORY_STRESS,1.25,1.2,0.9,5,true,4,BASE_CRITICAL_SERVICE;RESERVE_45D,0.6221,617.47
MANDATORY_STRESS,1.25,1.2,0.8,5,true,4,BASE_CRITICAL_SERVICE;RESERVE_45D,0.6221,626.83
MANDATORY_STRESS,1.25,1.2,0.7,5,true,5,BASE_CRITICAL_SERVICE;RESERVE_45D,0.6221,639.46
MANDATORY_STRESS,1.25,1.2,0.6,5,true,6,BASE_CRITICAL_SERVICE;RESERVE_45D,0.6221,655.33
MANDATORY_STRESS,1.25,1.2,0.5,5,true,6,BASE_CRITICAL_SERVICE;RESERVE_45D,0.612,673.81
MANDATORY_STRESS,1.25,1.2,0.4,6,true,6,BASE_CRITICAL_SERVICE;RESERVE_45D,0.5953,694.89
MANDATORY_STRESS,1.25,1.2,0.3,7,true,6,BASE_CRITICAL_SERVICE;RESERVE_45D,0.5786,715.96
MANDATORY_STRESS,1.25,1.2,0.2,8,true,6,BASE_CRITICAL_SERVICE;RESERVE_45D,0.5619,737.04
MANDATORY_STRESS,1.25,1.2,0.1,9,true,6,BASE_CRITICAL_SERVICE;RESERVE_45D,0.5451,758.12
MANDATORY_STRESS,1.25,1.2,0,10,true,6,BASE_CRITICAL_SERVICE;RESERVE_45D,0.5284,779.19
MANDATORY_STRESS,1.25,1.25,1,5,true,4,BASE_CRITICAL_SERVICE;RESERVE_45D,0.6221,608.1
MANDATORY_STRESS,1.25,1.25,0.9,5,true,4,BASE_CRITICAL_SERVICE;RESERVE_45D,0.6221,617.47
MANDATORY_STRESS,1.25,1.25,0.8,5,true,4,BASE_CRITICAL_SERVICE;RESERVE_45D,0.6221,626.83
MANDATORY_STRESS,1.25,1.25,0.7,5,true,5,BASE_CRITICAL_SERVICE;RESERVE_45D,0.6221,639.46
MANDATORY_STRESS,1.25,1.25,0.6,5,true,6,BASE_CRITICAL_SERVICE;RESERVE_45D,0.6221,655.33
MANDATORY_STRESS,1.25,1.25,0.5,5,true,6,BASE_CRITICAL_SERVICE;RESERVE_45D,0.612,673.81
MANDATORY_STRESS,1.25,1.25,0.4,6,true,6,BASE_CRITICAL_SERVICE;RESERVE_45D,0.5953,694.89
MANDATORY_STRESS,1.25,1.25,0.3,7,true,6,BASE_CRITICAL_SERVICE;RESERVE_45D,0.5786,715.96
MANDATORY_STRESS,1.25,1.25,0.2,8,true,6,BASE_CRITICAL_SERVICE;RESERVE_45D,0.5619,737.04
MANDATORY_STRESS,1.25,1.25,0.1,9,true,6,BASE_CRITICAL_SERVICE;RESERVE_45D,0.5451,758.12
MANDATORY_STRESS,1.25,1.25,0,10,true,6,BASE_CRITICAL_SERVICE;RESERVE_45D,0.5284,779.19
MANDATORY_STRESS,1.25,1.3,1,6,true,4,BASE_CRITICAL_SERVICE;RESERVE_45D,0.6221,608.1
MANDATORY_STRESS,1.25,1.3,0.9,6,true,4,BASE_CRITICAL_SERVICE;RESERVE_45D,0.6221,617.47
MANDATORY_STRESS,1.25,1.3,0.8,6,true,4,BASE_CRITICAL_SERVICE;RESERVE_45D,0.6221,626.83
MANDATORY_STRESS,1.25,1.3,0.7,6,true,5,BASE_CRITICAL_SERVICE;RESERVE_45D,0.6221,639.46
MANDATORY_STRESS,1.25,1.3,0.6,6,true,6,BASE_CRITICAL_SERVICE;RESERVE_45D,0.6221,655.33
MANDATORY_STRESS,1.25,1.3,0.5,6,true,6,BASE_CRITICAL_SERVICE;RESERVE_45D,0.612,673.81
MANDATORY_STRESS,1.25,1.3,0.4,6,true,6,BASE_CRITICAL_SERVICE;RESERVE_45D,0.5953,694.89
MANDATORY_STRESS,1.25,1.3,0.3,7,true,6,BASE_CRITICAL_SERVICE;RESERVE_45D,0.5786,715.96
MANDATORY_STRESS,1.25,1.3,0.2,8,true,6,BASE_CRITICAL_SERVICE;RESERVE_45D,0.5619,737.04
MANDATORY_STRESS,1.25,1.3,0.1,9,true,6,BASE_CRITICAL_SERVICE;RESERVE_45D,0.5451,758.12
MANDATORY_STRESS,1.25,1.3,0,10,true,6,BASE_CRITICAL_SERVICE;RESERVE_45D,0.5284,779.19
MANDATORY_STRESS,1.25,1.35,1,7,true,4,BASE_CRITICAL_SERVICE;RESERVE_45D,0.6221,608.1
MANDATORY_STRESS,1.25,1.35,0.9,7,true,4,BASE_CRITICAL_SERVICE;RESERVE_45D,0.6221,617.47
MANDATORY_STRESS,1.25,1.35,0.8,7,true,4,BASE_CRITICAL_SERVICE;RESERVE_45D,0.6221,626.83
MANDATORY_STRESS,1.25,1.35,0.7,7,true,5,BASE_CRITICAL_SERVICE;RESERVE_45D,0.6221,639.46
MANDATORY_STRESS,1.25,1.35,0.6,7,true,6,BASE_CRITICAL_SERVICE;RESERVE_45D,0.6221,655.33
MANDATORY_STRESS,1.25,1.35,0.5,7,true,6,BASE_CRITICAL_SERVICE;RESERVE_45D,0.612,673.81
MANDATORY_STRESS,1.25,1.35,0.4,7,true,6,BASE_CRITICAL_SERVICE;RESERVE_45D,0.5953,694.89
MANDATORY_STRESS,1.25,1.35,0.3,7,true,6,BASE_CRITICAL_SERVICE;RESERVE_45D,0.5786,715.96
MANDATORY_STRESS,1.25,1.35,0.2,8,true,6,BASE_CRITICAL_SERVICE;RESERVE_45D,0.5619,737.04
MANDATORY_STRESS,1.25,1.35,0.1,9,true,6,BASE_CRITICAL_SERVICE;RESERVE_45D,0.5451,758.12
MANDATORY_STRESS,1.25,1.35,0,10,true,6,BASE_CRITICAL_SERVICE;RESERVE_45D,0.5284,779.19
MANDATORY_STRESS,1.25,1.4,1,8,true,4,BASE_CRITICAL_SERVICE;RESERVE_45D,0.6221,608.1
MANDATORY_STRESS,1.25,1.4,0.9,8,true,4,BASE_CRITICAL_SERVICE;RESERVE_45D,0.6221,617.47
MANDATORY_STRESS,1.25,1.4,0.8,8,true,4,BASE_CRITICAL_SERVICE;RESERVE_45D,0.6221,626.83
MANDATORY_STRESS,1.25,1.4,0.7,8,true,5,BASE_CRITICAL_SERVICE;RESERVE_45D,0.6221,639.46
MANDATORY_STRESS,1.25,1.4,0.6,8,true,6,BASE_CRITICAL_SERVICE;RESERVE_45D,0.6221,655.33
MANDATORY_STRESS,1.25,1.4,0.5,8,true,6,BASE_CRITICAL_SERVICE;RESERVE_45D,0.612,673.81
MANDATORY_STRESS,1.25,1.4,0.4,8,true,6,BASE_CRITICAL_SERVICE;RESERVE_45D,0.5953,694.89
MANDATORY_STRESS,1.25,1.4,0.3,8,true,6,BASE_CRITICAL_SERVICE;RESERVE_45D,0.5786,715.96
MANDATORY_STRESS,1.25,1.4,0.2,8,true,6,BASE_CRITICAL_SERVICE;RESERVE_45D,0.5619,737.04
MANDATORY_STRESS,1.25,1.4,0.1,9,true,6,BASE_CRITICAL_SERVICE;RESERVE_45D,0.5451,758.12
MANDATORY_STRESS,1.25,1.4,0,10,true,6,BASE_CRITICAL_SERVICE;RESERVE_45D,0.5284,779.19
MANDATORY_STRESS,1.25,1.45,1,9,true,4,BASE_CRITICAL_SERVICE;RESERVE_45D,0.6221,608.1
MANDATORY_STRESS,1.25,1.45,0.9,9,true,4,BASE_CRITICAL_SERVICE;RESERVE_45D,0.6221,617.47
MANDATORY_STRESS,1.25,1.45,0.8,9,true,4,BASE_CRITICAL_SERVICE;RESERVE_45D,0.6221,626.83
MANDATORY_STRESS,1.25,1.45,0.7,9,true,5,BASE_CRITICAL_SERVICE;RESERVE_45D,0.6221,639.46
MANDATORY_STRESS,1.25,1.45,0.6,9,true,6,BASE_CRITICAL_SERVICE;RESERVE_45D,0.6221,655.33
MANDATORY_STRESS,1.25,1.45,0.5,9,true,6,BASE_CRITICAL_SERVICE;RESERVE_45D,0.612,673.81
MANDATORY_STRESS,1.25,1.45,0.4,9,true,6,BASE_CRITICAL_SERVICE;RESERVE_45D,0.5953,694.89
MANDATORY_STRESS,1.25,1.45,0.3,9,true,6,BASE_CRITICAL_SERVICE;RESERVE_45D,0.5786,715.96
MANDATORY_STRESS,1.25,1.45,0.2,9,true,6,BASE_CRITICAL_SERVICE;RESERVE_45D,0.5619,737.04
MANDATORY_STRESS,1.25,1.45,0.1,9,true,6,BASE_CRITICAL_SERVICE;RESERVE_45D,0.5451,758.12
MANDATORY_STRESS,1.25,1.45,0,10,true,6,BASE_CRITICAL_SERVICE;RESERVE_45D,0.5284,779.19
MANDATORY_STRESS,1.25,1.5,1,10,true,4,BASE_CRITICAL_SERVICE;RESERVE_45D,0.6221,608.1
MANDATORY_STRESS,1.25,1.5,0.9,10,true,4,BASE_CRITICAL_SERVICE;RESERVE_45D,0.6221,617.47
MANDATORY_STRESS,1.25,1.5,0.8,10,true,4,BASE_CRITICAL_SERVICE;RESERVE_45D,0.6221,626.83
MANDATORY_STRESS,1.25,1.5,0.7,10,true,5,BASE_CRITICAL_SERVICE;RESERVE_45D,0.6221,639.46
MANDATORY_STRESS,1.25,1.5,0.6,10,true,6,BASE_CRITICAL_SERVICE;RESERVE_45D,0.6221,655.33
MANDATORY_STRESS,1.25,1.5,0.5,10,true,6,BASE_CRITICAL_SERVICE;RESERVE_45D,0.612,673.81
MANDATORY_STRESS,1.25,1.5,0.4,10,true,6,BASE_CRITICAL_SERVICE;RESERVE_45D,0.5953,694.89
MANDATORY_STRESS,1.25,1.5,0.3,10,true,6,BASE_CRITICAL_SERVICE;RESERVE_45D,0.5786,715.96
MANDATORY_STRESS,1.25,1.5,0.2,10,true,6,BASE_CRITICAL_SERVICE;RESERVE_45D,0.5619,737.04
MANDATORY_STRESS,1.25,1.5,0.1,10,true,6,BASE_CRITICAL_SERVICE;RESERVE_45D,0.5451,758.12
MANDATORY_STRESS,1.25,1.5,0,10,true,6,BASE_CRITICAL_SERVICE;RESERVE_45D,0.5284,779.19
MANDATORY_STRESS,1.3,1,1,6,true,6,BASE_CRITICAL_SERVICE;BASE_TOTAL_SERVICE;RESERVE_45D,0.5942,684.8
MANDATORY_STRESS,1.3,1,0.9,6,true,6,BASE_CRITICAL_SERVICE;BASE_TOTAL_SERVICE;RESERVE_45D,0.5942,694.17
MANDATORY_STRESS,1.3,1,0.8,6,true,6,BASE_CRITICAL_SERVICE;BASE_TOTAL_SERVICE;RESERVE_45D,0.5942,703.53
MANDATORY_STRESS,1.3,1,0.7,6,true,7,BASE_CRITICAL_SERVICE;BASE_TOTAL_SERVICE;RESERVE_45D,0.5942,716.16
MANDATORY_STRESS,1.3,1,0.6,6,true,7,BASE_CRITICAL_SERVICE;BASE_TOTAL_SERVICE;RESERVE_45D,0.5942,732.03
MANDATORY_STRESS,1.3,1,0.5,6,true,7,BASE_CRITICAL_SERVICE;BASE_TOTAL_SERVICE;RESERVE_45D,0.5884,750.51
MANDATORY_STRESS,1.3,1,0.4,6,true,7,BASE_CRITICAL_SERVICE;BASE_TOTAL_SERVICE;RESERVE_45D,0.5724,771.59
MANDATORY_STRESS,1.3,1,0.3,7,true,7,BASE_CRITICAL_SERVICE;BASE_TOTAL_SERVICE;RESERVE_45D,0.5563,792.66
MANDATORY_STRESS,1.3,1,0.2,8,true,7,BASE_CRITICAL_SERVICE;BASE_TOTAL_SERVICE;RESERVE_45D,0.5402,813.74
MANDATORY_STRESS,1.3,1,0.1,9,true,7,BASE_CRITICAL_SERVICE;BASE_TOTAL_SERVICE;RESERVE_45D,0.5242,834.82
MANDATORY_STRESS,1.3,1,0,10,true,7,BASE_CRITICAL_SERVICE;BASE_TOTAL_SERVICE;RESERVE_45D,0.5081,855.89
MANDATORY_STRESS,1.3,1.05,1,6,true,6,BASE_CRITICAL_SERVICE;BASE_TOTAL_SERVICE;RESERVE_45D,0.5942,684.8
MANDATORY_STRESS,1.3,1.05,0.9,6,true,6,BASE_CRITICAL_SERVICE;BASE_TOTAL_SERVICE;RESERVE_45D,0.5942,694.17
MANDATORY_STRESS,1.3,1.05,0.8,6,true,6,BASE_CRITICAL_SERVICE;BASE_TOTAL_SERVICE;RESERVE_45D,0.5942,703.53
MANDATORY_STRESS,1.3,1.05,0.7,6,true,7,BASE_CRITICAL_SERVICE;BASE_TOTAL_SERVICE;RESERVE_45D,0.5942,716.16
MANDATORY_STRESS,1.3,1.05,0.6,6,true,7,BASE_CRITICAL_SERVICE;BASE_TOTAL_SERVICE;RESERVE_45D,0.5942,732.03
MANDATORY_STRESS,1.3,1.05,0.5,6,true,7,BASE_CRITICAL_SERVICE;BASE_TOTAL_SERVICE;RESERVE_45D,0.5884,750.51
MANDATORY_STRESS,1.3,1.05,0.4,6,true,7,BASE_CRITICAL_SERVICE;BASE_TOTAL_SERVICE;RESERVE_45D,0.5724,771.59
MANDATORY_STRESS,1.3,1.05,0.3,7,true,7,BASE_CRITICAL_SERVICE;BASE_TOTAL_SERVICE;RESERVE_45D,0.5563,792.66
MANDATORY_STRESS,1.3,1.05,0.2,8,true,7,BASE_CRITICAL_SERVICE;BASE_TOTAL_SERVICE;RESERVE_45D,0.5402,813.74
MANDATORY_STRESS,1.3,1.05,0.1,9,true,7,BASE_CRITICAL_SERVICE;BASE_TOTAL_SERVICE;RESERVE_45D,0.5242,834.82
MANDATORY_STRESS,1.3,1.05,0,10,true,7,BASE_CRITICAL_SERVICE;BASE_TOTAL_SERVICE;RESERVE_45D,0.5081,855.89
MANDATORY_STRESS,1.3,1.1,1,6,true,6,BASE_CRITICAL_SERVICE;BASE_TOTAL_SERVICE;RESERVE_45D,0.5942,684.8
MANDATORY_STRESS,1.3,1.1,0.9,6,true,6,BASE_CRITICAL_SERVICE;BASE_TOTAL_SERVICE;RESERVE_45D,0.5942,694.17
MANDATORY_STRESS,1.3,1.1,0.8,6,true,6,BASE_CRITICAL_SERVICE;BASE_TOTAL_SERVICE;RESERVE_45D,0.5942,703.53
MANDATORY_STRESS,1.3,1.1,0.7,6,true,7,BASE_CRITICAL_SERVICE;BASE_TOTAL_SERVICE;RESERVE_45D,0.5942,716.16
MANDATORY_STRESS,1.3,1.1,0.6,6,true,7,BASE_CRITICAL_SERVICE;BASE_TOTAL_SERVICE;RESERVE_45D,0.5942,732.03
MANDATORY_STRESS,1.3,1.1,0.5,6,true,7,BASE_CRITICAL_SERVICE;BASE_TOTAL_SERVICE;RESERVE_45D,0.5884,750.51
MANDATORY_STRESS,1.3,1.1,0.4,6,true,7,BASE_CRITICAL_SERVICE;BASE_TOTAL_SERVICE;RESERVE_45D,0.5724,771.59
MANDATORY_STRESS,1.3,1.1,0.3,7,true,7,BASE_CRITICAL_SERVICE;BASE_TOTAL_SERVICE;RESERVE_45D,0.5563,792.66
MANDATORY_STRESS,1.3,1.1,0.2,8,true,7,BASE_CRITICAL_SERVICE;BASE_TOTAL_SERVICE;RESERVE_45D,0.5402,813.74
MANDATORY_STRESS,1.3,1.1,0.1,9,true,7,BASE_CRITICAL_SERVICE;BASE_TOTAL_SERVICE;RESERVE_45D,0.5242,834.82
MANDATORY_STRESS,1.3,1.1,0,10,true,7,BASE_CRITICAL_SERVICE;BASE_TOTAL_SERVICE;RESERVE_45D,0.5081,855.89
MANDATORY_STRESS,1.3,1.15,1,6,true,6,BASE_CRITICAL_SERVICE;BASE_TOTAL_SERVICE;RESERVE_45D,0.5942,684.8
MANDATORY_STRESS,1.3,1.15,0.9,6,true,6,BASE_CRITICAL_SERVICE;BASE_TOTAL_SERVICE;RESERVE_45D,0.5942,694.17
MANDATORY_STRESS,1.3,1.15,0.8,6,true,6,BASE_CRITICAL_SERVICE;BASE_TOTAL_SERVICE;RESERVE_45D,0.5942,703.53
MANDATORY_STRESS,1.3,1.15,0.7,6,true,7,BASE_CRITICAL_SERVICE;BASE_TOTAL_SERVICE;RESERVE_45D,0.5942,716.16
MANDATORY_STRESS,1.3,1.15,0.6,6,true,7,BASE_CRITICAL_SERVICE;BASE_TOTAL_SERVICE;RESERVE_45D,0.5942,732.03
MANDATORY_STRESS,1.3,1.15,0.5,6,true,7,BASE_CRITICAL_SERVICE;BASE_TOTAL_SERVICE;RESERVE_45D,0.5884,750.51
MANDATORY_STRESS,1.3,1.15,0.4,6,true,7,BASE_CRITICAL_SERVICE;BASE_TOTAL_SERVICE;RESERVE_45D,0.5724,771.59
MANDATORY_STRESS,1.3,1.15,0.3,7,true,7,BASE_CRITICAL_SERVICE;BASE_TOTAL_SERVICE;RESERVE_45D,0.5563,792.66
MANDATORY_STRESS,1.3,1.15,0.2,8,true,7,BASE_CRITICAL_SERVICE;BASE_TOTAL_SERVICE;RESERVE_45D,0.5402,813.74
MANDATORY_STRESS,1.3,1.15,0.1,9,true,7,BASE_CRITICAL_SERVICE;BASE_TOTAL_SERVICE;RESERVE_45D,0.5242,834.82
MANDATORY_STRESS,1.3,1.15,0,10,true,7,BASE_CRITICAL_SERVICE;BASE_TOTAL_SERVICE;RESERVE_45D,0.5081,855.89
MANDATORY_STRESS,1.3,1.2,1,6,true,6,BASE_CRITICAL_SERVICE;BASE_TOTAL_SERVICE;RESERVE_45D,0.5942,684.8
MANDATORY_STRESS,1.3,1.2,0.9,6,true,6,BASE_CRITICAL_SERVICE;BASE_TOTAL_SERVICE;RESERVE_45D,0.5942,694.17
MANDATORY_STRESS,1.3,1.2,0.8,6,true,6,BASE_CRITICAL_SERVICE;BASE_TOTAL_SERVICE;RESERVE_45D,0.5942,703.53
MANDATORY_STRESS,1.3,1.2,0.7,6,true,7,BASE_CRITICAL_SERVICE;BASE_TOTAL_SERVICE;RESERVE_45D,0.5942,716.16
MANDATORY_STRESS,1.3,1.2,0.6,6,true,7,BASE_CRITICAL_SERVICE;BASE_TOTAL_SERVICE;RESERVE_45D,0.5942,732.03
MANDATORY_STRESS,1.3,1.2,0.5,6,true,7,BASE_CRITICAL_SERVICE;BASE_TOTAL_SERVICE;RESERVE_45D,0.5884,750.51
MANDATORY_STRESS,1.3,1.2,0.4,6,true,7,BASE_CRITICAL_SERVICE;BASE_TOTAL_SERVICE;RESERVE_45D,0.5724,771.59
MANDATORY_STRESS,1.3,1.2,0.3,7,true,7,BASE_CRITICAL_SERVICE;BASE_TOTAL_SERVICE;RESERVE_45D,0.5563,792.66
MANDATORY_STRESS,1.3,1.2,0.2,8,true,7,BASE_CRITICAL_SERVICE;BASE_TOTAL_SERVICE;RESERVE_45D,0.5402,813.74
MANDATORY_STRESS,1.3,1.2,0.1,9,true,7,BASE_CRITICAL_SERVICE;BASE_TOTAL_SERVICE;RESERVE_45D,0.5242,834.82
MANDATORY_STRESS,1.3,1.2,0,10,true,7,BASE_CRITICAL_SERVICE;BASE_TOTAL_SERVICE;RESERVE_45D,0.5081,855.89
MANDATORY_STRESS,1.3,1.25,1,6,true,6,BASE_CRITICAL_SERVICE;BASE_TOTAL_SERVICE;RESERVE_45D,0.5942,684.8
MANDATORY_STRESS,1.3,1.25,0.9,6,true,6,BASE_CRITICAL_SERVICE;BASE_TOTAL_SERVICE;RESERVE_45D,0.5942,694.17
MANDATORY_STRESS,1.3,1.25,0.8,6,true,6,BASE_CRITICAL_SERVICE;BASE_TOTAL_SERVICE;RESERVE_45D,0.5942,703.53
MANDATORY_STRESS,1.3,1.25,0.7,6,true,7,BASE_CRITICAL_SERVICE;BASE_TOTAL_SERVICE;RESERVE_45D,0.5942,716.16
MANDATORY_STRESS,1.3,1.25,0.6,6,true,7,BASE_CRITICAL_SERVICE;BASE_TOTAL_SERVICE;RESERVE_45D,0.5942,732.03
MANDATORY_STRESS,1.3,1.25,0.5,6,true,7,BASE_CRITICAL_SERVICE;BASE_TOTAL_SERVICE;RESERVE_45D,0.5884,750.51
MANDATORY_STRESS,1.3,1.25,0.4,6,true,7,BASE_CRITICAL_SERVICE;BASE_TOTAL_SERVICE;RESERVE_45D,0.5724,771.59
MANDATORY_STRESS,1.3,1.25,0.3,7,true,7,BASE_CRITICAL_SERVICE;BASE_TOTAL_SERVICE;RESERVE_45D,0.5563,792.66
MANDATORY_STRESS,1.3,1.25,0.2,8,true,7,BASE_CRITICAL_SERVICE;BASE_TOTAL_SERVICE;RESERVE_45D,0.5402,813.74
MANDATORY_STRESS,1.3,1.25,0.1,9,true,7,BASE_CRITICAL_SERVICE;BASE_TOTAL_SERVICE;RESERVE_45D,0.5242,834.82
MANDATORY_STRESS,1.3,1.25,0,10,true,7,BASE_CRITICAL_SERVICE;BASE_TOTAL_SERVICE;RESERVE_45D,0.5081,855.89
MANDATORY_STRESS,1.3,1.3,1,6,true,6,BASE_CRITICAL_SERVICE;BASE_TOTAL_SERVICE;RESERVE_45D,0.5942,684.8
MANDATORY_STRESS,1.3,1.3,0.9,6,true,6,BASE_CRITICAL_SERVICE;BASE_TOTAL_SERVICE;RESERVE_45D,0.5942,694.17
MANDATORY_STRESS,1.3,1.3,0.8,6,true,6,BASE_CRITICAL_SERVICE;BASE_TOTAL_SERVICE;RESERVE_45D,0.5942,703.53
MANDATORY_STRESS,1.3,1.3,0.7,6,true,7,BASE_CRITICAL_SERVICE;BASE_TOTAL_SERVICE;RESERVE_45D,0.5942,716.16
MANDATORY_STRESS,1.3,1.3,0.6,6,true,7,BASE_CRITICAL_SERVICE;BASE_TOTAL_SERVICE;RESERVE_45D,0.5942,732.03
MANDATORY_STRESS,1.3,1.3,0.5,6,true,7,BASE_CRITICAL_SERVICE;BASE_TOTAL_SERVICE;RESERVE_45D,0.5884,750.51
MANDATORY_STRESS,1.3,1.3,0.4,6,true,7,BASE_CRITICAL_SERVICE;BASE_TOTAL_SERVICE;RESERVE_45D,0.5724,771.59
MANDATORY_STRESS,1.3,1.3,0.3,7,true,7,BASE_CRITICAL_SERVICE;BASE_TOTAL_SERVICE;RESERVE_45D,0.5563,792.66
MANDATORY_STRESS,1.3,1.3,0.2,8,true,7,BASE_CRITICAL_SERVICE;BASE_TOTAL_SERVICE;RESERVE_45D,0.5402,813.74
MANDATORY_STRESS,1.3,1.3,0.1,9,true,7,BASE_CRITICAL_SERVICE;BASE_TOTAL_SERVICE;RESERVE_45D,0.5242,834.82
MANDATORY_STRESS,1.3,1.3,0,10,true,7,BASE_CRITICAL_SERVICE;BASE_TOTAL_SERVICE;RESERVE_45D,0.5081,855.89
MANDATORY_STRESS,1.3,1.35,1,7,true,6,BASE_CRITICAL_SERVICE;BASE_TOTAL_SERVICE;RESERVE_45D,0.5942,684.8
MANDATORY_STRESS,1.3,1.35,0.9,7,true,6,BASE_CRITICAL_SERVICE;BASE_TOTAL_SERVICE;RESERVE_45D,0.5942,694.17
MANDATORY_STRESS,1.3,1.35,0.8,7,true,6,BASE_CRITICAL_SERVICE;BASE_TOTAL_SERVICE;RESERVE_45D,0.5942,703.53
MANDATORY_STRESS,1.3,1.35,0.7,7,true,7,BASE_CRITICAL_SERVICE;BASE_TOTAL_SERVICE;RESERVE_45D,0.5942,716.16
MANDATORY_STRESS,1.3,1.35,0.6,7,true,7,BASE_CRITICAL_SERVICE;BASE_TOTAL_SERVICE;RESERVE_45D,0.5942,732.03
MANDATORY_STRESS,1.3,1.35,0.5,7,true,7,BASE_CRITICAL_SERVICE;BASE_TOTAL_SERVICE;RESERVE_45D,0.5884,750.51
MANDATORY_STRESS,1.3,1.35,0.4,7,true,7,BASE_CRITICAL_SERVICE;BASE_TOTAL_SERVICE;RESERVE_45D,0.5724,771.59
MANDATORY_STRESS,1.3,1.35,0.3,7,true,7,BASE_CRITICAL_SERVICE;BASE_TOTAL_SERVICE;RESERVE_45D,0.5563,792.66
MANDATORY_STRESS,1.3,1.35,0.2,8,true,7,BASE_CRITICAL_SERVICE;BASE_TOTAL_SERVICE;RESERVE_45D,0.5402,813.74
MANDATORY_STRESS,1.3,1.35,0.1,9,true,7,BASE_CRITICAL_SERVICE;BASE_TOTAL_SERVICE;RESERVE_45D,0.5242,834.82
MANDATORY_STRESS,1.3,1.35,0,10,true,7,BASE_CRITICAL_SERVICE;BASE_TOTAL_SERVICE;RESERVE_45D,0.5081,855.89
MANDATORY_STRESS,1.3,1.4,1,8,true,6,BASE_CRITICAL_SERVICE;BASE_TOTAL_SERVICE;RESERVE_45D,0.5942,684.8
MANDATORY_STRESS,1.3,1.4,0.9,8,true,6,BASE_CRITICAL_SERVICE;BASE_TOTAL_SERVICE;RESERVE_45D,0.5942,694.17
MANDATORY_STRESS,1.3,1.4,0.8,8,true,6,BASE_CRITICAL_SERVICE;BASE_TOTAL_SERVICE;RESERVE_45D,0.5942,703.53
MANDATORY_STRESS,1.3,1.4,0.7,8,true,7,BASE_CRITICAL_SERVICE;BASE_TOTAL_SERVICE;RESERVE_45D,0.5942,716.16
MANDATORY_STRESS,1.3,1.4,0.6,8,true,7,BASE_CRITICAL_SERVICE;BASE_TOTAL_SERVICE;RESERVE_45D,0.5942,732.03
MANDATORY_STRESS,1.3,1.4,0.5,8,true,7,BASE_CRITICAL_SERVICE;BASE_TOTAL_SERVICE;RESERVE_45D,0.5884,750.51
MANDATORY_STRESS,1.3,1.4,0.4,8,true,7,BASE_CRITICAL_SERVICE;BASE_TOTAL_SERVICE;RESERVE_45D,0.5724,771.59
MANDATORY_STRESS,1.3,1.4,0.3,8,true,7,BASE_CRITICAL_SERVICE;BASE_TOTAL_SERVICE;RESERVE_45D,0.5563,792.66
MANDATORY_STRESS,1.3,1.4,0.2,8,true,7,BASE_CRITICAL_SERVICE;BASE_TOTAL_SERVICE;RESERVE_45D,0.5402,813.74
MANDATORY_STRESS,1.3,1.4,0.1,9,true,7,BASE_CRITICAL_SERVICE;BASE_TOTAL_SERVICE;RESERVE_45D,0.5242,834.82
MANDATORY_STRESS,1.3,1.4,0,10,true,7,BASE_CRITICAL_SERVICE;BASE_TOTAL_SERVICE;RESERVE_45D,0.5081,855.89
MANDATORY_STRESS,1.3,1.45,1,9,true,6,BASE_CRITICAL_SERVICE;BASE_TOTAL_SERVICE;RESERVE_45D,0.5942,684.8
MANDATORY_STRESS,1.3,1.45,0.9,9,true,6,BASE_CRITICAL_SERVICE;BASE_TOTAL_SERVICE;RESERVE_45D,0.5942,694.17
MANDATORY_STRESS,1.3,1.45,0.8,9,true,6,BASE_CRITICAL_SERVICE;BASE_TOTAL_SERVICE;RESERVE_45D,0.5942,703.53
MANDATORY_STRESS,1.3,1.45,0.7,9,true,7,BASE_CRITICAL_SERVICE;BASE_TOTAL_SERVICE;RESERVE_45D,0.5942,716.16
MANDATORY_STRESS,1.3,1.45,0.6,9,true,7,BASE_CRITICAL_SERVICE;BASE_TOTAL_SERVICE;RESERVE_45D,0.5942,732.03
MANDATORY_STRESS,1.3,1.45,0.5,9,true,7,BASE_CRITICAL_SERVICE;BASE_TOTAL_SERVICE;RESERVE_45D,0.5884,750.51
MANDATORY_STRESS,1.3,1.45,0.4,9,true,7,BASE_CRITICAL_SERVICE;BASE_TOTAL_SERVICE;RESERVE_45D,0.5724,771.59
MANDATORY_STRESS,1.3,1.45,0.3,9,true,7,BASE_CRITICAL_SERVICE;BASE_TOTAL_SERVICE;RESERVE_45D,0.5563,792.66
MANDATORY_STRESS,1.3,1.45,0.2,9,true,7,BASE_CRITICAL_SERVICE;BASE_TOTAL_SERVICE;RESERVE_45D,0.5402,813.74
MANDATORY_STRESS,1.3,1.45,0.1,9,true,7,BASE_CRITICAL_SERVICE;BASE_TOTAL_SERVICE;RESERVE_45D,0.5242,834.82
MANDATORY_STRESS,1.3,1.45,0,10,true,7,BASE_CRITICAL_SERVICE;BASE_TOTAL_SERVICE;RESERVE_45D,0.5081,855.89
MANDATORY_STRESS,1.3,1.5,1,10,true,6,BASE_CRITICAL_SERVICE;BASE_TOTAL_SERVICE;RESERVE_45D,0.5942,684.8
MANDATORY_STRESS,1.3,1.5,0.9,10,true,6,BASE_CRITICAL_SERVICE;BASE_TOTAL_SERVICE;RESERVE_45D,0.5942,694.17
MANDATORY_STRESS,1.3,1.5,0.8,10,true,6,BASE_CRITICAL_SERVICE;BASE_TOTAL_SERVICE;RESERVE_45D,0.5942,703.53
MANDATORY_STRESS,1.3,1.5,0.7,10,true,7,BASE_CRITICAL_SERVICE;BASE_TOTAL_SERVICE;RESERVE_45D,0.5942,716.16
MANDATORY_STRESS,1.3,1.5,0.6,10,true,7,BASE_CRITICAL_SERVICE;BASE_TOTAL_SERVICE;RESERVE_45D,0.5942,732.03
MANDATORY_STRESS,1.3,1.5,0.5,10,true,7,BASE_CRITICAL_SERVICE;BASE_TOTAL_SERVICE;RESERVE_45D,0.5884,750.51
MANDATORY_STRESS,1.3,1.5,0.4,10,true,7,BASE_CRITICAL_SERVICE;BASE_TOTAL_SERVICE;RESERVE_45D,0.5724,771.59
MANDATORY_STRESS,1.3,1.5,0.3,10,true,7,BASE_CRITICAL_SERVICE;BASE_TOTAL_SERVICE;RESERVE_45D,0.5563,792.66
MANDATORY_STRESS,1.3,1.5,0.2,10,true,7,BASE_CRITICAL_SERVICE;BASE_TOTAL_SERVICE;RESERVE_45D,0.5402,813.74
MANDATORY_STRESS,1.3,1.5,0.1,10,true,7,BASE_CRITICAL_SERVICE;BASE_TOTAL_SERVICE;RESERVE_45D,0.5242,834.82
MANDATORY_STRESS,1.3,1.5,0,10,true,7,BASE_CRITICAL_SERVICE;BASE_TOTAL_SERVICE;RESERVE_45D,0.5081,855.89
MANDATORY_STRESS,1.35,1,1,7,true,7,BASE_CRITICAL_SERVICE;BASE_TOTAL_SERVICE;RESERVE_45D,0.5722,761.5
MANDATORY_STRESS,1.35,1,0.9,7,true,8,BASE_CRITICAL_SERVICE;BASE_TOTAL_SERVICE;RESERVE_45D,0.5722,770.87
MANDATORY_STRESS,1.35,1,0.8,7,true,8,BASE_CRITICAL_SERVICE;BASE_TOTAL_SERVICE;RESERVE_45D,0.5722,780.23
MANDATORY_STRESS,1.35,1,0.7,7,true,8,BASE_CRITICAL_SERVICE;BASE_TOTAL_SERVICE;RESERVE_45D,0.5722,792.86
MANDATORY_STRESS,1.35,1,0.6,7,true,8,BASE_CRITICAL_SERVICE;BASE_TOTAL_SERVICE;RESERVE_45D,0.5722,808.73
MANDATORY_STRESS,1.35,1,0.5,7,true,8,BASE_CRITICAL_SERVICE;BASE_TOTAL_SERVICE;RESERVE_45D,0.5666,827.21
MANDATORY_STRESS,1.35,1,0.4,7,true,8,BASE_CRITICAL_SERVICE;BASE_TOTAL_SERVICE;RESERVE_45D,0.5512,848.29
MANDATORY_STRESS,1.35,1,0.3,7,true,8,BASE_CRITICAL_SERVICE;BASE_TOTAL_SERVICE;RESERVE_45D,0.5357,869.36
MANDATORY_STRESS,1.35,1,0.2,8,true,8,BASE_CRITICAL_SERVICE;BASE_TOTAL_SERVICE;RESERVE_45D,0.5202,890.44
MANDATORY_STRESS,1.35,1,0.1,9,true,8,BASE_CRITICAL_SERVICE;BASE_TOTAL_SERVICE;RESERVE_45D,0.5048,911.52
MANDATORY_STRESS,1.35,1,0,10,true,8,BASE_CRITICAL_SERVICE;BASE_TOTAL_SERVICE;RESERVE_45D,0.4893,932.59
MANDATORY_STRESS,1.35,1.05,1,7,true,7,BASE_CRITICAL_SERVICE;BASE_TOTAL_SERVICE;RESERVE_45D,0.5722,761.5
MANDATORY_STRESS,1.35,1.05,0.9,7,true,8,BASE_CRITICAL_SERVICE;BASE_TOTAL_SERVICE;RESERVE_45D,0.5722,770.87
MANDATORY_STRESS,1.35,1.05,0.8,7,true,8,BASE_CRITICAL_SERVICE;BASE_TOTAL_SERVICE;RESERVE_45D,0.5722,780.23
MANDATORY_STRESS,1.35,1.05,0.7,7,true,8,BASE_CRITICAL_SERVICE;BASE_TOTAL_SERVICE;RESERVE_45D,0.5722,792.86
MANDATORY_STRESS,1.35,1.05,0.6,7,true,8,BASE_CRITICAL_SERVICE;BASE_TOTAL_SERVICE;RESERVE_45D,0.5722,808.73
MANDATORY_STRESS,1.35,1.05,0.5,7,true,8,BASE_CRITICAL_SERVICE;BASE_TOTAL_SERVICE;RESERVE_45D,0.5666,827.21
MANDATORY_STRESS,1.35,1.05,0.4,7,true,8,BASE_CRITICAL_SERVICE;BASE_TOTAL_SERVICE;RESERVE_45D,0.5512,848.29
MANDATORY_STRESS,1.35,1.05,0.3,7,true,8,BASE_CRITICAL_SERVICE;BASE_TOTAL_SERVICE;RESERVE_45D,0.5357,869.36
MANDATORY_STRESS,1.35,1.05,0.2,8,true,8,BASE_CRITICAL_SERVICE;BASE_TOTAL_SERVICE;RESERVE_45D,0.5202,890.44
MANDATORY_STRESS,1.35,1.05,0.1,9,true,8,BASE_CRITICAL_SERVICE;BASE_TOTAL_SERVICE;RESERVE_45D,0.5048,911.52
MANDATORY_STRESS,1.35,1.05,0,10,true,8,BASE_CRITICAL_SERVICE;BASE_TOTAL_SERVICE;RESERVE_45D,0.4893,932.59
MANDATORY_STRESS,1.35,1.1,1,7,true,7,BASE_CRITICAL_SERVICE;BASE_TOTAL_SERVICE;RESERVE_45D,0.5722,761.5
MANDATORY_STRESS,1.35,1.1,0.9,7,true,8,BASE_CRITICAL_SERVICE;BASE_TOTAL_SERVICE;RESERVE_45D,0.5722,770.87
MANDATORY_STRESS,1.35,1.1,0.8,7,true,8,BASE_CRITICAL_SERVICE;BASE_TOTAL_SERVICE;RESERVE_45D,0.5722,780.23
MANDATORY_STRESS,1.35,1.1,0.7,7,true,8,BASE_CRITICAL_SERVICE;BASE_TOTAL_SERVICE;RESERVE_45D,0.5722,792.86
MANDATORY_STRESS,1.35,1.1,0.6,7,true,8,BASE_CRITICAL_SERVICE;BASE_TOTAL_SERVICE;RESERVE_45D,0.5722,808.73
MANDATORY_STRESS,1.35,1.1,0.5,7,true,8,BASE_CRITICAL_SERVICE;BASE_TOTAL_SERVICE;RESERVE_45D,0.5666,827.21
MANDATORY_STRESS,1.35,1.1,0.4,7,true,8,BASE_CRITICAL_SERVICE;BASE_TOTAL_SERVICE;RESERVE_45D,0.5512,848.29
MANDATORY_STRESS,1.35,1.1,0.3,7,true,8,BASE_CRITICAL_SERVICE;BASE_TOTAL_SERVICE;RESERVE_45D,0.5357,869.36
MANDATORY_STRESS,1.35,1.1,0.2,8,true,8,BASE_CRITICAL_SERVICE;BASE_TOTAL_SERVICE;RESERVE_45D,0.5202,890.44
MANDATORY_STRESS,1.35,1.1,0.1,9,true,8,BASE_CRITICAL_SERVICE;BASE_TOTAL_SERVICE;RESERVE_45D,0.5048,911.52
MANDATORY_STRESS,1.35,1.1,0,10,true,8,BASE_CRITICAL_SERVICE;BASE_TOTAL_SERVICE;RESERVE_45D,0.4893,932.59
MANDATORY_STRESS,1.35,1.15,1,7,true,7,BASE_CRITICAL_SERVICE;BASE_TOTAL_SERVICE;RESERVE_45D,0.5722,761.5
MANDATORY_STRESS,1.35,1.15,0.9,7,true,8,BASE_CRITICAL_SERVICE;BASE_TOTAL_SERVICE;RESERVE_45D,0.5722,770.87
MANDATORY_STRESS,1.35,1.15,0.8,7,true,8,BASE_CRITICAL_SERVICE;BASE_TOTAL_SERVICE;RESERVE_45D,0.5722,780.23
MANDATORY_STRESS,1.35,1.15,0.7,7,true,8,BASE_CRITICAL_SERVICE;BASE_TOTAL_SERVICE;RESERVE_45D,0.5722,792.86
MANDATORY_STRESS,1.35,1.15,0.6,7,true,8,BASE_CRITICAL_SERVICE;BASE_TOTAL_SERVICE;RESERVE_45D,0.5722,808.73
MANDATORY_STRESS,1.35,1.15,0.5,7,true,8,BASE_CRITICAL_SERVICE;BASE_TOTAL_SERVICE;RESERVE_45D,0.5666,827.21
MANDATORY_STRESS,1.35,1.15,0.4,7,true,8,BASE_CRITICAL_SERVICE;BASE_TOTAL_SERVICE;RESERVE_45D,0.5512,848.29
MANDATORY_STRESS,1.35,1.15,0.3,7,true,8,BASE_CRITICAL_SERVICE;BASE_TOTAL_SERVICE;RESERVE_45D,0.5357,869.36
MANDATORY_STRESS,1.35,1.15,0.2,8,true,8,BASE_CRITICAL_SERVICE;BASE_TOTAL_SERVICE;RESERVE_45D,0.5202,890.44
MANDATORY_STRESS,1.35,1.15,0.1,9,true,8,BASE_CRITICAL_SERVICE;BASE_TOTAL_SERVICE;RESERVE_45D,0.5048,911.52
MANDATORY_STRESS,1.35,1.15,0,10,true,8,BASE_CRITICAL_SERVICE;BASE_TOTAL_SERVICE;RESERVE_45D,0.4893,932.59
MANDATORY_STRESS,1.35,1.2,1,7,true,7,BASE_CRITICAL_SERVICE;BASE_TOTAL_SERVICE;RESERVE_45D,0.5722,761.5
MANDATORY_STRESS,1.35,1.2,0.9,7,true,8,BASE_CRITICAL_SERVICE;BASE_TOTAL_SERVICE;RESERVE_45D,0.5722,770.87
MANDATORY_STRESS,1.35,1.2,0.8,7,true,8,BASE_CRITICAL_SERVICE;BASE_TOTAL_SERVICE;RESERVE_45D,0.5722,780.23
MANDATORY_STRESS,1.35,1.2,0.7,7,true,8,BASE_CRITICAL_SERVICE;BASE_TOTAL_SERVICE;RESERVE_45D,0.5722,792.86
MANDATORY_STRESS,1.35,1.2,0.6,7,true,8,BASE_CRITICAL_SERVICE;BASE_TOTAL_SERVICE;RESERVE_45D,0.5722,808.73
MANDATORY_STRESS,1.35,1.2,0.5,7,true,8,BASE_CRITICAL_SERVICE;BASE_TOTAL_SERVICE;RESERVE_45D,0.5666,827.21
MANDATORY_STRESS,1.35,1.2,0.4,7,true,8,BASE_CRITICAL_SERVICE;BASE_TOTAL_SERVICE;RESERVE_45D,0.5512,848.29
MANDATORY_STRESS,1.35,1.2,0.3,7,true,8,BASE_CRITICAL_SERVICE;BASE_TOTAL_SERVICE;RESERVE_45D,0.5357,869.36
MANDATORY_STRESS,1.35,1.2,0.2,8,true,8,BASE_CRITICAL_SERVICE;BASE_TOTAL_SERVICE;RESERVE_45D,0.5202,890.44
MANDATORY_STRESS,1.35,1.2,0.1,9,true,8,BASE_CRITICAL_SERVICE;BASE_TOTAL_SERVICE;RESERVE_45D,0.5048,911.52
MANDATORY_STRESS,1.35,1.2,0,10,true,8,BASE_CRITICAL_SERVICE;BASE_TOTAL_SERVICE;RESERVE_45D,0.4893,932.59
MANDATORY_STRESS,1.35,1.25,1,7,true,7,BASE_CRITICAL_SERVICE;BASE_TOTAL_SERVICE;RESERVE_45D,0.5722,761.5
MANDATORY_STRESS,1.35,1.25,0.9,7,true,8,BASE_CRITICAL_SERVICE;BASE_TOTAL_SERVICE;RESERVE_45D,0.5722,770.87
MANDATORY_STRESS,1.35,1.25,0.8,7,true,8,BASE_CRITICAL_SERVICE;BASE_TOTAL_SERVICE;RESERVE_45D,0.5722,780.23
MANDATORY_STRESS,1.35,1.25,0.7,7,true,8,BASE_CRITICAL_SERVICE;BASE_TOTAL_SERVICE;RESERVE_45D,0.5722,792.86
MANDATORY_STRESS,1.35,1.25,0.6,7,true,8,BASE_CRITICAL_SERVICE;BASE_TOTAL_SERVICE;RESERVE_45D,0.5722,808.73
MANDATORY_STRESS,1.35,1.25,0.5,7,true,8,BASE_CRITICAL_SERVICE;BASE_TOTAL_SERVICE;RESERVE_45D,0.5666,827.21
MANDATORY_STRESS,1.35,1.25,0.4,7,true,8,BASE_CRITICAL_SERVICE;BASE_TOTAL_SERVICE;RESERVE_45D,0.5512,848.29
MANDATORY_STRESS,1.35,1.25,0.3,7,true,8,BASE_CRITICAL_SERVICE;BASE_TOTAL_SERVICE;RESERVE_45D,0.5357,869.36
MANDATORY_STRESS,1.35,1.25,0.2,8,true,8,BASE_CRITICAL_SERVICE;BASE_TOTAL_SERVICE;RESERVE_45D,0.5202,890.44
MANDATORY_STRESS,1.35,1.25,0.1,9,true,8,BASE_CRITICAL_SERVICE;BASE_TOTAL_SERVICE;RESERVE_45D,0.5048,911.52
MANDATORY_STRESS,1.35,1.25,0,10,true,8,BASE_CRITICAL_SERVICE;BASE_TOTAL_SERVICE;RESERVE_45D,0.4893,932.59
MANDATORY_STRESS,1.35,1.3,1,7,true,7,BASE_CRITICAL_SERVICE;BASE_TOTAL_SERVICE;RESERVE_45D,0.5722,761.5
MANDATORY_STRESS,1.35,1.3,0.9,7,true,8,BASE_CRITICAL_SERVICE;BASE_TOTAL_SERVICE;RESERVE_45D,0.5722,770.87
MANDATORY_STRESS,1.35,1.3,0.8,7,true,8,BASE_CRITICAL_SERVICE;BASE_TOTAL_SERVICE;RESERVE_45D,0.5722,780.23
MANDATORY_STRESS,1.35,1.3,0.7,7,true,8,BASE_CRITICAL_SERVICE;BASE_TOTAL_SERVICE;RESERVE_45D,0.5722,792.86
MANDATORY_STRESS,1.35,1.3,0.6,7,true,8,BASE_CRITICAL_SERVICE;BASE_TOTAL_SERVICE;RESERVE_45D,0.5722,808.73
MANDATORY_STRESS,1.35,1.3,0.5,7,true,8,BASE_CRITICAL_SERVICE;BASE_TOTAL_SERVICE;RESERVE_45D,0.5666,827.21
MANDATORY_STRESS,1.35,1.3,0.4,7,true,8,BASE_CRITICAL_SERVICE;BASE_TOTAL_SERVICE;RESERVE_45D,0.5512,848.29
MANDATORY_STRESS,1.35,1.3,0.3,7,true,8,BASE_CRITICAL_SERVICE;BASE_TOTAL_SERVICE;RESERVE_45D,0.5357,869.36
MANDATORY_STRESS,1.35,1.3,0.2,8,true,8,BASE_CRITICAL_SERVICE;BASE_TOTAL_SERVICE;RESERVE_45D,0.5202,890.44
MANDATORY_STRESS,1.35,1.3,0.1,9,true,8,BASE_CRITICAL_SERVICE;BASE_TOTAL_SERVICE;RESERVE_45D,0.5048,911.52
MANDATORY_STRESS,1.35,1.3,0,10,true,8,BASE_CRITICAL_SERVICE;BASE_TOTAL_SERVICE;RESERVE_45D,0.4893,932.59
MANDATORY_STRESS,1.35,1.35,1,7,true,7,BASE_CRITICAL_SERVICE;BASE_TOTAL_SERVICE;RESERVE_45D,0.5722,761.5
MANDATORY_STRESS,1.35,1.35,0.9,7,true,8,BASE_CRITICAL_SERVICE;BASE_TOTAL_SERVICE;RESERVE_45D,0.5722,770.87
MANDATORY_STRESS,1.35,1.35,0.8,7,true,8,BASE_CRITICAL_SERVICE;BASE_TOTAL_SERVICE;RESERVE_45D,0.5722,780.23
MANDATORY_STRESS,1.35,1.35,0.7,7,true,8,BASE_CRITICAL_SERVICE;BASE_TOTAL_SERVICE;RESERVE_45D,0.5722,792.86
MANDATORY_STRESS,1.35,1.35,0.6,7,true,8,BASE_CRITICAL_SERVICE;BASE_TOTAL_SERVICE;RESERVE_45D,0.5722,808.73
MANDATORY_STRESS,1.35,1.35,0.5,7,true,8,BASE_CRITICAL_SERVICE;BASE_TOTAL_SERVICE;RESERVE_45D,0.5666,827.21
MANDATORY_STRESS,1.35,1.35,0.4,7,true,8,BASE_CRITICAL_SERVICE;BASE_TOTAL_SERVICE;RESERVE_45D,0.5512,848.29
MANDATORY_STRESS,1.35,1.35,0.3,7,true,8,BASE_CRITICAL_SERVICE;BASE_TOTAL_SERVICE;RESERVE_45D,0.5357,869.36
MANDATORY_STRESS,1.35,1.35,0.2,8,true,8,BASE_CRITICAL_SERVICE;BASE_TOTAL_SERVICE;RESERVE_45D,0.5202,890.44
MANDATORY_STRESS,1.35,1.35,0.1,9,true,8,BASE_CRITICAL_SERVICE;BASE_TOTAL_SERVICE;RESERVE_45D,0.5048,911.52
MANDATORY_STRESS,1.35,1.35,0,10,true,8,BASE_CRITICAL_SERVICE;BASE_TOTAL_SERVICE;RESERVE_45D,0.4893,932.59
MANDATORY_STRESS,1.35,1.4,1,8,true,7,BASE_CRITICAL_SERVICE;BASE_TOTAL_SERVICE;RESERVE_45D,0.5722,761.5
MANDATORY_STRESS,1.35,1.4,0.9,8,true,8,BASE_CRITICAL_SERVICE;BASE_TOTAL_SERVICE;RESERVE_45D,0.5722,770.87
MANDATORY_STRESS,1.35,1.4,0.8,8,true,8,BASE_CRITICAL_SERVICE;BASE_TOTAL_SERVICE;RESERVE_45D,0.5722,780.23
MANDATORY_STRESS,1.35,1.4,0.7,8,true,8,BASE_CRITICAL_SERVICE;BASE_TOTAL_SERVICE;RESERVE_45D,0.5722,792.86
MANDATORY_STRESS,1.35,1.4,0.6,8,true,8,BASE_CRITICAL_SERVICE;BASE_TOTAL_SERVICE;RESERVE_45D,0.5722,808.73
MANDATORY_STRESS,1.35,1.4,0.5,8,true,8,BASE_CRITICAL_SERVICE;BASE_TOTAL_SERVICE;RESERVE_45D,0.5666,827.21
MANDATORY_STRESS,1.35,1.4,0.4,8,true,8,BASE_CRITICAL_SERVICE;BASE_TOTAL_SERVICE;RESERVE_45D,0.5512,848.29
MANDATORY_STRESS,1.35,1.4,0.3,8,true,8,BASE_CRITICAL_SERVICE;BASE_TOTAL_SERVICE;RESERVE_45D,0.5357,869.36
MANDATORY_STRESS,1.35,1.4,0.2,8,true,8,BASE_CRITICAL_SERVICE;BASE_TOTAL_SERVICE;RESERVE_45D,0.5202,890.44
MANDATORY_STRESS,1.35,1.4,0.1,9,true,8,BASE_CRITICAL_SERVICE;BASE_TOTAL_SERVICE;RESERVE_45D,0.5048,911.52
MANDATORY_STRESS,1.35,1.4,0,10,true,8,BASE_CRITICAL_SERVICE;BASE_TOTAL_SERVICE;RESERVE_45D,0.4893,932.59
MANDATORY_STRESS,1.35,1.45,1,9,true,7,BASE_CRITICAL_SERVICE;BASE_TOTAL_SERVICE;RESERVE_45D,0.5722,761.5
MANDATORY_STRESS,1.35,1.45,0.9,9,true,8,BASE_CRITICAL_SERVICE;BASE_TOTAL_SERVICE;RESERVE_45D,0.5722,770.87
MANDATORY_STRESS,1.35,1.45,0.8,9,true,8,BASE_CRITICAL_SERVICE;BASE_TOTAL_SERVICE;RESERVE_45D,0.5722,780.23
MANDATORY_STRESS,1.35,1.45,0.7,9,true,8,BASE_CRITICAL_SERVICE;BASE_TOTAL_SERVICE;RESERVE_45D,0.5722,792.86
MANDATORY_STRESS,1.35,1.45,0.6,9,true,8,BASE_CRITICAL_SERVICE;BASE_TOTAL_SERVICE;RESERVE_45D,0.5722,808.73
MANDATORY_STRESS,1.35,1.45,0.5,9,true,8,BASE_CRITICAL_SERVICE;BASE_TOTAL_SERVICE;RESERVE_45D,0.5666,827.21
MANDATORY_STRESS,1.35,1.45,0.4,9,true,8,BASE_CRITICAL_SERVICE;BASE_TOTAL_SERVICE;RESERVE_45D,0.5512,848.29
MANDATORY_STRESS,1.35,1.45,0.3,9,true,8,BASE_CRITICAL_SERVICE;BASE_TOTAL_SERVICE;RESERVE_45D,0.5357,869.36
MANDATORY_STRESS,1.35,1.45,0.2,9,true,8,BASE_CRITICAL_SERVICE;BASE_TOTAL_SERVICE;RESERVE_45D,0.5202,890.44
MANDATORY_STRESS,1.35,1.45,0.1,9,true,8,BASE_CRITICAL_SERVICE;BASE_TOTAL_SERVICE;RESERVE_45D,0.5048,911.52
MANDATORY_STRESS,1.35,1.45,0,10,true,8,BASE_CRITICAL_SERVICE;BASE_TOTAL_SERVICE;RESERVE_45D,0.4893,932.59
MANDATORY_STRESS,1.35,1.5,1,10,true,7,BASE_CRITICAL_SERVICE;BASE_TOTAL_SERVICE;RESERVE_45D,0.5722,761.5
MANDATORY_STRESS,1.35,1.5,0.9,10,true,8,BASE_CRITICAL_SERVICE;BASE_TOTAL_SERVICE;RESERVE_45D,0.5722,770.87
MANDATORY_STRESS,1.35,1.5,0.8,10,true,8,BASE_CRITICAL_SERVICE;BASE_TOTAL_SERVICE;RESERVE_45D,0.5722,780.23
MANDATORY_STRESS,1.35,1.5,0.7,10,true,8,BASE_CRITICAL_SERVICE;BASE_TOTAL_SERVICE;RESERVE_45D,0.5722,792.86
MANDATORY_STRESS,1.35,1.5,0.6,10,true,8,BASE_CRITICAL_SERVICE;BASE_TOTAL_SERVICE;RESERVE_45D,0.5722,808.73
MANDATORY_STRESS,1.35,1.5,0.5,10,true,8,BASE_CRITICAL_SERVICE;BASE_TOTAL_SERVICE;RESERVE_45D,0.5666,827.21
MANDATORY_STRESS,1.35,1.5,0.4,10,true,8,BASE_CRITICAL_SERVICE;BASE_TOTAL_SERVICE;RESERVE_45D,0.5512,848.29
MANDATORY_STRESS,1.35,1.5,0.3,10,true,8,BASE_CRITICAL_SERVICE;BASE_TOTAL_SERVICE;RESERVE_45D,0.5357,869.36
MANDATORY_STRESS,1.35,1.5,0.2,10,true,8,BASE_CRITICAL_SERVICE;BASE_TOTAL_SERVICE;RESERVE_45D,0.5202,890.44
MANDATORY_STRESS,1.35,1.5,0.1,10,true,8,BASE_CRITICAL_SERVICE;BASE_TOTAL_SERVICE;RESERVE_45D,0.5048,911.52
MANDATORY_STRESS,1.35,1.5,0,10,true,8,BASE_CRITICAL_SERVICE;BASE_TOTAL_SERVICE;RESERVE_45D,0.4893,932.59
MANDATORY_STRESS,1.4,1,1,8,true,8,BASE_CRITICAL_SERVICE;BASE_TOTAL_SERVICE;RESERVE_45D,0.5518,838.2
MANDATORY_STRESS,1.4,1,0.9,8,true,8,BASE_CRITICAL_SERVICE;BASE_TOTAL_SERVICE;RESERVE_45D,0.5518,847.57
MANDATORY_STRESS,1.4,1,0.8,8,true,8,BASE_CRITICAL_SERVICE;BASE_TOTAL_SERVICE;RESERVE_45D,0.5518,856.93
MANDATORY_STRESS,1.4,1,0.7,8,true,8,BASE_CRITICAL_SERVICE;BASE_TOTAL_SERVICE;RESERVE_45D,0.5518,869.56
MANDATORY_STRESS,1.4,1,0.6,8,true,8,BASE_CRITICAL_SERVICE;BASE_TOTAL_SERVICE;RESERVE_45D,0.5518,885.43
MANDATORY_STRESS,1.4,1,0.5,8,true,8,BASE_CRITICAL_SERVICE;BASE_TOTAL_SERVICE;RESERVE_45D,0.5464,903.91
MANDATORY_STRESS,1.4,1,0.4,8,true,8,BASE_CRITICAL_SERVICE;BASE_TOTAL_SERVICE;RESERVE_45D,0.5315,924.99
MANDATORY_STRESS,1.4,1,0.3,8,true,8,BASE_CRITICAL_SERVICE;BASE_TOTAL_SERVICE;RESERVE_45D,0.5166,946.06
MANDATORY_STRESS,1.4,1,0.2,8,true,8,BASE_CRITICAL_SERVICE;BASE_TOTAL_SERVICE;RESERVE_45D,0.5017,967.14
MANDATORY_STRESS,1.4,1,0.1,9,true,8,BASE_CRITICAL_SERVICE;BASE_TOTAL_SERVICE;RESERVE_45D,0.4867,988.22
MANDATORY_STRESS,1.4,1,0,10,true,8,BASE_CRITICAL_SERVICE;BASE_TOTAL_SERVICE;RESERVE_45D,0.4718,1009.29
MANDATORY_STRESS,1.4,1.05,1,8,true,8,BASE_CRITICAL_SERVICE;BASE_TOTAL_SERVICE;RESERVE_45D,0.5518,838.2
MANDATORY_STRESS,1.4,1.05,0.9,8,true,8,BASE_CRITICAL_SERVICE;BASE_TOTAL_SERVICE;RESERVE_45D,0.5518,847.57
MANDATORY_STRESS,1.4,1.05,0.8,8,true,8,BASE_CRITICAL_SERVICE;BASE_TOTAL_SERVICE;RESERVE_45D,0.5518,856.93
MANDATORY_STRESS,1.4,1.05,0.7,8,true,8,BASE_CRITICAL_SERVICE;BASE_TOTAL_SERVICE;RESERVE_45D,0.5518,869.56
MANDATORY_STRESS,1.4,1.05,0.6,8,true,8,BASE_CRITICAL_SERVICE;BASE_TOTAL_SERVICE;RESERVE_45D,0.5518,885.43
MANDATORY_STRESS,1.4,1.05,0.5,8,true,8,BASE_CRITICAL_SERVICE;BASE_TOTAL_SERVICE;RESERVE_45D,0.5464,903.91
MANDATORY_STRESS,1.4,1.05,0.4,8,true,8,BASE_CRITICAL_SERVICE;BASE_TOTAL_SERVICE;RESERVE_45D,0.5315,924.99
MANDATORY_STRESS,1.4,1.05,0.3,8,true,8,BASE_CRITICAL_SERVICE;BASE_TOTAL_SERVICE;RESERVE_45D,0.5166,946.06
MANDATORY_STRESS,1.4,1.05,0.2,8,true,8,BASE_CRITICAL_SERVICE;BASE_TOTAL_SERVICE;RESERVE_45D,0.5017,967.14
MANDATORY_STRESS,1.4,1.05,0.1,9,true,8,BASE_CRITICAL_SERVICE;BASE_TOTAL_SERVICE;RESERVE_45D,0.4867,988.22
MANDATORY_STRESS,1.4,1.05,0,10,true,8,BASE_CRITICAL_SERVICE;BASE_TOTAL_SERVICE;RESERVE_45D,0.4718,1009.29
MANDATORY_STRESS,1.4,1.1,1,8,true,8,BASE_CRITICAL_SERVICE;BASE_TOTAL_SERVICE;RESERVE_45D,0.5518,838.2
MANDATORY_STRESS,1.4,1.1,0.9,8,true,8,BASE_CRITICAL_SERVICE;BASE_TOTAL_SERVICE;RESERVE_45D,0.5518,847.57
MANDATORY_STRESS,1.4,1.1,0.8,8,true,8,BASE_CRITICAL_SERVICE;BASE_TOTAL_SERVICE;RESERVE_45D,0.5518,856.93
MANDATORY_STRESS,1.4,1.1,0.7,8,true,8,BASE_CRITICAL_SERVICE;BASE_TOTAL_SERVICE;RESERVE_45D,0.5518,869.56
MANDATORY_STRESS,1.4,1.1,0.6,8,true,8,BASE_CRITICAL_SERVICE;BASE_TOTAL_SERVICE;RESERVE_45D,0.5518,885.43
MANDATORY_STRESS,1.4,1.1,0.5,8,true,8,BASE_CRITICAL_SERVICE;BASE_TOTAL_SERVICE;RESERVE_45D,0.5464,903.91
MANDATORY_STRESS,1.4,1.1,0.4,8,true,8,BASE_CRITICAL_SERVICE;BASE_TOTAL_SERVICE;RESERVE_45D,0.5315,924.99
MANDATORY_STRESS,1.4,1.1,0.3,8,true,8,BASE_CRITICAL_SERVICE;BASE_TOTAL_SERVICE;RESERVE_45D,0.5166,946.06
MANDATORY_STRESS,1.4,1.1,0.2,8,true,8,BASE_CRITICAL_SERVICE;BASE_TOTAL_SERVICE;RESERVE_45D,0.5017,967.14
MANDATORY_STRESS,1.4,1.1,0.1,9,true,8,BASE_CRITICAL_SERVICE;BASE_TOTAL_SERVICE;RESERVE_45D,0.4867,988.22
MANDATORY_STRESS,1.4,1.1,0,10,true,8,BASE_CRITICAL_SERVICE;BASE_TOTAL_SERVICE;RESERVE_45D,0.4718,1009.29
MANDATORY_STRESS,1.4,1.15,1,8,true,8,BASE_CRITICAL_SERVICE;BASE_TOTAL_SERVICE;RESERVE_45D,0.5518,838.2
MANDATORY_STRESS,1.4,1.15,0.9,8,true,8,BASE_CRITICAL_SERVICE;BASE_TOTAL_SERVICE;RESERVE_45D,0.5518,847.57
MANDATORY_STRESS,1.4,1.15,0.8,8,true,8,BASE_CRITICAL_SERVICE;BASE_TOTAL_SERVICE;RESERVE_45D,0.5518,856.93
MANDATORY_STRESS,1.4,1.15,0.7,8,true,8,BASE_CRITICAL_SERVICE;BASE_TOTAL_SERVICE;RESERVE_45D,0.5518,869.56
MANDATORY_STRESS,1.4,1.15,0.6,8,true,8,BASE_CRITICAL_SERVICE;BASE_TOTAL_SERVICE;RESERVE_45D,0.5518,885.43
MANDATORY_STRESS,1.4,1.15,0.5,8,true,8,BASE_CRITICAL_SERVICE;BASE_TOTAL_SERVICE;RESERVE_45D,0.5464,903.91
MANDATORY_STRESS,1.4,1.15,0.4,8,true,8,BASE_CRITICAL_SERVICE;BASE_TOTAL_SERVICE;RESERVE_45D,0.5315,924.99
MANDATORY_STRESS,1.4,1.15,0.3,8,true,8,BASE_CRITICAL_SERVICE;BASE_TOTAL_SERVICE;RESERVE_45D,0.5166,946.06
MANDATORY_STRESS,1.4,1.15,0.2,8,true,8,BASE_CRITICAL_SERVICE;BASE_TOTAL_SERVICE;RESERVE_45D,0.5017,967.14
MANDATORY_STRESS,1.4,1.15,0.1,9,true,8,BASE_CRITICAL_SERVICE;BASE_TOTAL_SERVICE;RESERVE_45D,0.4867,988.22
MANDATORY_STRESS,1.4,1.15,0,10,true,8,BASE_CRITICAL_SERVICE;BASE_TOTAL_SERVICE;RESERVE_45D,0.4718,1009.29
MANDATORY_STRESS,1.4,1.2,1,8,true,8,BASE_CRITICAL_SERVICE;BASE_TOTAL_SERVICE;RESERVE_45D,0.5518,838.2
MANDATORY_STRESS,1.4,1.2,0.9,8,true,8,BASE_CRITICAL_SERVICE;BASE_TOTAL_SERVICE;RESERVE_45D,0.5518,847.57
MANDATORY_STRESS,1.4,1.2,0.8,8,true,8,BASE_CRITICAL_SERVICE;BASE_TOTAL_SERVICE;RESERVE_45D,0.5518,856.93
MANDATORY_STRESS,1.4,1.2,0.7,8,true,8,BASE_CRITICAL_SERVICE;BASE_TOTAL_SERVICE;RESERVE_45D,0.5518,869.56
MANDATORY_STRESS,1.4,1.2,0.6,8,true,8,BASE_CRITICAL_SERVICE;BASE_TOTAL_SERVICE;RESERVE_45D,0.5518,885.43
MANDATORY_STRESS,1.4,1.2,0.5,8,true,8,BASE_CRITICAL_SERVICE;BASE_TOTAL_SERVICE;RESERVE_45D,0.5464,903.91
MANDATORY_STRESS,1.4,1.2,0.4,8,true,8,BASE_CRITICAL_SERVICE;BASE_TOTAL_SERVICE;RESERVE_45D,0.5315,924.99
MANDATORY_STRESS,1.4,1.2,0.3,8,true,8,BASE_CRITICAL_SERVICE;BASE_TOTAL_SERVICE;RESERVE_45D,0.5166,946.06
MANDATORY_STRESS,1.4,1.2,0.2,8,true,8,BASE_CRITICAL_SERVICE;BASE_TOTAL_SERVICE;RESERVE_45D,0.5017,967.14
MANDATORY_STRESS,1.4,1.2,0.1,9,true,8,BASE_CRITICAL_SERVICE;BASE_TOTAL_SERVICE;RESERVE_45D,0.4867,988.22
MANDATORY_STRESS,1.4,1.2,0,10,true,8,BASE_CRITICAL_SERVICE;BASE_TOTAL_SERVICE;RESERVE_45D,0.4718,1009.29
MANDATORY_STRESS,1.4,1.25,1,8,true,8,BASE_CRITICAL_SERVICE;BASE_TOTAL_SERVICE;RESERVE_45D,0.5518,838.2
MANDATORY_STRESS,1.4,1.25,0.9,8,true,8,BASE_CRITICAL_SERVICE;BASE_TOTAL_SERVICE;RESERVE_45D,0.5518,847.57
MANDATORY_STRESS,1.4,1.25,0.8,8,true,8,BASE_CRITICAL_SERVICE;BASE_TOTAL_SERVICE;RESERVE_45D,0.5518,856.93
MANDATORY_STRESS,1.4,1.25,0.7,8,true,8,BASE_CRITICAL_SERVICE;BASE_TOTAL_SERVICE;RESERVE_45D,0.5518,869.56
MANDATORY_STRESS,1.4,1.25,0.6,8,true,8,BASE_CRITICAL_SERVICE;BASE_TOTAL_SERVICE;RESERVE_45D,0.5518,885.43
MANDATORY_STRESS,1.4,1.25,0.5,8,true,8,BASE_CRITICAL_SERVICE;BASE_TOTAL_SERVICE;RESERVE_45D,0.5464,903.91
MANDATORY_STRESS,1.4,1.25,0.4,8,true,8,BASE_CRITICAL_SERVICE;BASE_TOTAL_SERVICE;RESERVE_45D,0.5315,924.99
MANDATORY_STRESS,1.4,1.25,0.3,8,true,8,BASE_CRITICAL_SERVICE;BASE_TOTAL_SERVICE;RESERVE_45D,0.5166,946.06
MANDATORY_STRESS,1.4,1.25,0.2,8,true,8,BASE_CRITICAL_SERVICE;BASE_TOTAL_SERVICE;RESERVE_45D,0.5017,967.14
MANDATORY_STRESS,1.4,1.25,0.1,9,true,8,BASE_CRITICAL_SERVICE;BASE_TOTAL_SERVICE;RESERVE_45D,0.4867,988.22
MANDATORY_STRESS,1.4,1.25,0,10,true,8,BASE_CRITICAL_SERVICE;BASE_TOTAL_SERVICE;RESERVE_45D,0.4718,1009.29
MANDATORY_STRESS,1.4,1.3,1,8,true,8,BASE_CRITICAL_SERVICE;BASE_TOTAL_SERVICE;RESERVE_45D,0.5518,838.2
MANDATORY_STRESS,1.4,1.3,0.9,8,true,8,BASE_CRITICAL_SERVICE;BASE_TOTAL_SERVICE;RESERVE_45D,0.5518,847.57
MANDATORY_STRESS,1.4,1.3,0.8,8,true,8,BASE_CRITICAL_SERVICE;BASE_TOTAL_SERVICE;RESERVE_45D,0.5518,856.93
MANDATORY_STRESS,1.4,1.3,0.7,8,true,8,BASE_CRITICAL_SERVICE;BASE_TOTAL_SERVICE;RESERVE_45D,0.5518,869.56
MANDATORY_STRESS,1.4,1.3,0.6,8,true,8,BASE_CRITICAL_SERVICE;BASE_TOTAL_SERVICE;RESERVE_45D,0.5518,885.43
MANDATORY_STRESS,1.4,1.3,0.5,8,true,8,BASE_CRITICAL_SERVICE;BASE_TOTAL_SERVICE;RESERVE_45D,0.5464,903.91
MANDATORY_STRESS,1.4,1.3,0.4,8,true,8,BASE_CRITICAL_SERVICE;BASE_TOTAL_SERVICE;RESERVE_45D,0.5315,924.99
MANDATORY_STRESS,1.4,1.3,0.3,8,true,8,BASE_CRITICAL_SERVICE;BASE_TOTAL_SERVICE;RESERVE_45D,0.5166,946.06
MANDATORY_STRESS,1.4,1.3,0.2,8,true,8,BASE_CRITICAL_SERVICE;BASE_TOTAL_SERVICE;RESERVE_45D,0.5017,967.14
MANDATORY_STRESS,1.4,1.3,0.1,9,true,8,BASE_CRITICAL_SERVICE;BASE_TOTAL_SERVICE;RESERVE_45D,0.4867,988.22
MANDATORY_STRESS,1.4,1.3,0,10,true,8,BASE_CRITICAL_SERVICE;BASE_TOTAL_SERVICE;RESERVE_45D,0.4718,1009.29
MANDATORY_STRESS,1.4,1.35,1,8,true,8,BASE_CRITICAL_SERVICE;BASE_TOTAL_SERVICE;RESERVE_45D,0.5518,838.2
MANDATORY_STRESS,1.4,1.35,0.9,8,true,8,BASE_CRITICAL_SERVICE;BASE_TOTAL_SERVICE;RESERVE_45D,0.5518,847.57
MANDATORY_STRESS,1.4,1.35,0.8,8,true,8,BASE_CRITICAL_SERVICE;BASE_TOTAL_SERVICE;RESERVE_45D,0.5518,856.93
MANDATORY_STRESS,1.4,1.35,0.7,8,true,8,BASE_CRITICAL_SERVICE;BASE_TOTAL_SERVICE;RESERVE_45D,0.5518,869.56
MANDATORY_STRESS,1.4,1.35,0.6,8,true,8,BASE_CRITICAL_SERVICE;BASE_TOTAL_SERVICE;RESERVE_45D,0.5518,885.43
MANDATORY_STRESS,1.4,1.35,0.5,8,true,8,BASE_CRITICAL_SERVICE;BASE_TOTAL_SERVICE;RESERVE_45D,0.5464,903.91
MANDATORY_STRESS,1.4,1.35,0.4,8,true,8,BASE_CRITICAL_SERVICE;BASE_TOTAL_SERVICE;RESERVE_45D,0.5315,924.99
MANDATORY_STRESS,1.4,1.35,0.3,8,true,8,BASE_CRITICAL_SERVICE;BASE_TOTAL_SERVICE;RESERVE_45D,0.5166,946.06
MANDATORY_STRESS,1.4,1.35,0.2,8,true,8,BASE_CRITICAL_SERVICE;BASE_TOTAL_SERVICE;RESERVE_45D,0.5017,967.14
MANDATORY_STRESS,1.4,1.35,0.1,9,true,8,BASE_CRITICAL_SERVICE;BASE_TOTAL_SERVICE;RESERVE_45D,0.4867,988.22
MANDATORY_STRESS,1.4,1.35,0,10,true,8,BASE_CRITICAL_SERVICE;BASE_TOTAL_SERVICE;RESERVE_45D,0.4718,1009.29
MANDATORY_STRESS,1.4,1.4,1,8,true,8,BASE_CRITICAL_SERVICE;BASE_TOTAL_SERVICE;RESERVE_45D,0.5518,838.2
MANDATORY_STRESS,1.4,1.4,0.9,8,true,8,BASE_CRITICAL_SERVICE;BASE_TOTAL_SERVICE;RESERVE_45D,0.5518,847.57
MANDATORY_STRESS,1.4,1.4,0.8,8,true,8,BASE_CRITICAL_SERVICE;BASE_TOTAL_SERVICE;RESERVE_45D,0.5518,856.93
MANDATORY_STRESS,1.4,1.4,0.7,8,true,8,BASE_CRITICAL_SERVICE;BASE_TOTAL_SERVICE;RESERVE_45D,0.5518,869.56
MANDATORY_STRESS,1.4,1.4,0.6,8,true,8,BASE_CRITICAL_SERVICE;BASE_TOTAL_SERVICE;RESERVE_45D,0.5518,885.43
MANDATORY_STRESS,1.4,1.4,0.5,8,true,8,BASE_CRITICAL_SERVICE;BASE_TOTAL_SERVICE;RESERVE_45D,0.5464,903.91
MANDATORY_STRESS,1.4,1.4,0.4,8,true,8,BASE_CRITICAL_SERVICE;BASE_TOTAL_SERVICE;RESERVE_45D,0.5315,924.99
MANDATORY_STRESS,1.4,1.4,0.3,8,true,8,BASE_CRITICAL_SERVICE;BASE_TOTAL_SERVICE;RESERVE_45D,0.5166,946.06
MANDATORY_STRESS,1.4,1.4,0.2,8,true,8,BASE_CRITICAL_SERVICE;BASE_TOTAL_SERVICE;RESERVE_45D,0.5017,967.14
MANDATORY_STRESS,1.4,1.4,0.1,9,true,8,BASE_CRITICAL_SERVICE;BASE_TOTAL_SERVICE;RESERVE_45D,0.4867,988.22
MANDATORY_STRESS,1.4,1.4,0,10,true,8,BASE_CRITICAL_SERVICE;BASE_TOTAL_SERVICE;RESERVE_45D,0.4718,1009.29
MANDATORY_STRESS,1.4,1.45,1,9,true,8,BASE_CRITICAL_SERVICE;BASE_TOTAL_SERVICE;RESERVE_45D,0.5518,838.2
MANDATORY_STRESS,1.4,1.45,0.9,9,true,8,BASE_CRITICAL_SERVICE;BASE_TOTAL_SERVICE;RESERVE_45D,0.5518,847.57
MANDATORY_STRESS,1.4,1.45,0.8,9,true,8,BASE_CRITICAL_SERVICE;BASE_TOTAL_SERVICE;RESERVE_45D,0.5518,856.93
MANDATORY_STRESS,1.4,1.45,0.7,9,true,8,BASE_CRITICAL_SERVICE;BASE_TOTAL_SERVICE;RESERVE_45D,0.5518,869.56
MANDATORY_STRESS,1.4,1.45,0.6,9,true,8,BASE_CRITICAL_SERVICE;BASE_TOTAL_SERVICE;RESERVE_45D,0.5518,885.43
MANDATORY_STRESS,1.4,1.45,0.5,9,true,8,BASE_CRITICAL_SERVICE;BASE_TOTAL_SERVICE;RESERVE_45D,0.5464,903.91
MANDATORY_STRESS,1.4,1.45,0.4,9,true,8,BASE_CRITICAL_SERVICE;BASE_TOTAL_SERVICE;RESERVE_45D,0.5315,924.99
MANDATORY_STRESS,1.4,1.45,0.3,9,true,8,BASE_CRITICAL_SERVICE;BASE_TOTAL_SERVICE;RESERVE_45D,0.5166,946.06
MANDATORY_STRESS,1.4,1.45,0.2,9,true,8,BASE_CRITICAL_SERVICE;BASE_TOTAL_SERVICE;RESERVE_45D,0.5017,967.14
MANDATORY_STRESS,1.4,1.45,0.1,9,true,8,BASE_CRITICAL_SERVICE;BASE_TOTAL_SERVICE;RESERVE_45D,0.4867,988.22
MANDATORY_STRESS,1.4,1.45,0,10,true,8,BASE_CRITICAL_SERVICE;BASE_TOTAL_SERVICE;RESERVE_45D,0.4718,1009.29
MANDATORY_STRESS,1.4,1.5,1,10,true,8,BASE_CRITICAL_SERVICE;BASE_TOTAL_SERVICE;RESERVE_45D,0.5518,838.2
MANDATORY_STRESS,1.4,1.5,0.9,10,true,8,BASE_CRITICAL_SERVICE;BASE_TOTAL_SERVICE;RESERVE_45D,0.5518,847.57
MANDATORY_STRESS,1.4,1.5,0.8,10,true,8,BASE_CRITICAL_SERVICE;BASE_TOTAL_SERVICE;RESERVE_45D,0.5518,856.93
MANDATORY_STRESS,1.4,1.5,0.7,10,true,8,BASE_CRITICAL_SERVICE;BASE_TOTAL_SERVICE;RESERVE_45D,0.5518,869.56
MANDATORY_STRESS,1.4,1.5,0.6,10,true,8,BASE_CRITICAL_SERVICE;BASE_TOTAL_SERVICE;RESERVE_45D,0.5518,885.43
MANDATORY_STRESS,1.4,1.5,0.5,10,true,8,BASE_CRITICAL_SERVICE;BASE_TOTAL_SERVICE;RESERVE_45D,0.5464,903.91
MANDATORY_STRESS,1.4,1.5,0.4,10,true,8,BASE_CRITICAL_SERVICE;BASE_TOTAL_SERVICE;RESERVE_45D,0.5315,924.99
MANDATORY_STRESS,1.4,1.5,0.3,10,true,8,BASE_CRITICAL_SERVICE;BASE_TOTAL_SERVICE;RESERVE_45D,0.5166,946.06
MANDATORY_STRESS,1.4,1.5,0.2,10,true,8,BASE_CRITICAL_SERVICE;BASE_TOTAL_SERVICE;RESERVE_45D,0.5017,967.14
MANDATORY_STRESS,1.4,1.5,0.1,10,true,8,BASE_CRITICAL_SERVICE;BASE_TOTAL_SERVICE;RESERVE_45D,0.4867,988.22
MANDATORY_STRESS,1.4,1.5,0,10,true,8,BASE_CRITICAL_SERVICE;BASE_TOTAL_SERVICE;RESERVE_45D,0.4718,1009.29
MANDATORY_STRESS,1.45,1,1,9,true,8,BASE_CRITICAL_SERVICE;BASE_TOTAL_SERVICE;RESERVE_45D,0.5327,914.9
MANDATORY_STRESS,1.45,1,0.9,9,true,8,BASE_CRITICAL_SERVICE;BASE_TOTAL_SERVICE;RESERVE_45D,0.5327,924.27
MANDATORY_STRESS,1.45,1,0.8,9,true,8,BASE_CRITICAL_SERVICE;BASE_TOTAL_SERVICE;RESERVE_45D,0.5327,933.63
MANDATORY_STRESS,1.45,1,0.7,9,true,8,BASE_CRITICAL_SERVICE;BASE_TOTAL_SERVICE;RESERVE_45D,0.5327,946.26
MANDATORY_STRESS,1.45,1,0.6,9,true,8,BASE_CRITICAL_SERVICE;BASE_TOTAL_SERVICE;RESERVE_45D,0.5327,962.13
MANDATORY_STRESS,1.45,1,0.5,9,true,8,BASE_CRITICAL_SERVICE;BASE_TOTAL_SERVICE;RESERVE_45D,0.5276,980.61
MANDATORY_STRESS,1.45,1,0.4,9,true,8,BASE_CRITICAL_SERVICE;BASE_TOTAL_SERVICE;RESERVE_45D,0.5132,1001.69
MANDATORY_STRESS,1.45,1,0.3,9,true,8,BASE_CRITICAL_SERVICE;BASE_TOTAL_SERVICE;RESERVE_45D,0.4988,1022.76
MANDATORY_STRESS,1.45,1,0.2,9,true,8,BASE_CRITICAL_SERVICE;BASE_TOTAL_SERVICE;RESERVE_45D,0.4844,1043.84
MANDATORY_STRESS,1.45,1,0.1,9,true,8,BASE_CRITICAL_SERVICE;BASE_TOTAL_SERVICE;RESERVE_45D,0.47,1064.92
MANDATORY_STRESS,1.45,1,0,10,true,8,BASE_CRITICAL_SERVICE;BASE_TOTAL_SERVICE;RESERVE_45D,0.4555,1085.99
MANDATORY_STRESS,1.45,1.05,1,9,true,8,BASE_CRITICAL_SERVICE;BASE_TOTAL_SERVICE;RESERVE_45D,0.5327,914.9
MANDATORY_STRESS,1.45,1.05,0.9,9,true,8,BASE_CRITICAL_SERVICE;BASE_TOTAL_SERVICE;RESERVE_45D,0.5327,924.27
MANDATORY_STRESS,1.45,1.05,0.8,9,true,8,BASE_CRITICAL_SERVICE;BASE_TOTAL_SERVICE;RESERVE_45D,0.5327,933.63
MANDATORY_STRESS,1.45,1.05,0.7,9,true,8,BASE_CRITICAL_SERVICE;BASE_TOTAL_SERVICE;RESERVE_45D,0.5327,946.26
MANDATORY_STRESS,1.45,1.05,0.6,9,true,8,BASE_CRITICAL_SERVICE;BASE_TOTAL_SERVICE;RESERVE_45D,0.5327,962.13
MANDATORY_STRESS,1.45,1.05,0.5,9,true,8,BASE_CRITICAL_SERVICE;BASE_TOTAL_SERVICE;RESERVE_45D,0.5276,980.61
MANDATORY_STRESS,1.45,1.05,0.4,9,true,8,BASE_CRITICAL_SERVICE;BASE_TOTAL_SERVICE;RESERVE_45D,0.5132,1001.69
MANDATORY_STRESS,1.45,1.05,0.3,9,true,8,BASE_CRITICAL_SERVICE;BASE_TOTAL_SERVICE;RESERVE_45D,0.4988,1022.76
MANDATORY_STRESS,1.45,1.05,0.2,9,true,8,BASE_CRITICAL_SERVICE;BASE_TOTAL_SERVICE;RESERVE_45D,0.4844,1043.84
MANDATORY_STRESS,1.45,1.05,0.1,9,true,8,BASE_CRITICAL_SERVICE;BASE_TOTAL_SERVICE;RESERVE_45D,0.47,1064.92
MANDATORY_STRESS,1.45,1.05,0,10,true,8,BASE_CRITICAL_SERVICE;BASE_TOTAL_SERVICE;RESERVE_45D,0.4555,1085.99
MANDATORY_STRESS,1.45,1.1,1,9,true,8,BASE_CRITICAL_SERVICE;BASE_TOTAL_SERVICE;RESERVE_45D,0.5327,914.9
MANDATORY_STRESS,1.45,1.1,0.9,9,true,8,BASE_CRITICAL_SERVICE;BASE_TOTAL_SERVICE;RESERVE_45D,0.5327,924.27
MANDATORY_STRESS,1.45,1.1,0.8,9,true,8,BASE_CRITICAL_SERVICE;BASE_TOTAL_SERVICE;RESERVE_45D,0.5327,933.63
MANDATORY_STRESS,1.45,1.1,0.7,9,true,8,BASE_CRITICAL_SERVICE;BASE_TOTAL_SERVICE;RESERVE_45D,0.5327,946.26
MANDATORY_STRESS,1.45,1.1,0.6,9,true,8,BASE_CRITICAL_SERVICE;BASE_TOTAL_SERVICE;RESERVE_45D,0.5327,962.13
MANDATORY_STRESS,1.45,1.1,0.5,9,true,8,BASE_CRITICAL_SERVICE;BASE_TOTAL_SERVICE;RESERVE_45D,0.5276,980.61
MANDATORY_STRESS,1.45,1.1,0.4,9,true,8,BASE_CRITICAL_SERVICE;BASE_TOTAL_SERVICE;RESERVE_45D,0.5132,1001.69
MANDATORY_STRESS,1.45,1.1,0.3,9,true,8,BASE_CRITICAL_SERVICE;BASE_TOTAL_SERVICE;RESERVE_45D,0.4988,1022.76
MANDATORY_STRESS,1.45,1.1,0.2,9,true,8,BASE_CRITICAL_SERVICE;BASE_TOTAL_SERVICE;RESERVE_45D,0.4844,1043.84
MANDATORY_STRESS,1.45,1.1,0.1,9,true,8,BASE_CRITICAL_SERVICE;BASE_TOTAL_SERVICE;RESERVE_45D,0.47,1064.92
MANDATORY_STRESS,1.45,1.1,0,10,true,8,BASE_CRITICAL_SERVICE;BASE_TOTAL_SERVICE;RESERVE_45D,0.4555,1085.99
MANDATORY_STRESS,1.45,1.15,1,9,true,8,BASE_CRITICAL_SERVICE;BASE_TOTAL_SERVICE;RESERVE_45D,0.5327,914.9
MANDATORY_STRESS,1.45,1.15,0.9,9,true,8,BASE_CRITICAL_SERVICE;BASE_TOTAL_SERVICE;RESERVE_45D,0.5327,924.27
MANDATORY_STRESS,1.45,1.15,0.8,9,true,8,BASE_CRITICAL_SERVICE;BASE_TOTAL_SERVICE;RESERVE_45D,0.5327,933.63
MANDATORY_STRESS,1.45,1.15,0.7,9,true,8,BASE_CRITICAL_SERVICE;BASE_TOTAL_SERVICE;RESERVE_45D,0.5327,946.26
MANDATORY_STRESS,1.45,1.15,0.6,9,true,8,BASE_CRITICAL_SERVICE;BASE_TOTAL_SERVICE;RESERVE_45D,0.5327,962.13
MANDATORY_STRESS,1.45,1.15,0.5,9,true,8,BASE_CRITICAL_SERVICE;BASE_TOTAL_SERVICE;RESERVE_45D,0.5276,980.61
MANDATORY_STRESS,1.45,1.15,0.4,9,true,8,BASE_CRITICAL_SERVICE;BASE_TOTAL_SERVICE;RESERVE_45D,0.5132,1001.69
MANDATORY_STRESS,1.45,1.15,0.3,9,true,8,BASE_CRITICAL_SERVICE;BASE_TOTAL_SERVICE;RESERVE_45D,0.4988,1022.76
MANDATORY_STRESS,1.45,1.15,0.2,9,true,8,BASE_CRITICAL_SERVICE;BASE_TOTAL_SERVICE;RESERVE_45D,0.4844,1043.84
MANDATORY_STRESS,1.45,1.15,0.1,9,true,8,BASE_CRITICAL_SERVICE;BASE_TOTAL_SERVICE;RESERVE_45D,0.47,1064.92
MANDATORY_STRESS,1.45,1.15,0,10,true,8,BASE_CRITICAL_SERVICE;BASE_TOTAL_SERVICE;RESERVE_45D,0.4555,1085.99
MANDATORY_STRESS,1.45,1.2,1,9,true,8,BASE_CRITICAL_SERVICE;BASE_TOTAL_SERVICE;RESERVE_45D,0.5327,914.9
MANDATORY_STRESS,1.45,1.2,0.9,9,true,8,BASE_CRITICAL_SERVICE;BASE_TOTAL_SERVICE;RESERVE_45D,0.5327,924.27
MANDATORY_STRESS,1.45,1.2,0.8,9,true,8,BASE_CRITICAL_SERVICE;BASE_TOTAL_SERVICE;RESERVE_45D,0.5327,933.63
MANDATORY_STRESS,1.45,1.2,0.7,9,true,8,BASE_CRITICAL_SERVICE;BASE_TOTAL_SERVICE;RESERVE_45D,0.5327,946.26
MANDATORY_STRESS,1.45,1.2,0.6,9,true,8,BASE_CRITICAL_SERVICE;BASE_TOTAL_SERVICE;RESERVE_45D,0.5327,962.13
MANDATORY_STRESS,1.45,1.2,0.5,9,true,8,BASE_CRITICAL_SERVICE;BASE_TOTAL_SERVICE;RESERVE_45D,0.5276,980.61
MANDATORY_STRESS,1.45,1.2,0.4,9,true,8,BASE_CRITICAL_SERVICE;BASE_TOTAL_SERVICE;RESERVE_45D,0.5132,1001.69
MANDATORY_STRESS,1.45,1.2,0.3,9,true,8,BASE_CRITICAL_SERVICE;BASE_TOTAL_SERVICE;RESERVE_45D,0.4988,1022.76
MANDATORY_STRESS,1.45,1.2,0.2,9,true,8,BASE_CRITICAL_SERVICE;BASE_TOTAL_SERVICE;RESERVE_45D,0.4844,1043.84
MANDATORY_STRESS,1.45,1.2,0.1,9,true,8,BASE_CRITICAL_SERVICE;BASE_TOTAL_SERVICE;RESERVE_45D,0.47,1064.92
MANDATORY_STRESS,1.45,1.2,0,10,true,8,BASE_CRITICAL_SERVICE;BASE_TOTAL_SERVICE;RESERVE_45D,0.4555,1085.99
MANDATORY_STRESS,1.45,1.25,1,9,true,8,BASE_CRITICAL_SERVICE;BASE_TOTAL_SERVICE;RESERVE_45D,0.5327,914.9
MANDATORY_STRESS,1.45,1.25,0.9,9,true,8,BASE_CRITICAL_SERVICE;BASE_TOTAL_SERVICE;RESERVE_45D,0.5327,924.27
MANDATORY_STRESS,1.45,1.25,0.8,9,true,8,BASE_CRITICAL_SERVICE;BASE_TOTAL_SERVICE;RESERVE_45D,0.5327,933.63
MANDATORY_STRESS,1.45,1.25,0.7,9,true,8,BASE_CRITICAL_SERVICE;BASE_TOTAL_SERVICE;RESERVE_45D,0.5327,946.26
MANDATORY_STRESS,1.45,1.25,0.6,9,true,8,BASE_CRITICAL_SERVICE;BASE_TOTAL_SERVICE;RESERVE_45D,0.5327,962.13
MANDATORY_STRESS,1.45,1.25,0.5,9,true,8,BASE_CRITICAL_SERVICE;BASE_TOTAL_SERVICE;RESERVE_45D,0.5276,980.61
MANDATORY_STRESS,1.45,1.25,0.4,9,true,8,BASE_CRITICAL_SERVICE;BASE_TOTAL_SERVICE;RESERVE_45D,0.5132,1001.69
MANDATORY_STRESS,1.45,1.25,0.3,9,true,8,BASE_CRITICAL_SERVICE;BASE_TOTAL_SERVICE;RESERVE_45D,0.4988,1022.76
MANDATORY_STRESS,1.45,1.25,0.2,9,true,8,BASE_CRITICAL_SERVICE;BASE_TOTAL_SERVICE;RESERVE_45D,0.4844,1043.84
MANDATORY_STRESS,1.45,1.25,0.1,9,true,8,BASE_CRITICAL_SERVICE;BASE_TOTAL_SERVICE;RESERVE_45D,0.47,1064.92
MANDATORY_STRESS,1.45,1.25,0,10,true,8,BASE_CRITICAL_SERVICE;BASE_TOTAL_SERVICE;RESERVE_45D,0.4555,1085.99
MANDATORY_STRESS,1.45,1.3,1,9,true,8,BASE_CRITICAL_SERVICE;BASE_TOTAL_SERVICE;RESERVE_45D,0.5327,914.9
MANDATORY_STRESS,1.45,1.3,0.9,9,true,8,BASE_CRITICAL_SERVICE;BASE_TOTAL_SERVICE;RESERVE_45D,0.5327,924.27
MANDATORY_STRESS,1.45,1.3,0.8,9,true,8,BASE_CRITICAL_SERVICE;BASE_TOTAL_SERVICE;RESERVE_45D,0.5327,933.63
MANDATORY_STRESS,1.45,1.3,0.7,9,true,8,BASE_CRITICAL_SERVICE;BASE_TOTAL_SERVICE;RESERVE_45D,0.5327,946.26
MANDATORY_STRESS,1.45,1.3,0.6,9,true,8,BASE_CRITICAL_SERVICE;BASE_TOTAL_SERVICE;RESERVE_45D,0.5327,962.13
MANDATORY_STRESS,1.45,1.3,0.5,9,true,8,BASE_CRITICAL_SERVICE;BASE_TOTAL_SERVICE;RESERVE_45D,0.5276,980.61
MANDATORY_STRESS,1.45,1.3,0.4,9,true,8,BASE_CRITICAL_SERVICE;BASE_TOTAL_SERVICE;RESERVE_45D,0.5132,1001.69
MANDATORY_STRESS,1.45,1.3,0.3,9,true,8,BASE_CRITICAL_SERVICE;BASE_TOTAL_SERVICE;RESERVE_45D,0.4988,1022.76
MANDATORY_STRESS,1.45,1.3,0.2,9,true,8,BASE_CRITICAL_SERVICE;BASE_TOTAL_SERVICE;RESERVE_45D,0.4844,1043.84
MANDATORY_STRESS,1.45,1.3,0.1,9,true,8,BASE_CRITICAL_SERVICE;BASE_TOTAL_SERVICE;RESERVE_45D,0.47,1064.92
MANDATORY_STRESS,1.45,1.3,0,10,true,8,BASE_CRITICAL_SERVICE;BASE_TOTAL_SERVICE;RESERVE_45D,0.4555,1085.99
MANDATORY_STRESS,1.45,1.35,1,9,true,8,BASE_CRITICAL_SERVICE;BASE_TOTAL_SERVICE;RESERVE_45D,0.5327,914.9
MANDATORY_STRESS,1.45,1.35,0.9,9,true,8,BASE_CRITICAL_SERVICE;BASE_TOTAL_SERVICE;RESERVE_45D,0.5327,924.27
MANDATORY_STRESS,1.45,1.35,0.8,9,true,8,BASE_CRITICAL_SERVICE;BASE_TOTAL_SERVICE;RESERVE_45D,0.5327,933.63
MANDATORY_STRESS,1.45,1.35,0.7,9,true,8,BASE_CRITICAL_SERVICE;BASE_TOTAL_SERVICE;RESERVE_45D,0.5327,946.26
MANDATORY_STRESS,1.45,1.35,0.6,9,true,8,BASE_CRITICAL_SERVICE;BASE_TOTAL_SERVICE;RESERVE_45D,0.5327,962.13
MANDATORY_STRESS,1.45,1.35,0.5,9,true,8,BASE_CRITICAL_SERVICE;BASE_TOTAL_SERVICE;RESERVE_45D,0.5276,980.61
MANDATORY_STRESS,1.45,1.35,0.4,9,true,8,BASE_CRITICAL_SERVICE;BASE_TOTAL_SERVICE;RESERVE_45D,0.5132,1001.69
MANDATORY_STRESS,1.45,1.35,0.3,9,true,8,BASE_CRITICAL_SERVICE;BASE_TOTAL_SERVICE;RESERVE_45D,0.4988,1022.76
MANDATORY_STRESS,1.45,1.35,0.2,9,true,8,BASE_CRITICAL_SERVICE;BASE_TOTAL_SERVICE;RESERVE_45D,0.4844,1043.84
MANDATORY_STRESS,1.45,1.35,0.1,9,true,8,BASE_CRITICAL_SERVICE;BASE_TOTAL_SERVICE;RESERVE_45D,0.47,1064.92
MANDATORY_STRESS,1.45,1.35,0,10,true,8,BASE_CRITICAL_SERVICE;BASE_TOTAL_SERVICE;RESERVE_45D,0.4555,1085.99
MANDATORY_STRESS,1.45,1.4,1,9,true,8,BASE_CRITICAL_SERVICE;BASE_TOTAL_SERVICE;RESERVE_45D,0.5327,914.9
MANDATORY_STRESS,1.45,1.4,0.9,9,true,8,BASE_CRITICAL_SERVICE;BASE_TOTAL_SERVICE;RESERVE_45D,0.5327,924.27
MANDATORY_STRESS,1.45,1.4,0.8,9,true,8,BASE_CRITICAL_SERVICE;BASE_TOTAL_SERVICE;RESERVE_45D,0.5327,933.63
MANDATORY_STRESS,1.45,1.4,0.7,9,true,8,BASE_CRITICAL_SERVICE;BASE_TOTAL_SERVICE;RESERVE_45D,0.5327,946.26
MANDATORY_STRESS,1.45,1.4,0.6,9,true,8,BASE_CRITICAL_SERVICE;BASE_TOTAL_SERVICE;RESERVE_45D,0.5327,962.13
MANDATORY_STRESS,1.45,1.4,0.5,9,true,8,BASE_CRITICAL_SERVICE;BASE_TOTAL_SERVICE;RESERVE_45D,0.5276,980.61
MANDATORY_STRESS,1.45,1.4,0.4,9,true,8,BASE_CRITICAL_SERVICE;BASE_TOTAL_SERVICE;RESERVE_45D,0.5132,1001.69
MANDATORY_STRESS,1.45,1.4,0.3,9,true,8,BASE_CRITICAL_SERVICE;BASE_TOTAL_SERVICE;RESERVE_45D,0.4988,1022.76
MANDATORY_STRESS,1.45,1.4,0.2,9,true,8,BASE_CRITICAL_SERVICE;BASE_TOTAL_SERVICE;RESERVE_45D,0.4844,1043.84
MANDATORY_STRESS,1.45,1.4,0.1,9,true,8,BASE_CRITICAL_SERVICE;BASE_TOTAL_SERVICE;RESERVE_45D,0.47,1064.92
MANDATORY_STRESS,1.45,1.4,0,10,true,8,BASE_CRITICAL_SERVICE;BASE_TOTAL_SERVICE;RESERVE_45D,0.4555,1085.99
MANDATORY_STRESS,1.45,1.45,1,9,true,8,BASE_CRITICAL_SERVICE;BASE_TOTAL_SERVICE;RESERVE_45D,0.5327,914.9
MANDATORY_STRESS,1.45,1.45,0.9,9,true,8,BASE_CRITICAL_SERVICE;BASE_TOTAL_SERVICE;RESERVE_45D,0.5327,924.27
MANDATORY_STRESS,1.45,1.45,0.8,9,true,8,BASE_CRITICAL_SERVICE;BASE_TOTAL_SERVICE;RESERVE_45D,0.5327,933.63
MANDATORY_STRESS,1.45,1.45,0.7,9,true,8,BASE_CRITICAL_SERVICE;BASE_TOTAL_SERVICE;RESERVE_45D,0.5327,946.26
MANDATORY_STRESS,1.45,1.45,0.6,9,true,8,BASE_CRITICAL_SERVICE;BASE_TOTAL_SERVICE;RESERVE_45D,0.5327,962.13
MANDATORY_STRESS,1.45,1.45,0.5,9,true,8,BASE_CRITICAL_SERVICE;BASE_TOTAL_SERVICE;RESERVE_45D,0.5276,980.61
MANDATORY_STRESS,1.45,1.45,0.4,9,true,8,BASE_CRITICAL_SERVICE;BASE_TOTAL_SERVICE;RESERVE_45D,0.5132,1001.69
MANDATORY_STRESS,1.45,1.45,0.3,9,true,8,BASE_CRITICAL_SERVICE;BASE_TOTAL_SERVICE;RESERVE_45D,0.4988,1022.76
MANDATORY_STRESS,1.45,1.45,0.2,9,true,8,BASE_CRITICAL_SERVICE;BASE_TOTAL_SERVICE;RESERVE_45D,0.4844,1043.84
MANDATORY_STRESS,1.45,1.45,0.1,9,true,8,BASE_CRITICAL_SERVICE;BASE_TOTAL_SERVICE;RESERVE_45D,0.47,1064.92
MANDATORY_STRESS,1.45,1.45,0,10,true,8,BASE_CRITICAL_SERVICE;BASE_TOTAL_SERVICE;RESERVE_45D,0.4555,1085.99
MANDATORY_STRESS,1.45,1.5,1,10,true,8,BASE_CRITICAL_SERVICE;BASE_TOTAL_SERVICE;RESERVE_45D,0.5327,914.9
MANDATORY_STRESS,1.45,1.5,0.9,10,true,8,BASE_CRITICAL_SERVICE;BASE_TOTAL_SERVICE;RESERVE_45D,0.5327,924.27
MANDATORY_STRESS,1.45,1.5,0.8,10,true,8,BASE_CRITICAL_SERVICE;BASE_TOTAL_SERVICE;RESERVE_45D,0.5327,933.63
MANDATORY_STRESS,1.45,1.5,0.7,10,true,8,BASE_CRITICAL_SERVICE;BASE_TOTAL_SERVICE;RESERVE_45D,0.5327,946.26
MANDATORY_STRESS,1.45,1.5,0.6,10,true,8,BASE_CRITICAL_SERVICE;BASE_TOTAL_SERVICE;RESERVE_45D,0.5327,962.13
MANDATORY_STRESS,1.45,1.5,0.5,10,true,8,BASE_CRITICAL_SERVICE;BASE_TOTAL_SERVICE;RESERVE_45D,0.5276,980.61
MANDATORY_STRESS,1.45,1.5,0.4,10,true,8,BASE_CRITICAL_SERVICE;BASE_TOTAL_SERVICE;RESERVE_45D,0.5132,1001.69
MANDATORY_STRESS,1.45,1.5,0.3,10,true,8,BASE_CRITICAL_SERVICE;BASE_TOTAL_SERVICE;RESERVE_45D,0.4988,1022.76
MANDATORY_STRESS,1.45,1.5,0.2,10,true,8,BASE_CRITICAL_SERVICE;BASE_TOTAL_SERVICE;RESERVE_45D,0.4844,1043.84
MANDATORY_STRESS,1.45,1.5,0.1,10,true,8,BASE_CRITICAL_SERVICE;BASE_TOTAL_SERVICE;RESERVE_45D,0.47,1064.92
MANDATORY_STRESS,1.45,1.5,0,10,true,8,BASE_CRITICAL_SERVICE;BASE_TOTAL_SERVICE;RESERVE_45D,0.4555,1085.99
MANDATORY_STRESS,1.5,1,1,10,true,8,BASE_CRITICAL_SERVICE;BASE_TOTAL_SERVICE;RESERVE_45D,0.515,991.6
MANDATORY_STRESS,1.5,1,0.9,10,true,8,BASE_CRITICAL_SERVICE;BASE_TOTAL_SERVICE;RESERVE_45D,0.515,1000.97
MANDATORY_STRESS,1.5,1,0.8,10,true,8,BASE_CRITICAL_SERVICE;BASE_TOTAL_SERVICE;RESERVE_45D,0.515,1010.33
MANDATORY_STRESS,1.5,1,0.7,10,true,8,BASE_CRITICAL_SERVICE;BASE_TOTAL_SERVICE;RESERVE_45D,0.515,1022.96
MANDATORY_STRESS,1.5,1,0.6,10,true,8,BASE_CRITICAL_SERVICE;BASE_TOTAL_SERVICE;RESERVE_45D,0.515,1038.83
MANDATORY_STRESS,1.5,1,0.5,10,true,8,BASE_CRITICAL_SERVICE;BASE_TOTAL_SERVICE;RESERVE_45D,0.51,1057.31
MANDATORY_STRESS,1.5,1,0.4,10,true,8,BASE_CRITICAL_SERVICE;BASE_TOTAL_SERVICE;RESERVE_45D,0.4961,1078.39
MANDATORY_STRESS,1.5,1,0.3,10,true,8,BASE_CRITICAL_SERVICE;BASE_TOTAL_SERVICE;RESERVE_45D,0.4821,1099.46
MANDATORY_STRESS,1.5,1,0.2,10,true,8,BASE_CRITICAL_SERVICE;BASE_TOTAL_SERVICE;RESERVE_45D,0.4682,1120.54
MANDATORY_STRESS,1.5,1,0.1,10,true,8,BASE_CRITICAL_SERVICE;BASE_TOTAL_SERVICE;RESERVE_45D,0.4543,1141.62
MANDATORY_STRESS,1.5,1,0,10,true,8,BASE_CRITICAL_SERVICE;BASE_TOTAL_SERVICE;RESERVE_45D,0.4404,1162.69
MANDATORY_STRESS,1.5,1.05,1,10,true,8,BASE_CRITICAL_SERVICE;BASE_TOTAL_SERVICE;RESERVE_45D,0.515,991.6
MANDATORY_STRESS,1.5,1.05,0.9,10,true,8,BASE_CRITICAL_SERVICE;BASE_TOTAL_SERVICE;RESERVE_45D,0.515,1000.97
MANDATORY_STRESS,1.5,1.05,0.8,10,true,8,BASE_CRITICAL_SERVICE;BASE_TOTAL_SERVICE;RESERVE_45D,0.515,1010.33
MANDATORY_STRESS,1.5,1.05,0.7,10,true,8,BASE_CRITICAL_SERVICE;BASE_TOTAL_SERVICE;RESERVE_45D,0.515,1022.96
MANDATORY_STRESS,1.5,1.05,0.6,10,true,8,BASE_CRITICAL_SERVICE;BASE_TOTAL_SERVICE;RESERVE_45D,0.515,1038.83
MANDATORY_STRESS,1.5,1.05,0.5,10,true,8,BASE_CRITICAL_SERVICE;BASE_TOTAL_SERVICE;RESERVE_45D,0.51,1057.31
MANDATORY_STRESS,1.5,1.05,0.4,10,true,8,BASE_CRITICAL_SERVICE;BASE_TOTAL_SERVICE;RESERVE_45D,0.4961,1078.39
MANDATORY_STRESS,1.5,1.05,0.3,10,true,8,BASE_CRITICAL_SERVICE;BASE_TOTAL_SERVICE;RESERVE_45D,0.4821,1099.46
MANDATORY_STRESS,1.5,1.05,0.2,10,true,8,BASE_CRITICAL_SERVICE;BASE_TOTAL_SERVICE;RESERVE_45D,0.4682,1120.54
MANDATORY_STRESS,1.5,1.05,0.1,10,true,8,BASE_CRITICAL_SERVICE;BASE_TOTAL_SERVICE;RESERVE_45D,0.4543,1141.62
MANDATORY_STRESS,1.5,1.05,0,10,true,8,BASE_CRITICAL_SERVICE;BASE_TOTAL_SERVICE;RESERVE_45D,0.4404,1162.69
MANDATORY_STRESS,1.5,1.1,1,10,true,8,BASE_CRITICAL_SERVICE;BASE_TOTAL_SERVICE;RESERVE_45D,0.515,991.6
MANDATORY_STRESS,1.5,1.1,0.9,10,true,8,BASE_CRITICAL_SERVICE;BASE_TOTAL_SERVICE;RESERVE_45D,0.515,1000.97
MANDATORY_STRESS,1.5,1.1,0.8,10,true,8,BASE_CRITICAL_SERVICE;BASE_TOTAL_SERVICE;RESERVE_45D,0.515,1010.33
MANDATORY_STRESS,1.5,1.1,0.7,10,true,8,BASE_CRITICAL_SERVICE;BASE_TOTAL_SERVICE;RESERVE_45D,0.515,1022.96
MANDATORY_STRESS,1.5,1.1,0.6,10,true,8,BASE_CRITICAL_SERVICE;BASE_TOTAL_SERVICE;RESERVE_45D,0.515,1038.83
MANDATORY_STRESS,1.5,1.1,0.5,10,true,8,BASE_CRITICAL_SERVICE;BASE_TOTAL_SERVICE;RESERVE_45D,0.51,1057.31
MANDATORY_STRESS,1.5,1.1,0.4,10,true,8,BASE_CRITICAL_SERVICE;BASE_TOTAL_SERVICE;RESERVE_45D,0.4961,1078.39
MANDATORY_STRESS,1.5,1.1,0.3,10,true,8,BASE_CRITICAL_SERVICE;BASE_TOTAL_SERVICE;RESERVE_45D,0.4821,1099.46
MANDATORY_STRESS,1.5,1.1,0.2,10,true,8,BASE_CRITICAL_SERVICE;BASE_TOTAL_SERVICE;RESERVE_45D,0.4682,1120.54
MANDATORY_STRESS,1.5,1.1,0.1,10,true,8,BASE_CRITICAL_SERVICE;BASE_TOTAL_SERVICE;RESERVE_45D,0.4543,1141.62
MANDATORY_STRESS,1.5,1.1,0,10,true,8,BASE_CRITICAL_SERVICE;BASE_TOTAL_SERVICE;RESERVE_45D,0.4404,1162.69
MANDATORY_STRESS,1.5,1.15,1,10,true,8,BASE_CRITICAL_SERVICE;BASE_TOTAL_SERVICE;RESERVE_45D,0.515,991.6
MANDATORY_STRESS,1.5,1.15,0.9,10,true,8,BASE_CRITICAL_SERVICE;BASE_TOTAL_SERVICE;RESERVE_45D,0.515,1000.97
MANDATORY_STRESS,1.5,1.15,0.8,10,true,8,BASE_CRITICAL_SERVICE;BASE_TOTAL_SERVICE;RESERVE_45D,0.515,1010.33
MANDATORY_STRESS,1.5,1.15,0.7,10,true,8,BASE_CRITICAL_SERVICE;BASE_TOTAL_SERVICE;RESERVE_45D,0.515,1022.96
MANDATORY_STRESS,1.5,1.15,0.6,10,true,8,BASE_CRITICAL_SERVICE;BASE_TOTAL_SERVICE;RESERVE_45D,0.515,1038.83
MANDATORY_STRESS,1.5,1.15,0.5,10,true,8,BASE_CRITICAL_SERVICE;BASE_TOTAL_SERVICE;RESERVE_45D,0.51,1057.31
MANDATORY_STRESS,1.5,1.15,0.4,10,true,8,BASE_CRITICAL_SERVICE;BASE_TOTAL_SERVICE;RESERVE_45D,0.4961,1078.39
MANDATORY_STRESS,1.5,1.15,0.3,10,true,8,BASE_CRITICAL_SERVICE;BASE_TOTAL_SERVICE;RESERVE_45D,0.4821,1099.46
MANDATORY_STRESS,1.5,1.15,0.2,10,true,8,BASE_CRITICAL_SERVICE;BASE_TOTAL_SERVICE;RESERVE_45D,0.4682,1120.54
MANDATORY_STRESS,1.5,1.15,0.1,10,true,8,BASE_CRITICAL_SERVICE;BASE_TOTAL_SERVICE;RESERVE_45D,0.4543,1141.62
MANDATORY_STRESS,1.5,1.15,0,10,true,8,BASE_CRITICAL_SERVICE;BASE_TOTAL_SERVICE;RESERVE_45D,0.4404,1162.69
MANDATORY_STRESS,1.5,1.2,1,10,true,8,BASE_CRITICAL_SERVICE;BASE_TOTAL_SERVICE;RESERVE_45D,0.515,991.6
MANDATORY_STRESS,1.5,1.2,0.9,10,true,8,BASE_CRITICAL_SERVICE;BASE_TOTAL_SERVICE;RESERVE_45D,0.515,1000.97
MANDATORY_STRESS,1.5,1.2,0.8,10,true,8,BASE_CRITICAL_SERVICE;BASE_TOTAL_SERVICE;RESERVE_45D,0.515,1010.33
MANDATORY_STRESS,1.5,1.2,0.7,10,true,8,BASE_CRITICAL_SERVICE;BASE_TOTAL_SERVICE;RESERVE_45D,0.515,1022.96
MANDATORY_STRESS,1.5,1.2,0.6,10,true,8,BASE_CRITICAL_SERVICE;BASE_TOTAL_SERVICE;RESERVE_45D,0.515,1038.83
MANDATORY_STRESS,1.5,1.2,0.5,10,true,8,BASE_CRITICAL_SERVICE;BASE_TOTAL_SERVICE;RESERVE_45D,0.51,1057.31
MANDATORY_STRESS,1.5,1.2,0.4,10,true,8,BASE_CRITICAL_SERVICE;BASE_TOTAL_SERVICE;RESERVE_45D,0.4961,1078.39
MANDATORY_STRESS,1.5,1.2,0.3,10,true,8,BASE_CRITICAL_SERVICE;BASE_TOTAL_SERVICE;RESERVE_45D,0.4821,1099.46
MANDATORY_STRESS,1.5,1.2,0.2,10,true,8,BASE_CRITICAL_SERVICE;BASE_TOTAL_SERVICE;RESERVE_45D,0.4682,1120.54
MANDATORY_STRESS,1.5,1.2,0.1,10,true,8,BASE_CRITICAL_SERVICE;BASE_TOTAL_SERVICE;RESERVE_45D,0.4543,1141.62
MANDATORY_STRESS,1.5,1.2,0,10,true,8,BASE_CRITICAL_SERVICE;BASE_TOTAL_SERVICE;RESERVE_45D,0.4404,1162.69
MANDATORY_STRESS,1.5,1.25,1,10,true,8,BASE_CRITICAL_SERVICE;BASE_TOTAL_SERVICE;RESERVE_45D,0.515,991.6
MANDATORY_STRESS,1.5,1.25,0.9,10,true,8,BASE_CRITICAL_SERVICE;BASE_TOTAL_SERVICE;RESERVE_45D,0.515,1000.97
MANDATORY_STRESS,1.5,1.25,0.8,10,true,8,BASE_CRITICAL_SERVICE;BASE_TOTAL_SERVICE;RESERVE_45D,0.515,1010.33
MANDATORY_STRESS,1.5,1.25,0.7,10,true,8,BASE_CRITICAL_SERVICE;BASE_TOTAL_SERVICE;RESERVE_45D,0.515,1022.96
MANDATORY_STRESS,1.5,1.25,0.6,10,true,8,BASE_CRITICAL_SERVICE;BASE_TOTAL_SERVICE;RESERVE_45D,0.515,1038.83
MANDATORY_STRESS,1.5,1.25,0.5,10,true,8,BASE_CRITICAL_SERVICE;BASE_TOTAL_SERVICE;RESERVE_45D,0.51,1057.31
MANDATORY_STRESS,1.5,1.25,0.4,10,true,8,BASE_CRITICAL_SERVICE;BASE_TOTAL_SERVICE;RESERVE_45D,0.4961,1078.39
MANDATORY_STRESS,1.5,1.25,0.3,10,true,8,BASE_CRITICAL_SERVICE;BASE_TOTAL_SERVICE;RESERVE_45D,0.4821,1099.46
MANDATORY_STRESS,1.5,1.25,0.2,10,true,8,BASE_CRITICAL_SERVICE;BASE_TOTAL_SERVICE;RESERVE_45D,0.4682,1120.54
MANDATORY_STRESS,1.5,1.25,0.1,10,true,8,BASE_CRITICAL_SERVICE;BASE_TOTAL_SERVICE;RESERVE_45D,0.4543,1141.62
MANDATORY_STRESS,1.5,1.25,0,10,true,8,BASE_CRITICAL_SERVICE;BASE_TOTAL_SERVICE;RESERVE_45D,0.4404,1162.69
MANDATORY_STRESS,1.5,1.3,1,10,true,8,BASE_CRITICAL_SERVICE;BASE_TOTAL_SERVICE;RESERVE_45D,0.515,991.6
MANDATORY_STRESS,1.5,1.3,0.9,10,true,8,BASE_CRITICAL_SERVICE;BASE_TOTAL_SERVICE;RESERVE_45D,0.515,1000.97
MANDATORY_STRESS,1.5,1.3,0.8,10,true,8,BASE_CRITICAL_SERVICE;BASE_TOTAL_SERVICE;RESERVE_45D,0.515,1010.33
MANDATORY_STRESS,1.5,1.3,0.7,10,true,8,BASE_CRITICAL_SERVICE;BASE_TOTAL_SERVICE;RESERVE_45D,0.515,1022.96
MANDATORY_STRESS,1.5,1.3,0.6,10,true,8,BASE_CRITICAL_SERVICE;BASE_TOTAL_SERVICE;RESERVE_45D,0.515,1038.83
MANDATORY_STRESS,1.5,1.3,0.5,10,true,8,BASE_CRITICAL_SERVICE;BASE_TOTAL_SERVICE;RESERVE_45D,0.51,1057.31
MANDATORY_STRESS,1.5,1.3,0.4,10,true,8,BASE_CRITICAL_SERVICE;BASE_TOTAL_SERVICE;RESERVE_45D,0.4961,1078.39
MANDATORY_STRESS,1.5,1.3,0.3,10,true,8,BASE_CRITICAL_SERVICE;BASE_TOTAL_SERVICE;RESERVE_45D,0.4821,1099.46
MANDATORY_STRESS,1.5,1.3,0.2,10,true,8,BASE_CRITICAL_SERVICE;BASE_TOTAL_SERVICE;RESERVE_45D,0.4682,1120.54
MANDATORY_STRESS,1.5,1.3,0.1,10,true,8,BASE_CRITICAL_SERVICE;BASE_TOTAL_SERVICE;RESERVE_45D,0.4543,1141.62
MANDATORY_STRESS,1.5,1.3,0,10,true,8,BASE_CRITICAL_SERVICE;BASE_TOTAL_SERVICE;RESERVE_45D,0.4404,1162.69
MANDATORY_STRESS,1.5,1.35,1,10,true,8,BASE_CRITICAL_SERVICE;BASE_TOTAL_SERVICE;RESERVE_45D,0.515,991.6
MANDATORY_STRESS,1.5,1.35,0.9,10,true,8,BASE_CRITICAL_SERVICE;BASE_TOTAL_SERVICE;RESERVE_45D,0.515,1000.97
MANDATORY_STRESS,1.5,1.35,0.8,10,true,8,BASE_CRITICAL_SERVICE;BASE_TOTAL_SERVICE;RESERVE_45D,0.515,1010.33
MANDATORY_STRESS,1.5,1.35,0.7,10,true,8,BASE_CRITICAL_SERVICE;BASE_TOTAL_SERVICE;RESERVE_45D,0.515,1022.96
MANDATORY_STRESS,1.5,1.35,0.6,10,true,8,BASE_CRITICAL_SERVICE;BASE_TOTAL_SERVICE;RESERVE_45D,0.515,1038.83
MANDATORY_STRESS,1.5,1.35,0.5,10,true,8,BASE_CRITICAL_SERVICE;BASE_TOTAL_SERVICE;RESERVE_45D,0.51,1057.31
MANDATORY_STRESS,1.5,1.35,0.4,10,true,8,BASE_CRITICAL_SERVICE;BASE_TOTAL_SERVICE;RESERVE_45D,0.4961,1078.39
MANDATORY_STRESS,1.5,1.35,0.3,10,true,8,BASE_CRITICAL_SERVICE;BASE_TOTAL_SERVICE;RESERVE_45D,0.4821,1099.46
MANDATORY_STRESS,1.5,1.35,0.2,10,true,8,BASE_CRITICAL_SERVICE;BASE_TOTAL_SERVICE;RESERVE_45D,0.4682,1120.54
MANDATORY_STRESS,1.5,1.35,0.1,10,true,8,BASE_CRITICAL_SERVICE;BASE_TOTAL_SERVICE;RESERVE_45D,0.4543,1141.62
MANDATORY_STRESS,1.5,1.35,0,10,true,8,BASE_CRITICAL_SERVICE;BASE_TOTAL_SERVICE;RESERVE_45D,0.4404,1162.69
MANDATORY_STRESS,1.5,1.4,1,10,true,8,BASE_CRITICAL_SERVICE;BASE_TOTAL_SERVICE;RESERVE_45D,0.515,991.6
MANDATORY_STRESS,1.5,1.4,0.9,10,true,8,BASE_CRITICAL_SERVICE;BASE_TOTAL_SERVICE;RESERVE_45D,0.515,1000.97
MANDATORY_STRESS,1.5,1.4,0.8,10,true,8,BASE_CRITICAL_SERVICE;BASE_TOTAL_SERVICE;RESERVE_45D,0.515,1010.33
MANDATORY_STRESS,1.5,1.4,0.7,10,true,8,BASE_CRITICAL_SERVICE;BASE_TOTAL_SERVICE;RESERVE_45D,0.515,1022.96
MANDATORY_STRESS,1.5,1.4,0.6,10,true,8,BASE_CRITICAL_SERVICE;BASE_TOTAL_SERVICE;RESERVE_45D,0.515,1038.83
MANDATORY_STRESS,1.5,1.4,0.5,10,true,8,BASE_CRITICAL_SERVICE;BASE_TOTAL_SERVICE;RESERVE_45D,0.51,1057.31
MANDATORY_STRESS,1.5,1.4,0.4,10,true,8,BASE_CRITICAL_SERVICE;BASE_TOTAL_SERVICE;RESERVE_45D,0.4961,1078.39
MANDATORY_STRESS,1.5,1.4,0.3,10,true,8,BASE_CRITICAL_SERVICE;BASE_TOTAL_SERVICE;RESERVE_45D,0.4821,1099.46
MANDATORY_STRESS,1.5,1.4,0.2,10,true,8,BASE_CRITICAL_SERVICE;BASE_TOTAL_SERVICE;RESERVE_45D,0.4682,1120.54
MANDATORY_STRESS,1.5,1.4,0.1,10,true,8,BASE_CRITICAL_SERVICE;BASE_TOTAL_SERVICE;RESERVE_45D,0.4543,1141.62
MANDATORY_STRESS,1.5,1.4,0,10,true,8,BASE_CRITICAL_SERVICE;BASE_TOTAL_SERVICE;RESERVE_45D,0.4404,1162.69
MANDATORY_STRESS,1.5,1.45,1,10,true,8,BASE_CRITICAL_SERVICE;BASE_TOTAL_SERVICE;RESERVE_45D,0.515,991.6
MANDATORY_STRESS,1.5,1.45,0.9,10,true,8,BASE_CRITICAL_SERVICE;BASE_TOTAL_SERVICE;RESERVE_45D,0.515,1000.97
MANDATORY_STRESS,1.5,1.45,0.8,10,true,8,BASE_CRITICAL_SERVICE;BASE_TOTAL_SERVICE;RESERVE_45D,0.515,1010.33
MANDATORY_STRESS,1.5,1.45,0.7,10,true,8,BASE_CRITICAL_SERVICE;BASE_TOTAL_SERVICE;RESERVE_45D,0.515,1022.96
MANDATORY_STRESS,1.5,1.45,0.6,10,true,8,BASE_CRITICAL_SERVICE;BASE_TOTAL_SERVICE;RESERVE_45D,0.515,1038.83
MANDATORY_STRESS,1.5,1.45,0.5,10,true,8,BASE_CRITICAL_SERVICE;BASE_TOTAL_SERVICE;RESERVE_45D,0.51,1057.31
MANDATORY_STRESS,1.5,1.45,0.4,10,true,8,BASE_CRITICAL_SERVICE;BASE_TOTAL_SERVICE;RESERVE_45D,0.4961,1078.39
MANDATORY_STRESS,1.5,1.45,0.3,10,true,8,BASE_CRITICAL_SERVICE;BASE_TOTAL_SERVICE;RESERVE_45D,0.4821,1099.46
MANDATORY_STRESS,1.5,1.45,0.2,10,true,8,BASE_CRITICAL_SERVICE;BASE_TOTAL_SERVICE;RESERVE_45D,0.4682,1120.54
MANDATORY_STRESS,1.5,1.45,0.1,10,true,8,BASE_CRITICAL_SERVICE;BASE_TOTAL_SERVICE;RESERVE_45D,0.4543,1141.62
MANDATORY_STRESS,1.5,1.45,0,10,true,8,BASE_CRITICAL_SERVICE;BASE_TOTAL_SERVICE;RESERVE_45D,0.4404,1162.69
MANDATORY_STRESS,1.5,1.5,1,10,true,8,BASE_CRITICAL_SERVICE;BASE_TOTAL_SERVICE;RESERVE_45D,0.515,991.6
MANDATORY_STRESS,1.5,1.5,0.9,10,true,8,BASE_CRITICAL_SERVICE;BASE_TOTAL_SERVICE;RESERVE_45D,0.515,1000.97
MANDATORY_STRESS,1.5,1.5,0.8,10,true,8,BASE_CRITICAL_SERVICE;BASE_TOTAL_SERVICE;RESERVE_45D,0.515,1010.33
MANDATORY_STRESS,1.5,1.5,0.7,10,true,8,BASE_CRITICAL_SERVICE;BASE_TOTAL_SERVICE;RESERVE_45D,0.515,1022.96
MANDATORY_STRESS,1.5,1.5,0.6,10,true,8,BASE_CRITICAL_SERVICE;BASE_TOTAL_SERVICE;RESERVE_45D,0.515,1038.83
MANDATORY_STRESS,1.5,1.5,0.5,10,true,8,BASE_CRITICAL_SERVICE;BASE_TOTAL_SERVICE;RESERVE_45D,0.51,1057.31
MANDATORY_STRESS,1.5,1.5,0.4,10,true,8,BASE_CRITICAL_SERVICE;BASE_TOTAL_SERVICE;RESERVE_45D,0.4961,1078.39
MANDATORY_STRESS,1.5,1.5,0.3,10,true,8,BASE_CRITICAL_SERVICE;BASE_TOTAL_SERVICE;RESERVE_45D,0.4821,1099.46
MANDATORY_STRESS,1.5,1.5,0.2,10,true,8,BASE_CRITICAL_SERVICE;BASE_TOTAL_SERVICE;RESERVE_45D,0.4682,1120.54
MANDATORY_STRESS,1.5,1.5,0.1,10,true,8,BASE_CRITICAL_SERVICE;BASE_TOTAL_SERVICE;RESERVE_45D,0.4543,1141.62
MANDATORY_STRESS,1.5,1.5,0,10,true,8,BASE_CRITICAL_SERVICE;BASE_TOTAL_SERVICE;RESERVE_45D,0.4404,1162.69
