series,plan_id,demand_mult,priceA_mult,shareD,norm,broken,new_violations,first_new_rules,min_sl_total,shortage_t
BASE,FINAL_BASE,1,1,1,0,false,0,,1,0
BASE,FINAL_BASE,1,1,0.9,1,true,1,RESERVE_45D,1,0
BASE,FINAL_BASE,1,1,0.8,2,true,2,RESERVE_45D,1,0
BASE,FINAL_BASE,1,1,0.7,3,true,2,RESERVE_45D,0.9777,8.71
BASE,FINAL_BASE,1,1,0.6,4,true,3,BASE_TOTAL_SERVICE;RESERVE_45D,0.921,30.81
BASE,FINAL_BASE,1,1,0.5,5,true,3,BASE_TOTAL_SERVICE;RESERVE_45D,0.8797,52.91
BASE,FINAL_BASE,1,1,0.4,6,true,4,BASE_TOTAL_SERVICE;RESERVE_45D,0.8557,75.02
BASE,FINAL_BASE,1,1,0.3,7,true,4,BASE_TOTAL_SERVICE;RESERVE_45D,0.8317,97.12
BASE,FINAL_BASE,1,1,0.2,8,true,4,BASE_TOTAL_SERVICE;RESERVE_45D,0.8077,119.22
BASE,FINAL_BASE,1,1,0.1,9,true,4,BASE_TOTAL_SERVICE;RESERVE_45D,0.7837,141.33
BASE,FINAL_BASE,1,1,0,10,true,5,BASE_TOTAL_SERVICE;RESERVE_45D,0.7596,163.43
BASE,FINAL_BASE,1,1.05,1,1,false,0,,1,0
BASE,FINAL_BASE,1,1.05,0.9,1,true,1,RESERVE_45D,1,0
BASE,FINAL_BASE,1,1.05,0.8,2,true,2,RESERVE_45D,1,0
BASE,FINAL_BASE,1,1.05,0.7,3,true,2,RESERVE_45D,0.9777,8.71
BASE,FINAL_BASE,1,1.05,0.6,4,true,3,BASE_TOTAL_SERVICE;RESERVE_45D,0.921,30.81
BASE,FINAL_BASE,1,1.05,0.5,5,true,3,BASE_TOTAL_SERVICE;RESERVE_45D,0.8797,52.91
BASE,FINAL_BASE,1,1.05,0.4,6,true,4,BASE_TOTAL_SERVICE;RESERVE_45D,0.8557,75.02
BASE,FINAL_BASE,1,1.05,0.3,7,true,4,BASE_TOTAL_SERVICE;RESERVE_45D,0.8317,97.12
BASE,FINAL_BASE,1,1.05,0.2,8,true,4,BASE_TOTAL_SERVICE;RESERVE_45D,0.8077,119.22
BASE,FINAL_BASE,1,1.05,0.1,9,true,4,BASE_TOTAL_SERVICE;RESERVE_45D,0.7837,141.33
BASE,FINAL_BASE,1,1.05,0,10,true,5,BASE_TOTAL_SERVICE;RESERVE_45D,0.7596,163.43
BASE,FINAL_BASE,1,1.1,1,2,false,0,,1,0
BASE,FINAL_BASE,1,1.1,0.9,2,true,1,RESERVE_45D,1,0
BASE,FINAL_BASE,1,1.1,0.8,2,true,2,RESERVE_45D,1,0
BASE,FINAL_BASE,1,1.1,0.7,3,true,2,RESERVE_45D,0.9777,8.71
BASE,FINAL_BASE,1,1.1,0.6,4,true,3,BASE_TOTAL_SERVICE;RESERVE_45D,0.921,30.81
BASE,FINAL_BASE,1,1.1,0.5,5,true,3,BASE_TOTAL_SERVICE;RESERVE_45D,0.8797,52.91
BASE,FINAL_BASE,1,1.1,0.4,6,true,4,BASE_TOTAL_SERVICE;RESERVE_45D,0.8557,75.02
BASE,FINAL_BASE,1,1.1,0.3,7,true,4,BASE_TOTAL_SERVICE;RESERVE_45D,0.8317,97.12
BASE,FINAL_BASE,1,1.1,0.2,8,true,4,BASE_TOTAL_SERVICE;RESERVE_45D,0.8077,119.22
BASE,FINAL_BASE,1,1.1,0.1,9,true,4,BASE_TOTAL_SERVICE;RESERVE_45D,0.7837,141.33
BASE,FINAL_BASE,1,1.1,0,10,true,5,BASE_TOTAL_SERVICE;RESERVE_45D,0.7596,163.43
BASE,FINAL_BASE,1,1.15,1,3,false,0,,1,0
BASE,FINAL_BASE,1,1.15,0.9,3,true,1,RESERVE_45D,1,0
BASE,FINAL_BASE,1,1.15,0.8,3,true,2,RESERVE_45D,1,0
BASE,FINAL_BASE,1,1.15,0.7,3,true,2,RESERVE_45D,0.9777,8.71
BASE,FINAL_BASE,1,1.15,0.6,4,true,3,BASE_TOTAL_SERVICE;RESERVE_45D,0.921,30.81
BASE,FINAL_BASE,1,1.15,0.5,5,true,3,BASE_TOTAL_SERVICE;RESERVE_45D,0.8797,52.91
BASE,FINAL_BASE,1,1.15,0.4,6,true,4,BASE_TOTAL_SERVICE;RESERVE_45D,0.8557,75.02
BASE,FINAL_BASE,1,1.15,0.3,7,true,4,BASE_TOTAL_SERVICE;RESERVE_45D,0.8317,97.12
BASE,FINAL_BASE,1,1.15,0.2,8,true,4,BASE_TOTAL_SERVICE;RESERVE_45D,0.8077,119.22
BASE,FINAL_BASE,1,1.15,0.1,9,true,4,BASE_TOTAL_SERVICE;RESERVE_45D,0.7837,141.33
BASE,FINAL_BASE,1,1.15,0,10,true,5,BASE_TOTAL_SERVICE;RESERVE_45D,0.7596,163.43
BASE,FINAL_BASE,1,1.2,1,4,false,0,,1,0
BASE,FINAL_BASE,1,1.2,0.9,4,true,1,RESERVE_45D,1,0
BASE,FINAL_BASE,1,1.2,0.8,4,true,2,RESERVE_45D,1,0
BASE,FINAL_BASE,1,1.2,0.7,4,true,2,RESERVE_45D,0.9777,8.71
BASE,FINAL_BASE,1,1.2,0.6,4,true,3,BASE_TOTAL_SERVICE;RESERVE_45D,0.921,30.81
BASE,FINAL_BASE,1,1.2,0.5,5,true,3,BASE_TOTAL_SERVICE;RESERVE_45D,0.8797,52.91
BASE,FINAL_BASE,1,1.2,0.4,6,true,4,BASE_TOTAL_SERVICE;RESERVE_45D,0.8557,75.02
BASE,FINAL_BASE,1,1.2,0.3,7,true,4,BASE_TOTAL_SERVICE;RESERVE_45D,0.8317,97.12
BASE,FINAL_BASE,1,1.2,0.2,8,true,4,BASE_TOTAL_SERVICE;RESERVE_45D,0.8077,119.22
BASE,FINAL_BASE,1,1.2,0.1,9,true,4,BASE_TOTAL_SERVICE;RESERVE_45D,0.7837,141.33
BASE,FINAL_BASE,1,1.2,0,10,true,5,BASE_TOTAL_SERVICE;RESERVE_45D,0.7596,163.43
BASE,FINAL_BASE,1,1.25,1,5,false,0,,1,0
BASE,FINAL_BASE,1,1.25,0.9,5,true,1,RESERVE_45D,1,0
BASE,FINAL_BASE,1,1.25,0.8,5,true,2,RESERVE_45D,1,0
BASE,FINAL_BASE,1,1.25,0.7,5,true,2,RESERVE_45D,0.9777,8.71
BASE,FINAL_BASE,1,1.25,0.6,5,true,3,BASE_TOTAL_SERVICE;RESERVE_45D,0.921,30.81
BASE,FINAL_BASE,1,1.25,0.5,5,true,3,BASE_TOTAL_SERVICE;RESERVE_45D,0.8797,52.91
BASE,FINAL_BASE,1,1.25,0.4,6,true,4,BASE_TOTAL_SERVICE;RESERVE_45D,0.8557,75.02
BASE,FINAL_BASE,1,1.25,0.3,7,true,4,BASE_TOTAL_SERVICE;RESERVE_45D,0.8317,97.12
BASE,FINAL_BASE,1,1.25,0.2,8,true,4,BASE_TOTAL_SERVICE;RESERVE_45D,0.8077,119.22
BASE,FINAL_BASE,1,1.25,0.1,9,true,4,BASE_TOTAL_SERVICE;RESERVE_45D,0.7837,141.33
BASE,FINAL_BASE,1,1.25,0,10,true,5,BASE_TOTAL_SERVICE;RESERVE_45D,0.7596,163.43
BASE,FINAL_BASE,1,1.3,1,6,false,0,,1,0
BASE,FINAL_BASE,1,1.3,0.9,6,true,1,RESERVE_45D,1,0
BASE,FINAL_BASE,1,1.3,0.8,6,true,2,RESERVE_45D,1,0
BASE,FINAL_BASE,1,1.3,0.7,6,true,2,RESERVE_45D,0.9777,8.71
BASE,FINAL_BASE,1,1.3,0.6,6,true,3,BASE_TOTAL_SERVICE;RESERVE_45D,0.921,30.81
BASE,FINAL_BASE,1,1.3,0.5,6,true,3,BASE_TOTAL_SERVICE;RESERVE_45D,0.8797,52.91
BASE,FINAL_BASE,1,1.3,0.4,6,true,4,BASE_TOTAL_SERVICE;RESERVE_45D,0.8557,75.02
BASE,FINAL_BASE,1,1.3,0.3,7,true,4,BASE_TOTAL_SERVICE;RESERVE_45D,0.8317,97.12
BASE,FINAL_BASE,1,1.3,0.2,8,true,4,BASE_TOTAL_SERVICE;RESERVE_45D,0.8077,119.22
BASE,FINAL_BASE,1,1.3,0.1,9,true,4,BASE_TOTAL_SERVICE;RESERVE_45D,0.7837,141.33
BASE,FINAL_BASE,1,1.3,0,10,true,5,BASE_TOTAL_SERVICE;RESERVE_45D,0.7596,163.43
BASE,FINAL_BASE,1,1.35,1,7,false,0,,1,0
BASE,FINAL_BASE,1,1.35,0.9,7,true,1,RESERVE_45D,1,0
BASE,FINAL_BASE,1,1.35,0.8,7,true,2,RESERVE_45D,1,0
BASE,FINAL_BASE,1,1.35,0.7,7,true,2,RESERVE_45D,0.9777,8.71
BASE,FINAL_BASE,1,1.35,0.6,7,true,3,BASE_TOTAL_SERVICE;RESERVE_45D,0.921,30.81
BASE,FINAL_BASE,1,1.35,0.5,7,true,3,BASE_TOTAL_SERVICE;RESERVE_45D,0.8797,52.91
BASE,FINAL_BASE,1,1.35,0.4,7,true,4,BASE_TOTAL_SERVICE;RESERVE_45D,0.8557,75.02
BASE,FINAL_BASE,1,1.35,0.3,7,true,4,BASE_TOTAL_SERVICE;RESERVE_45D,0.8317,97.12
BASE,FINAL_BASE,1,1.35,0.2,8,true,4,BASE_TOTAL_SERVICE;RESERVE_45D,0.8077,119.22
BASE,FINAL_BASE,1,1.35,0.1,9,true,4,BASE_TOTAL_SERVICE;RESERVE_45D,0.7837,141.33
BASE,FINAL_BASE,1,1.35,0,10,true,5,BASE_TOTAL_SERVICE;RESERVE_45D,0.7596,163.43
BASE,FINAL_BASE,1,1.4,1,8,false,0,,1,0
BASE,FINAL_BASE,1,1.4,0.9,8,true,1,RESERVE_45D,1,0
BASE,FINAL_BASE,1,1.4,0.8,8,true,2,RESERVE_45D,1,0
BASE,FINAL_BASE,1,1.4,0.7,8,true,2,RESERVE_45D,0.9777,8.71
BASE,FINAL_BASE,1,1.4,0.6,8,true,3,BASE_TOTAL_SERVICE;RESERVE_45D,0.921,30.81
BASE,FINAL_BASE,1,1.4,0.5,8,true,3,BASE_TOTAL_SERVICE;RESERVE_45D,0.8797,52.91
BASE,FINAL_BASE,1,1.4,0.4,8,true,4,BASE_TOTAL_SERVICE;RESERVE_45D,0.8557,75.02
BASE,FINAL_BASE,1,1.4,0.3,8,true,4,BASE_TOTAL_SERVICE;RESERVE_45D,0.8317,97.12
BASE,FINAL_BASE,1,1.4,0.2,8,true,4,BASE_TOTAL_SERVICE;RESERVE_45D,0.8077,119.22
BASE,FINAL_BASE,1,1.4,0.1,9,true,4,BASE_TOTAL_SERVICE;RESERVE_45D,0.7837,141.33
BASE,FINAL_BASE,1,1.4,0,10,true,5,BASE_TOTAL_SERVICE;RESERVE_45D,0.7596,163.43
BASE,FINAL_BASE,1,1.45,1,9,false,0,,1,0
BASE,FINAL_BASE,1,1.45,0.9,9,true,1,RESERVE_45D,1,0
BASE,FINAL_BASE,1,1.45,0.8,9,true,2,RESERVE_45D,1,0
BASE,FINAL_BASE,1,1.45,0.7,9,true,2,RESERVE_45D,0.9777,8.71
BASE,FINAL_BASE,1,1.45,0.6,9,true,3,BASE_TOTAL_SERVICE;RESERVE_45D,0.921,30.81
BASE,FINAL_BASE,1,1.45,0.5,9,true,3,BASE_TOTAL_SERVICE;RESERVE_45D,0.8797,52.91
BASE,FINAL_BASE,1,1.45,0.4,9,true,4,BASE_TOTAL_SERVICE;RESERVE_45D,0.8557,75.02
BASE,FINAL_BASE,1,1.45,0.3,9,true,4,BASE_TOTAL_SERVICE;RESERVE_45D,0.8317,97.12
BASE,FINAL_BASE,1,1.45,0.2,9,true,4,BASE_TOTAL_SERVICE;RESERVE_45D,0.8077,119.22
BASE,FINAL_BASE,1,1.45,0.1,9,true,4,BASE_TOTAL_SERVICE;RESERVE_45D,0.7837,141.33
BASE,FINAL_BASE,1,1.45,0,10,true,5,BASE_TOTAL_SERVICE;RESERVE_45D,0.7596,163.43
BASE,FINAL_BASE,1,1.5,1,10,false,0,,1,0
BASE,FINAL_BASE,1,1.5,0.9,10,true,1,RESERVE_45D,1,0
BASE,FINAL_BASE,1,1.5,0.8,10,true,2,RESERVE_45D,1,0
BASE,FINAL_BASE,1,1.5,0.7,10,true,2,RESERVE_45D,0.9777,8.71
BASE,FINAL_BASE,1,1.5,0.6,10,true,3,BASE_TOTAL_SERVICE;RESERVE_45D,0.921,30.81
BASE,FINAL_BASE,1,1.5,0.5,10,true,3,BASE_TOTAL_SERVICE;RESERVE_45D,0.8797,52.91
BASE,FINAL_BASE,1,1.5,0.4,10,true,4,BASE_TOTAL_SERVICE;RESERVE_45D,0.8557,75.02
BASE,FINAL_BASE,1,1.5,0.3,10,true,4,BASE_TOTAL_SERVICE;RESERVE_45D,0.8317,97.12
BASE,FINAL_BASE,1,1.5,0.2,10,true,4,BASE_TOTAL_SERVICE;RESERVE_45D,0.8077,119.22
BASE,FINAL_BASE,1,1.5,0.1,10,true,4,BASE_TOTAL_SERVICE;RESERVE_45D,0.7837,141.33
BASE,FINAL_BASE,1,1.5,0,10,true,5,BASE_TOTAL_SERVICE;RESERVE_45D,0.7596,163.43
BASE,FINAL_BASE,1.05,1,1,1,true,4,RESERVE_45D,0.9709,11.9
BASE,FINAL_BASE,1.05,1,0.9,1,true,5,BASE_TOTAL_SERVICE;RESERVE_45D,0.9293,34
BASE,FINAL_BASE,1.05,1,0.8,2,true,6,BASE_TOTAL_SERVICE;RESERVE_45D,0.9065,56.11
BASE,FINAL_BASE,1.05,1,0.7,3,true,6,BASE_TOTAL_SERVICE;RESERVE_45D,0.8836,78.21
BASE,FINAL_BASE,1.05,1,0.6,4,true,7,BASE_TOTAL_SERVICE;RESERVE_45D,0.8607,100.31
BASE,FINAL_BASE,1.05,1,0.5,5,true,7,BASE_TOTAL_SERVICE;RESERVE_45D,0.8378,122.41
BASE,FINAL_BASE,1.05,1,0.4,6,true,7,BASE_TOTAL_SERVICE;RESERVE_45D,0.815,144.52
BASE,FINAL_BASE,1.05,1,0.3,7,true,7,BASE_TOTAL_SERVICE;RESERVE_45D,0.7921,166.62
BASE,FINAL_BASE,1.05,1,0.2,8,true,7,BASE_TOTAL_SERVICE;RESERVE_45D,0.7692,188.72
BASE,FINAL_BASE,1.05,1,0.1,9,true,7,BASE_TOTAL_SERVICE;RESERVE_45D,0.7463,210.83
BASE,FINAL_BASE,1.05,1,0,10,true,7,BASE_TOTAL_SERVICE;RESERVE_45D,0.7235,232.93
BASE,FINAL_BASE,1.05,1.05,1,1,true,4,RESERVE_45D,0.9709,11.9
BASE,FINAL_BASE,1.05,1.05,0.9,1,true,5,BASE_TOTAL_SERVICE;RESERVE_45D,0.9293,34
BASE,FINAL_BASE,1.05,1.05,0.8,2,true,6,BASE_TOTAL_SERVICE;RESERVE_45D,0.9065,56.11
BASE,FINAL_BASE,1.05,1.05,0.7,3,true,6,BASE_TOTAL_SERVICE;RESERVE_45D,0.8836,78.21
BASE,FINAL_BASE,1.05,1.05,0.6,4,true,7,BASE_TOTAL_SERVICE;RESERVE_45D,0.8607,100.31
BASE,FINAL_BASE,1.05,1.05,0.5,5,true,7,BASE_TOTAL_SERVICE;RESERVE_45D,0.8378,122.41
BASE,FINAL_BASE,1.05,1.05,0.4,6,true,7,BASE_TOTAL_SERVICE;RESERVE_45D,0.815,144.52
BASE,FINAL_BASE,1.05,1.05,0.3,7,true,7,BASE_TOTAL_SERVICE;RESERVE_45D,0.7921,166.62
BASE,FINAL_BASE,1.05,1.05,0.2,8,true,7,BASE_TOTAL_SERVICE;RESERVE_45D,0.7692,188.72
BASE,FINAL_BASE,1.05,1.05,0.1,9,true,7,BASE_TOTAL_SERVICE;RESERVE_45D,0.7463,210.83
BASE,FINAL_BASE,1.05,1.05,0,10,true,7,BASE_TOTAL_SERVICE;RESERVE_45D,0.7235,232.93
BASE,FINAL_BASE,1.05,1.1,1,2,true,4,RESERVE_45D,0.9709,11.9
BASE,FINAL_BASE,1.05,1.1,0.9,2,true,5,BASE_TOTAL_SERVICE;RESERVE_45D,0.9293,34
BASE,FINAL_BASE,1.05,1.1,0.8,2,true,6,BASE_TOTAL_SERVICE;RESERVE_45D,0.9065,56.11
BASE,FINAL_BASE,1.05,1.1,0.7,3,true,6,BASE_TOTAL_SERVICE;RESERVE_45D,0.8836,78.21
BASE,FINAL_BASE,1.05,1.1,0.6,4,true,7,BASE_TOTAL_SERVICE;RESERVE_45D,0.8607,100.31
BASE,FINAL_BASE,1.05,1.1,0.5,5,true,7,BASE_TOTAL_SERVICE;RESERVE_45D,0.8378,122.41
BASE,FINAL_BASE,1.05,1.1,0.4,6,true,7,BASE_TOTAL_SERVICE;RESERVE_45D,0.815,144.52
BASE,FINAL_BASE,1.05,1.1,0.3,7,true,7,BASE_TOTAL_SERVICE;RESERVE_45D,0.7921,166.62
BASE,FINAL_BASE,1.05,1.1,0.2,8,true,7,BASE_TOTAL_SERVICE;RESERVE_45D,0.7692,188.72
BASE,FINAL_BASE,1.05,1.1,0.1,9,true,7,BASE_TOTAL_SERVICE;RESERVE_45D,0.7463,210.83
BASE,FINAL_BASE,1.05,1.1,0,10,true,7,BASE_TOTAL_SERVICE;RESERVE_45D,0.7235,232.93
BASE,FINAL_BASE,1.05,1.15,1,3,true,4,RESERVE_45D,0.9709,11.9
BASE,FINAL_BASE,1.05,1.15,0.9,3,true,5,BASE_TOTAL_SERVICE;RESERVE_45D,0.9293,34
BASE,FINAL_BASE,1.05,1.15,0.8,3,true,6,BASE_TOTAL_SERVICE;RESERVE_45D,0.9065,56.11
BASE,FINAL_BASE,1.05,1.15,0.7,3,true,6,BASE_TOTAL_SERVICE;RESERVE_45D,0.8836,78.21
BASE,FINAL_BASE,1.05,1.15,0.6,4,true,7,BASE_TOTAL_SERVICE;RESERVE_45D,0.8607,100.31
BASE,FINAL_BASE,1.05,1.15,0.5,5,true,7,BASE_TOTAL_SERVICE;RESERVE_45D,0.8378,122.41
BASE,FINAL_BASE,1.05,1.15,0.4,6,true,7,BASE_TOTAL_SERVICE;RESERVE_45D,0.815,144.52
BASE,FINAL_BASE,1.05,1.15,0.3,7,true,7,BASE_TOTAL_SERVICE;RESERVE_45D,0.7921,166.62
BASE,FINAL_BASE,1.05,1.15,0.2,8,true,7,BASE_TOTAL_SERVICE;RESERVE_45D,0.7692,188.72
BASE,FINAL_BASE,1.05,1.15,0.1,9,true,7,BASE_TOTAL_SERVICE;RESERVE_45D,0.7463,210.83
BASE,FINAL_BASE,1.05,1.15,0,10,true,7,BASE_TOTAL_SERVICE;RESERVE_45D,0.7235,232.93
BASE,FINAL_BASE,1.05,1.2,1,4,true,4,RESERVE_45D,0.9709,11.9
BASE,FINAL_BASE,1.05,1.2,0.9,4,true,5,BASE_TOTAL_SERVICE;RESERVE_45D,0.9293,34
BASE,FINAL_BASE,1.05,1.2,0.8,4,true,6,BASE_TOTAL_SERVICE;RESERVE_45D,0.9065,56.11
BASE,FINAL_BASE,1.05,1.2,0.7,4,true,6,BASE_TOTAL_SERVICE;RESERVE_45D,0.8836,78.21
BASE,FINAL_BASE,1.05,1.2,0.6,4,true,7,BASE_TOTAL_SERVICE;RESERVE_45D,0.8607,100.31
BASE,FINAL_BASE,1.05,1.2,0.5,5,true,7,BASE_TOTAL_SERVICE;RESERVE_45D,0.8378,122.41
BASE,FINAL_BASE,1.05,1.2,0.4,6,true,7,BASE_TOTAL_SERVICE;RESERVE_45D,0.815,144.52
BASE,FINAL_BASE,1.05,1.2,0.3,7,true,7,BASE_TOTAL_SERVICE;RESERVE_45D,0.7921,166.62
BASE,FINAL_BASE,1.05,1.2,0.2,8,true,7,BASE_TOTAL_SERVICE;RESERVE_45D,0.7692,188.72
BASE,FINAL_BASE,1.05,1.2,0.1,9,true,7,BASE_TOTAL_SERVICE;RESERVE_45D,0.7463,210.83
BASE,FINAL_BASE,1.05,1.2,0,10,true,7,BASE_TOTAL_SERVICE;RESERVE_45D,0.7235,232.93
BASE,FINAL_BASE,1.05,1.25,1,5,true,4,RESERVE_45D,0.9709,11.9
BASE,FINAL_BASE,1.05,1.25,0.9,5,true,5,BASE_TOTAL_SERVICE;RESERVE_45D,0.9293,34
BASE,FINAL_BASE,1.05,1.25,0.8,5,true,6,BASE_TOTAL_SERVICE;RESERVE_45D,0.9065,56.11
BASE,FINAL_BASE,1.05,1.25,0.7,5,true,6,BASE_TOTAL_SERVICE;RESERVE_45D,0.8836,78.21
BASE,FINAL_BASE,1.05,1.25,0.6,5,true,7,BASE_TOTAL_SERVICE;RESERVE_45D,0.8607,100.31
BASE,FINAL_BASE,1.05,1.25,0.5,5,true,7,BASE_TOTAL_SERVICE;RESERVE_45D,0.8378,122.41
BASE,FINAL_BASE,1.05,1.25,0.4,6,true,7,BASE_TOTAL_SERVICE;RESERVE_45D,0.815,144.52
BASE,FINAL_BASE,1.05,1.25,0.3,7,true,7,BASE_TOTAL_SERVICE;RESERVE_45D,0.7921,166.62
BASE,FINAL_BASE,1.05,1.25,0.2,8,true,7,BASE_TOTAL_SERVICE;RESERVE_45D,0.7692,188.72
BASE,FINAL_BASE,1.05,1.25,0.1,9,true,7,BASE_TOTAL_SERVICE;RESERVE_45D,0.7463,210.83
BASE,FINAL_BASE,1.05,1.25,0,10,true,7,BASE_TOTAL_SERVICE;RESERVE_45D,0.7235,232.93
BASE,FINAL_BASE,1.05,1.3,1,6,true,4,RESERVE_45D,0.9709,11.9
BASE,FINAL_BASE,1.05,1.3,0.9,6,true,5,BASE_TOTAL_SERVICE;RESERVE_45D,0.9293,34
BASE,FINAL_BASE,1.05,1.3,0.8,6,true,6,BASE_TOTAL_SERVICE;RESERVE_45D,0.9065,56.11
BASE,FINAL_BASE,1.05,1.3,0.7,6,true,6,BASE_TOTAL_SERVICE;RESERVE_45D,0.8836,78.21
BASE,FINAL_BASE,1.05,1.3,0.6,6,true,7,BASE_TOTAL_SERVICE;RESERVE_45D,0.8607,100.31
BASE,FINAL_BASE,1.05,1.3,0.5,6,true,7,BASE_TOTAL_SERVICE;RESERVE_45D,0.8378,122.41
BASE,FINAL_BASE,1.05,1.3,0.4,6,true,7,BASE_TOTAL_SERVICE;RESERVE_45D,0.815,144.52
BASE,FINAL_BASE,1.05,1.3,0.3,7,true,7,BASE_TOTAL_SERVICE;RESERVE_45D,0.7921,166.62
BASE,FINAL_BASE,1.05,1.3,0.2,8,true,7,BASE_TOTAL_SERVICE;RESERVE_45D,0.7692,188.72
BASE,FINAL_BASE,1.05,1.3,0.1,9,true,7,BASE_TOTAL_SERVICE;RESERVE_45D,0.7463,210.83
BASE,FINAL_BASE,1.05,1.3,0,10,true,7,BASE_TOTAL_SERVICE;RESERVE_45D,0.7235,232.93
BASE,FINAL_BASE,1.05,1.35,1,7,true,4,RESERVE_45D,0.9709,11.9
BASE,FINAL_BASE,1.05,1.35,0.9,7,true,5,BASE_TOTAL_SERVICE;RESERVE_45D,0.9293,34
BASE,FINAL_BASE,1.05,1.35,0.8,7,true,6,BASE_TOTAL_SERVICE;RESERVE_45D,0.9065,56.11
BASE,FINAL_BASE,1.05,1.35,0.7,7,true,6,BASE_TOTAL_SERVICE;RESERVE_45D,0.8836,78.21
BASE,FINAL_BASE,1.05,1.35,0.6,7,true,7,BASE_TOTAL_SERVICE;RESERVE_45D,0.8607,100.31
BASE,FINAL_BASE,1.05,1.35,0.5,7,true,7,BASE_TOTAL_SERVICE;RESERVE_45D,0.8378,122.41
BASE,FINAL_BASE,1.05,1.35,0.4,7,true,7,BASE_TOTAL_SERVICE;RESERVE_45D,0.815,144.52
BASE,FINAL_BASE,1.05,1.35,0.3,7,true,7,BASE_TOTAL_SERVICE;RESERVE_45D,0.7921,166.62
BASE,FINAL_BASE,1.05,1.35,0.2,8,true,7,BASE_TOTAL_SERVICE;RESERVE_45D,0.7692,188.72
BASE,FINAL_BASE,1.05,1.35,0.1,9,true,7,BASE_TOTAL_SERVICE;RESERVE_45D,0.7463,210.83
BASE,FINAL_BASE,1.05,1.35,0,10,true,7,BASE_TOTAL_SERVICE;RESERVE_45D,0.7235,232.93
BASE,FINAL_BASE,1.05,1.4,1,8,true,4,RESERVE_45D,0.9709,11.9
BASE,FINAL_BASE,1.05,1.4,0.9,8,true,5,BASE_TOTAL_SERVICE;RESERVE_45D,0.9293,34
BASE,FINAL_BASE,1.05,1.4,0.8,8,true,6,BASE_TOTAL_SERVICE;RESERVE_45D,0.9065,56.11
BASE,FINAL_BASE,1.05,1.4,0.7,8,true,6,BASE_TOTAL_SERVICE;RESERVE_45D,0.8836,78.21
BASE,FINAL_BASE,1.05,1.4,0.6,8,true,7,BASE_TOTAL_SERVICE;RESERVE_45D,0.8607,100.31
BASE,FINAL_BASE,1.05,1.4,0.5,8,true,7,BASE_TOTAL_SERVICE;RESERVE_45D,0.8378,122.41
BASE,FINAL_BASE,1.05,1.4,0.4,8,true,7,BASE_TOTAL_SERVICE;RESERVE_45D,0.815,144.52
BASE,FINAL_BASE,1.05,1.4,0.3,8,true,7,BASE_TOTAL_SERVICE;RESERVE_45D,0.7921,166.62
BASE,FINAL_BASE,1.05,1.4,0.2,8,true,7,BASE_TOTAL_SERVICE;RESERVE_45D,0.7692,188.72
BASE,FINAL_BASE,1.05,1.4,0.1,9,true,7,BASE_TOTAL_SERVICE;RESERVE_45D,0.7463,210.83
BASE,FINAL_BASE,1.05,1.4,0,10,true,7,BASE_TOTAL_SERVICE;RESERVE_45D,0.7235,232.93
BASE,FINAL_BASE,1.05,1.45,1,9,true,4,RESERVE_45D,0.9709,11.9
BASE,FINAL_BASE,1.05,1.45,0.9,9,true,5,BASE_TOTAL_SERVICE;RESERVE_45D,0.9293,34
BASE,FINAL_BASE,1.05,1.45,0.8,9,true,6,BASE_TOTAL_SERVICE;RESERVE_45D,0.9065,56.11
BASE,FINAL_BASE,1.05,1.45,0.7,9,true,6,BASE_TOTAL_SERVICE;RESERVE_45D,0.8836,78.21
BASE,FINAL_BASE,1.05,1.45,0.6,9,true,7,BASE_TOTAL_SERVICE;RESERVE_45D,0.8607,100.31
BASE,FINAL_BASE,1.05,1.45,0.5,9,true,7,BASE_TOTAL_SERVICE;RESERVE_45D,0.8378,122.41
BASE,FINAL_BASE,1.05,1.45,0.4,9,true,7,BASE_TOTAL_SERVICE;RESERVE_45D,0.815,144.52
BASE,FINAL_BASE,1.05,1.45,0.3,9,true,7,BASE_TOTAL_SERVICE;RESERVE_45D,0.7921,166.62
BASE,FINAL_BASE,1.05,1.45,0.2,9,true,7,BASE_TOTAL_SERVICE;RESERVE_45D,0.7692,188.72
BASE,FINAL_BASE,1.05,1.45,0.1,9,true,7,BASE_TOTAL_SERVICE;RESERVE_45D,0.7463,210.83
BASE,FINAL_BASE,1.05,1.45,0,10,true,7,BASE_TOTAL_SERVICE;RESERVE_45D,0.7235,232.93
BASE,FINAL_BASE,1.05,1.5,1,10,true,4,RESERVE_45D,0.9709,11.9
BASE,FINAL_BASE,1.05,1.5,0.9,10,true,5,BASE_TOTAL_SERVICE;RESERVE_45D,0.9293,34
BASE,FINAL_BASE,1.05,1.5,0.8,10,true,6,BASE_TOTAL_SERVICE;RESERVE_45D,0.9065,56.11
BASE,FINAL_BASE,1.05,1.5,0.7,10,true,6,BASE_TOTAL_SERVICE;RESERVE_45D,0.8836,78.21
BASE,FINAL_BASE,1.05,1.5,0.6,10,true,7,BASE_TOTAL_SERVICE;RESERVE_45D,0.8607,100.31
BASE,FINAL_BASE,1.05,1.5,0.5,10,true,7,BASE_TOTAL_SERVICE;RESERVE_45D,0.8378,122.41
BASE,FINAL_BASE,1.05,1.5,0.4,10,true,7,BASE_TOTAL_SERVICE;RESERVE_45D,0.815,144.52
BASE,FINAL_BASE,1.05,1.5,0.3,10,true,7,BASE_TOTAL_SERVICE;RESERVE_45D,0.7921,166.62
BASE,FINAL_BASE,1.05,1.5,0.2,10,true,7,BASE_TOTAL_SERVICE;RESERVE_45D,0.7692,188.72
BASE,FINAL_BASE,1.05,1.5,0.1,10,true,7,BASE_TOTAL_SERVICE;RESERVE_45D,0.7463,210.83
BASE,FINAL_BASE,1.05,1.5,0,10,true,7,BASE_TOTAL_SERVICE;RESERVE_45D,0.7235,232.93
BASE,FINAL_BASE,1.1,1,1,2,true,8,BASE_TOTAL_SERVICE;RESERVE_45D,0.9089,81.4
BASE,FINAL_BASE,1.1,1,0.9,2,true,8,BASE_TOTAL_SERVICE;RESERVE_45D,0.8871,103.5
BASE,FINAL_BASE,1.1,1,0.8,2,true,8,BASE_TOTAL_SERVICE;RESERVE_45D,0.8653,125.61
BASE,FINAL_BASE,1.1,1,0.7,3,true,8,BASE_TOTAL_SERVICE;RESERVE_45D,0.8434,147.71
BASE,FINAL_BASE,1.1,1,0.6,4,true,8,BASE_TOTAL_SERVICE;RESERVE_45D,0.8216,169.81
BASE,FINAL_BASE,1.1,1,0.5,5,true,8,BASE_TOTAL_SERVICE;RESERVE_45D,0.7998,191.91
BASE,FINAL_BASE,1.1,1,0.4,6,true,8,BASE_TOTAL_SERVICE;RESERVE_45D,0.7779,214.02
BASE,FINAL_BASE,1.1,1,0.3,7,true,8,BASE_TOTAL_SERVICE;RESERVE_45D,0.7561,236.12
BASE,FINAL_BASE,1.1,1,0.2,8,true,8,BASE_TOTAL_SERVICE;RESERVE_45D,0.7342,258.22
BASE,FINAL_BASE,1.1,1,0.1,9,true,8,BASE_TOTAL_SERVICE;RESERVE_45D,0.7124,280.33
BASE,FINAL_BASE,1.1,1,0,10,true,9,BASE_CRITICAL_SERVICE;BASE_TOTAL_SERVICE;RESERVE_45D,0.6906,302.43
BASE,FINAL_BASE,1.1,1.05,1,2,true,8,BASE_TOTAL_SERVICE;RESERVE_45D,0.9089,81.4
BASE,FINAL_BASE,1.1,1.05,0.9,2,true,8,BASE_TOTAL_SERVICE;RESERVE_45D,0.8871,103.5
BASE,FINAL_BASE,1.1,1.05,0.8,2,true,8,BASE_TOTAL_SERVICE;RESERVE_45D,0.8653,125.61
BASE,FINAL_BASE,1.1,1.05,0.7,3,true,8,BASE_TOTAL_SERVICE;RESERVE_45D,0.8434,147.71
BASE,FINAL_BASE,1.1,1.05,0.6,4,true,8,BASE_TOTAL_SERVICE;RESERVE_45D,0.8216,169.81
BASE,FINAL_BASE,1.1,1.05,0.5,5,true,8,BASE_TOTAL_SERVICE;RESERVE_45D,0.7998,191.91
BASE,FINAL_BASE,1.1,1.05,0.4,6,true,8,BASE_TOTAL_SERVICE;RESERVE_45D,0.7779,214.02
BASE,FINAL_BASE,1.1,1.05,0.3,7,true,8,BASE_TOTAL_SERVICE;RESERVE_45D,0.7561,236.12
BASE,FINAL_BASE,1.1,1.05,0.2,8,true,8,BASE_TOTAL_SERVICE;RESERVE_45D,0.7342,258.22
BASE,FINAL_BASE,1.1,1.05,0.1,9,true,8,BASE_TOTAL_SERVICE;RESERVE_45D,0.7124,280.33
BASE,FINAL_BASE,1.1,1.05,0,10,true,9,BASE_CRITICAL_SERVICE;BASE_TOTAL_SERVICE;RESERVE_45D,0.6906,302.43
BASE,FINAL_BASE,1.1,1.1,1,2,true,8,BASE_TOTAL_SERVICE;RESERVE_45D,0.9089,81.4
BASE,FINAL_BASE,1.1,1.1,0.9,2,true,8,BASE_TOTAL_SERVICE;RESERVE_45D,0.8871,103.5
BASE,FINAL_BASE,1.1,1.1,0.8,2,true,8,BASE_TOTAL_SERVICE;RESERVE_45D,0.8653,125.61
BASE,FINAL_BASE,1.1,1.1,0.7,3,true,8,BASE_TOTAL_SERVICE;RESERVE_45D,0.8434,147.71
BASE,FINAL_BASE,1.1,1.1,0.6,4,true,8,BASE_TOTAL_SERVICE;RESERVE_45D,0.8216,169.81
BASE,FINAL_BASE,1.1,1.1,0.5,5,true,8,BASE_TOTAL_SERVICE;RESERVE_45D,0.7998,191.91
BASE,FINAL_BASE,1.1,1.1,0.4,6,true,8,BASE_TOTAL_SERVICE;RESERVE_45D,0.7779,214.02
BASE,FINAL_BASE,1.1,1.1,0.3,7,true,8,BASE_TOTAL_SERVICE;RESERVE_45D,0.7561,236.12
BASE,FINAL_BASE,1.1,1.1,0.2,8,true,8,BASE_TOTAL_SERVICE;RESERVE_45D,0.7342,258.22
BASE,FINAL_BASE,1.1,1.1,0.1,9,true,8,BASE_TOTAL_SERVICE;RESERVE_45D,0.7124,280.33
BASE,FINAL_BASE,1.1,1.1,0,10,true,9,BASE_CRITICAL_SERVICE;BASE_TOTAL_SERVICE;RESERVE_45D,0.6906,302.43
BASE,FINAL_BASE,1.1,1.15,1,3,true,8,BASE_TOTAL_SERVICE;RESERVE_45D,0.9089,81.4
BASE,FINAL_BASE,1.1,1.15,0.9,3,true,8,BASE_TOTAL_SERVICE;RESERVE_45D,0.8871,103.5
BASE,FINAL_BASE,1.1,1.15,0.8,3,true,8,BASE_TOTAL_SERVICE;RESERVE_45D,0.8653,125.61
BASE,FINAL_BASE,1.1,1.15,0.7,3,true,8,BASE_TOTAL_SERVICE;RESERVE_45D,0.8434,147.71
BASE,FINAL_BASE,1.1,1.15,0.6,4,true,8,BASE_TOTAL_SERVICE;RESERVE_45D,0.8216,169.81
BASE,FINAL_BASE,1.1,1.15,0.5,5,true,8,BASE_TOTAL_SERVICE;RESERVE_45D,0.7998,191.91
BASE,FINAL_BASE,1.1,1.15,0.4,6,true,8,BASE_TOTAL_SERVICE;RESERVE_45D,0.7779,214.02
BASE,FINAL_BASE,1.1,1.15,0.3,7,true,8,BASE_TOTAL_SERVICE;RESERVE_45D,0.7561,236.12
BASE,FINAL_BASE,1.1,1.15,0.2,8,true,8,BASE_TOTAL_SERVICE;RESERVE_45D,0.7342,258.22
BASE,FINAL_BASE,1.1,1.15,0.1,9,true,8,BASE_TOTAL_SERVICE;RESERVE_45D,0.7124,280.33
BASE,FINAL_BASE,1.1,1.15,0,10,true,9,BASE_CRITICAL_SERVICE;BASE_TOTAL_SERVICE;RESERVE_45D,0.6906,302.43
BASE,FINAL_BASE,1.1,1.2,1,4,true,8,BASE_TOTAL_SERVICE;RESERVE_45D,0.9089,81.4
BASE,FINAL_BASE,1.1,1.2,0.9,4,true,8,BASE_TOTAL_SERVICE;RESERVE_45D,0.8871,103.5
BASE,FINAL_BASE,1.1,1.2,0.8,4,true,8,BASE_TOTAL_SERVICE;RESERVE_45D,0.8653,125.61
BASE,FINAL_BASE,1.1,1.2,0.7,4,true,8,BASE_TOTAL_SERVICE;RESERVE_45D,0.8434,147.71
BASE,FINAL_BASE,1.1,1.2,0.6,4,true,8,BASE_TOTAL_SERVICE;RESERVE_45D,0.8216,169.81
BASE,FINAL_BASE,1.1,1.2,0.5,5,true,8,BASE_TOTAL_SERVICE;RESERVE_45D,0.7998,191.91
BASE,FINAL_BASE,1.1,1.2,0.4,6,true,8,BASE_TOTAL_SERVICE;RESERVE_45D,0.7779,214.02
BASE,FINAL_BASE,1.1,1.2,0.3,7,true,8,BASE_TOTAL_SERVICE;RESERVE_45D,0.7561,236.12
BASE,FINAL_BASE,1.1,1.2,0.2,8,true,8,BASE_TOTAL_SERVICE;RESERVE_45D,0.7342,258.22
BASE,FINAL_BASE,1.1,1.2,0.1,9,true,8,BASE_TOTAL_SERVICE;RESERVE_45D,0.7124,280.33
BASE,FINAL_BASE,1.1,1.2,0,10,true,9,BASE_CRITICAL_SERVICE;BASE_TOTAL_SERVICE;RESERVE_45D,0.6906,302.43
BASE,FINAL_BASE,1.1,1.25,1,5,true,8,BASE_TOTAL_SERVICE;RESERVE_45D,0.9089,81.4
BASE,FINAL_BASE,1.1,1.25,0.9,5,true,8,BASE_TOTAL_SERVICE;RESERVE_45D,0.8871,103.5
BASE,FINAL_BASE,1.1,1.25,0.8,5,true,8,BASE_TOTAL_SERVICE;RESERVE_45D,0.8653,125.61
BASE,FINAL_BASE,1.1,1.25,0.7,5,true,8,BASE_TOTAL_SERVICE;RESERVE_45D,0.8434,147.71
BASE,FINAL_BASE,1.1,1.25,0.6,5,true,8,BASE_TOTAL_SERVICE;RESERVE_45D,0.8216,169.81
BASE,FINAL_BASE,1.1,1.25,0.5,5,true,8,BASE_TOTAL_SERVICE;RESERVE_45D,0.7998,191.91
BASE,FINAL_BASE,1.1,1.25,0.4,6,true,8,BASE_TOTAL_SERVICE;RESERVE_45D,0.7779,214.02
BASE,FINAL_BASE,1.1,1.25,0.3,7,true,8,BASE_TOTAL_SERVICE;RESERVE_45D,0.7561,236.12
BASE,FINAL_BASE,1.1,1.25,0.2,8,true,8,BASE_TOTAL_SERVICE;RESERVE_45D,0.7342,258.22
BASE,FINAL_BASE,1.1,1.25,0.1,9,true,8,BASE_TOTAL_SERVICE;RESERVE_45D,0.7124,280.33
BASE,FINAL_BASE,1.1,1.25,0,10,true,9,BASE_CRITICAL_SERVICE;BASE_TOTAL_SERVICE;RESERVE_45D,0.6906,302.43
BASE,FINAL_BASE,1.1,1.3,1,6,true,8,BASE_TOTAL_SERVICE;RESERVE_45D,0.9089,81.4
BASE,FINAL_BASE,1.1,1.3,0.9,6,true,8,BASE_TOTAL_SERVICE;RESERVE_45D,0.8871,103.5
BASE,FINAL_BASE,1.1,1.3,0.8,6,true,8,BASE_TOTAL_SERVICE;RESERVE_45D,0.8653,125.61
BASE,FINAL_BASE,1.1,1.3,0.7,6,true,8,BASE_TOTAL_SERVICE;RESERVE_45D,0.8434,147.71
BASE,FINAL_BASE,1.1,1.3,0.6,6,true,8,BASE_TOTAL_SERVICE;RESERVE_45D,0.8216,169.81
BASE,FINAL_BASE,1.1,1.3,0.5,6,true,8,BASE_TOTAL_SERVICE;RESERVE_45D,0.7998,191.91
BASE,FINAL_BASE,1.1,1.3,0.4,6,true,8,BASE_TOTAL_SERVICE;RESERVE_45D,0.7779,214.02
BASE,FINAL_BASE,1.1,1.3,0.3,7,true,8,BASE_TOTAL_SERVICE;RESERVE_45D,0.7561,236.12
BASE,FINAL_BASE,1.1,1.3,0.2,8,true,8,BASE_TOTAL_SERVICE;RESERVE_45D,0.7342,258.22
BASE,FINAL_BASE,1.1,1.3,0.1,9,true,8,BASE_TOTAL_SERVICE;RESERVE_45D,0.7124,280.33
BASE,FINAL_BASE,1.1,1.3,0,10,true,9,BASE_CRITICAL_SERVICE;BASE_TOTAL_SERVICE;RESERVE_45D,0.6906,302.43
BASE,FINAL_BASE,1.1,1.35,1,7,true,8,BASE_TOTAL_SERVICE;RESERVE_45D,0.9089,81.4
BASE,FINAL_BASE,1.1,1.35,0.9,7,true,8,BASE_TOTAL_SERVICE;RESERVE_45D,0.8871,103.5
BASE,FINAL_BASE,1.1,1.35,0.8,7,true,8,BASE_TOTAL_SERVICE;RESERVE_45D,0.8653,125.61
BASE,FINAL_BASE,1.1,1.35,0.7,7,true,8,BASE_TOTAL_SERVICE;RESERVE_45D,0.8434,147.71
BASE,FINAL_BASE,1.1,1.35,0.6,7,true,8,BASE_TOTAL_SERVICE;RESERVE_45D,0.8216,169.81
BASE,FINAL_BASE,1.1,1.35,0.5,7,true,8,BASE_TOTAL_SERVICE;RESERVE_45D,0.7998,191.91
BASE,FINAL_BASE,1.1,1.35,0.4,7,true,8,BASE_TOTAL_SERVICE;RESERVE_45D,0.7779,214.02
BASE,FINAL_BASE,1.1,1.35,0.3,7,true,8,BASE_TOTAL_SERVICE;RESERVE_45D,0.7561,236.12
BASE,FINAL_BASE,1.1,1.35,0.2,8,true,8,BASE_TOTAL_SERVICE;RESERVE_45D,0.7342,258.22
BASE,FINAL_BASE,1.1,1.35,0.1,9,true,8,BASE_TOTAL_SERVICE;RESERVE_45D,0.7124,280.33
BASE,FINAL_BASE,1.1,1.35,0,10,true,9,BASE_CRITICAL_SERVICE;BASE_TOTAL_SERVICE;RESERVE_45D,0.6906,302.43
BASE,FINAL_BASE,1.1,1.4,1,8,true,8,BASE_TOTAL_SERVICE;RESERVE_45D,0.9089,81.4
BASE,FINAL_BASE,1.1,1.4,0.9,8,true,8,BASE_TOTAL_SERVICE;RESERVE_45D,0.8871,103.5
BASE,FINAL_BASE,1.1,1.4,0.8,8,true,8,BASE_TOTAL_SERVICE;RESERVE_45D,0.8653,125.61
BASE,FINAL_BASE,1.1,1.4,0.7,8,true,8,BASE_TOTAL_SERVICE;RESERVE_45D,0.8434,147.71
BASE,FINAL_BASE,1.1,1.4,0.6,8,true,8,BASE_TOTAL_SERVICE;RESERVE_45D,0.8216,169.81
BASE,FINAL_BASE,1.1,1.4,0.5,8,true,8,BASE_TOTAL_SERVICE;RESERVE_45D,0.7998,191.91
BASE,FINAL_BASE,1.1,1.4,0.4,8,true,8,BASE_TOTAL_SERVICE;RESERVE_45D,0.7779,214.02
BASE,FINAL_BASE,1.1,1.4,0.3,8,true,8,BASE_TOTAL_SERVICE;RESERVE_45D,0.7561,236.12
BASE,FINAL_BASE,1.1,1.4,0.2,8,true,8,BASE_TOTAL_SERVICE;RESERVE_45D,0.7342,258.22
BASE,FINAL_BASE,1.1,1.4,0.1,9,true,8,BASE_TOTAL_SERVICE;RESERVE_45D,0.7124,280.33
BASE,FINAL_BASE,1.1,1.4,0,10,true,9,BASE_CRITICAL_SERVICE;BASE_TOTAL_SERVICE;RESERVE_45D,0.6906,302.43
BASE,FINAL_BASE,1.1,1.45,1,9,true,8,BASE_TOTAL_SERVICE;RESERVE_45D,0.9089,81.4
BASE,FINAL_BASE,1.1,1.45,0.9,9,true,8,BASE_TOTAL_SERVICE;RESERVE_45D,0.8871,103.5
BASE,FINAL_BASE,1.1,1.45,0.8,9,true,8,BASE_TOTAL_SERVICE;RESERVE_45D,0.8653,125.61
BASE,FINAL_BASE,1.1,1.45,0.7,9,true,8,BASE_TOTAL_SERVICE;RESERVE_45D,0.8434,147.71
BASE,FINAL_BASE,1.1,1.45,0.6,9,true,8,BASE_TOTAL_SERVICE;RESERVE_45D,0.8216,169.81
BASE,FINAL_BASE,1.1,1.45,0.5,9,true,8,BASE_TOTAL_SERVICE;RESERVE_45D,0.7998,191.91
BASE,FINAL_BASE,1.1,1.45,0.4,9,true,8,BASE_TOTAL_SERVICE;RESERVE_45D,0.7779,214.02
BASE,FINAL_BASE,1.1,1.45,0.3,9,true,8,BASE_TOTAL_SERVICE;RESERVE_45D,0.7561,236.12
BASE,FINAL_BASE,1.1,1.45,0.2,9,true,8,BASE_TOTAL_SERVICE;RESERVE_45D,0.7342,258.22
BASE,FINAL_BASE,1.1,1.45,0.1,9,true,8,BASE_TOTAL_SERVICE;RESERVE_45D,0.7124,280.33
BASE,FINAL_BASE,1.1,1.45,0,10,true,9,BASE_CRITICAL_SERVICE;BASE_TOTAL_SERVICE;RESERVE_45D,0.6906,302.43
BASE,FINAL_BASE,1.1,1.5,1,10,true,8,BASE_TOTAL_SERVICE;RESERVE_45D,0.9089,81.4
BASE,FINAL_BASE,1.1,1.5,0.9,10,true,8,BASE_TOTAL_SERVICE;RESERVE_45D,0.8871,103.5
BASE,FINAL_BASE,1.1,1.5,0.8,10,true,8,BASE_TOTAL_SERVICE;RESERVE_45D,0.8653,125.61
BASE,FINAL_BASE,1.1,1.5,0.7,10,true,8,BASE_TOTAL_SERVICE;RESERVE_45D,0.8434,147.71
BASE,FINAL_BASE,1.1,1.5,0.6,10,true,8,BASE_TOTAL_SERVICE;RESERVE_45D,0.8216,169.81
BASE,FINAL_BASE,1.1,1.5,0.5,10,true,8,BASE_TOTAL_SERVICE;RESERVE_45D,0.7998,191.91
BASE,FINAL_BASE,1.1,1.5,0.4,10,true,8,BASE_TOTAL_SERVICE;RESERVE_45D,0.7779,214.02
BASE,FINAL_BASE,1.1,1.5,0.3,10,true,8,BASE_TOTAL_SERVICE;RESERVE_45D,0.7561,236.12
BASE,FINAL_BASE,1.1,1.5,0.2,10,true,8,BASE_TOTAL_SERVICE;RESERVE_45D,0.7342,258.22
BASE,FINAL_BASE,1.1,1.5,0.1,10,true,8,BASE_TOTAL_SERVICE;RESERVE_45D,0.7124,280.33
BASE,FINAL_BASE,1.1,1.5,0,10,true,9,BASE_CRITICAL_SERVICE;BASE_TOTAL_SERVICE;RESERVE_45D,0.6906,302.43
BASE,FINAL_BASE,1.15,1,1,3,true,9,BASE_TOTAL_SERVICE;RESERVE_45D,0.8694,150.9
BASE,FINAL_BASE,1.15,1,0.9,3,true,9,BASE_TOTAL_SERVICE;RESERVE_45D,0.8485,173
BASE,FINAL_BASE,1.15,1,0.8,3,true,9,BASE_TOTAL_SERVICE;RESERVE_45D,0.8276,195.11
BASE,FINAL_BASE,1.15,1,0.7,3,true,9,BASE_TOTAL_SERVICE;RESERVE_45D,0.8068,217.21
BASE,FINAL_BASE,1.15,1,0.6,4,true,9,BASE_TOTAL_SERVICE;RESERVE_45D,0.7859,239.31
BASE,FINAL_BASE,1.15,1,0.5,5,true,9,BASE_TOTAL_SERVICE;RESERVE_45D,0.765,261.41
BASE,FINAL_BASE,1.15,1,0.4,6,true,9,BASE_TOTAL_SERVICE;RESERVE_45D,0.7441,283.52
BASE,FINAL_BASE,1.15,1,0.3,7,true,9,BASE_TOTAL_SERVICE;RESERVE_45D,0.7232,305.62
BASE,FINAL_BASE,1.15,1,0.2,8,true,9,BASE_TOTAL_SERVICE;RESERVE_45D,0.7023,327.72
BASE,FINAL_BASE,1.15,1,0.1,9,true,10,BASE_CRITICAL_SERVICE;BASE_TOTAL_SERVICE;RESERVE_45D,0.6814,349.83
BASE,FINAL_BASE,1.15,1,0,10,true,11,BASE_CRITICAL_SERVICE;BASE_TOTAL_SERVICE;RESERVE_45D,0.6606,371.93
BASE,FINAL_BASE,1.15,1.05,1,3,true,9,BASE_TOTAL_SERVICE;RESERVE_45D,0.8694,150.9
BASE,FINAL_BASE,1.15,1.05,0.9,3,true,9,BASE_TOTAL_SERVICE;RESERVE_45D,0.8485,173
BASE,FINAL_BASE,1.15,1.05,0.8,3,true,9,BASE_TOTAL_SERVICE;RESERVE_45D,0.8276,195.11
BASE,FINAL_BASE,1.15,1.05,0.7,3,true,9,BASE_TOTAL_SERVICE;RESERVE_45D,0.8068,217.21
BASE,FINAL_BASE,1.15,1.05,0.6,4,true,9,BASE_TOTAL_SERVICE;RESERVE_45D,0.7859,239.31
BASE,FINAL_BASE,1.15,1.05,0.5,5,true,9,BASE_TOTAL_SERVICE;RESERVE_45D,0.765,261.41
BASE,FINAL_BASE,1.15,1.05,0.4,6,true,9,BASE_TOTAL_SERVICE;RESERVE_45D,0.7441,283.52
BASE,FINAL_BASE,1.15,1.05,0.3,7,true,9,BASE_TOTAL_SERVICE;RESERVE_45D,0.7232,305.62
BASE,FINAL_BASE,1.15,1.05,0.2,8,true,9,BASE_TOTAL_SERVICE;RESERVE_45D,0.7023,327.72
BASE,FINAL_BASE,1.15,1.05,0.1,9,true,10,BASE_CRITICAL_SERVICE;BASE_TOTAL_SERVICE;RESERVE_45D,0.6814,349.83
BASE,FINAL_BASE,1.15,1.05,0,10,true,11,BASE_CRITICAL_SERVICE;BASE_TOTAL_SERVICE;RESERVE_45D,0.6606,371.93
BASE,FINAL_BASE,1.15,1.1,1,3,true,9,BASE_TOTAL_SERVICE;RESERVE_45D,0.8694,150.9
BASE,FINAL_BASE,1.15,1.1,0.9,3,true,9,BASE_TOTAL_SERVICE;RESERVE_45D,0.8485,173
BASE,FINAL_BASE,1.15,1.1,0.8,3,true,9,BASE_TOTAL_SERVICE;RESERVE_45D,0.8276,195.11
BASE,FINAL_BASE,1.15,1.1,0.7,3,true,9,BASE_TOTAL_SERVICE;RESERVE_45D,0.8068,217.21
BASE,FINAL_BASE,1.15,1.1,0.6,4,true,9,BASE_TOTAL_SERVICE;RESERVE_45D,0.7859,239.31
BASE,FINAL_BASE,1.15,1.1,0.5,5,true,9,BASE_TOTAL_SERVICE;RESERVE_45D,0.765,261.41
BASE,FINAL_BASE,1.15,1.1,0.4,6,true,9,BASE_TOTAL_SERVICE;RESERVE_45D,0.7441,283.52
BASE,FINAL_BASE,1.15,1.1,0.3,7,true,9,BASE_TOTAL_SERVICE;RESERVE_45D,0.7232,305.62
BASE,FINAL_BASE,1.15,1.1,0.2,8,true,9,BASE_TOTAL_SERVICE;RESERVE_45D,0.7023,327.72
BASE,FINAL_BASE,1.15,1.1,0.1,9,true,10,BASE_CRITICAL_SERVICE;BASE_TOTAL_SERVICE;RESERVE_45D,0.6814,349.83
BASE,FINAL_BASE,1.15,1.1,0,10,true,11,BASE_CRITICAL_SERVICE;BASE_TOTAL_SERVICE;RESERVE_45D,0.6606,371.93
BASE,FINAL_BASE,1.15,1.15,1,3,true,9,BASE_TOTAL_SERVICE;RESERVE_45D,0.8694,150.9
BASE,FINAL_BASE,1.15,1.15,0.9,3,true,9,BASE_TOTAL_SERVICE;RESERVE_45D,0.8485,173
BASE,FINAL_BASE,1.15,1.15,0.8,3,true,9,BASE_TOTAL_SERVICE;RESERVE_45D,0.8276,195.11
BASE,FINAL_BASE,1.15,1.15,0.7,3,true,9,BASE_TOTAL_SERVICE;RESERVE_45D,0.8068,217.21
BASE,FINAL_BASE,1.15,1.15,0.6,4,true,9,BASE_TOTAL_SERVICE;RESERVE_45D,0.7859,239.31
BASE,FINAL_BASE,1.15,1.15,0.5,5,true,9,BASE_TOTAL_SERVICE;RESERVE_45D,0.765,261.41
BASE,FINAL_BASE,1.15,1.15,0.4,6,true,9,BASE_TOTAL_SERVICE;RESERVE_45D,0.7441,283.52
BASE,FINAL_BASE,1.15,1.15,0.3,7,true,9,BASE_TOTAL_SERVICE;RESERVE_45D,0.7232,305.62
BASE,FINAL_BASE,1.15,1.15,0.2,8,true,9,BASE_TOTAL_SERVICE;RESERVE_45D,0.7023,327.72
BASE,FINAL_BASE,1.15,1.15,0.1,9,true,10,BASE_CRITICAL_SERVICE;BASE_TOTAL_SERVICE;RESERVE_45D,0.6814,349.83
BASE,FINAL_BASE,1.15,1.15,0,10,true,11,BASE_CRITICAL_SERVICE;BASE_TOTAL_SERVICE;RESERVE_45D,0.6606,371.93
BASE,FINAL_BASE,1.15,1.2,1,4,true,9,BASE_TOTAL_SERVICE;RESERVE_45D,0.8694,150.9
BASE,FINAL_BASE,1.15,1.2,0.9,4,true,9,BASE_TOTAL_SERVICE;RESERVE_45D,0.8485,173
BASE,FINAL_BASE,1.15,1.2,0.8,4,true,9,BASE_TOTAL_SERVICE;RESERVE_45D,0.8276,195.11
BASE,FINAL_BASE,1.15,1.2,0.7,4,true,9,BASE_TOTAL_SERVICE;RESERVE_45D,0.8068,217.21
BASE,FINAL_BASE,1.15,1.2,0.6,4,true,9,BASE_TOTAL_SERVICE;RESERVE_45D,0.7859,239.31
BASE,FINAL_BASE,1.15,1.2,0.5,5,true,9,BASE_TOTAL_SERVICE;RESERVE_45D,0.765,261.41
BASE,FINAL_BASE,1.15,1.2,0.4,6,true,9,BASE_TOTAL_SERVICE;RESERVE_45D,0.7441,283.52
BASE,FINAL_BASE,1.15,1.2,0.3,7,true,9,BASE_TOTAL_SERVICE;RESERVE_45D,0.7232,305.62
BASE,FINAL_BASE,1.15,1.2,0.2,8,true,9,BASE_TOTAL_SERVICE;RESERVE_45D,0.7023,327.72
BASE,FINAL_BASE,1.15,1.2,0.1,9,true,10,BASE_CRITICAL_SERVICE;BASE_TOTAL_SERVICE;RESERVE_45D,0.6814,349.83
BASE,FINAL_BASE,1.15,1.2,0,10,true,11,BASE_CRITICAL_SERVICE;BASE_TOTAL_SERVICE;RESERVE_45D,0.6606,371.93
BASE,FINAL_BASE,1.15,1.25,1,5,true,9,BASE_TOTAL_SERVICE;RESERVE_45D,0.8694,150.9
BASE,FINAL_BASE,1.15,1.25,0.9,5,true,9,BASE_TOTAL_SERVICE;RESERVE_45D,0.8485,173
BASE,FINAL_BASE,1.15,1.25,0.8,5,true,9,BASE_TOTAL_SERVICE;RESERVE_45D,0.8276,195.11
BASE,FINAL_BASE,1.15,1.25,0.7,5,true,9,BASE_TOTAL_SERVICE;RESERVE_45D,0.8068,217.21
BASE,FINAL_BASE,1.15,1.25,0.6,5,true,9,BASE_TOTAL_SERVICE;RESERVE_45D,0.7859,239.31
BASE,FINAL_BASE,1.15,1.25,0.5,5,true,9,BASE_TOTAL_SERVICE;RESERVE_45D,0.765,261.41
BASE,FINAL_BASE,1.15,1.25,0.4,6,true,9,BASE_TOTAL_SERVICE;RESERVE_45D,0.7441,283.52
BASE,FINAL_BASE,1.15,1.25,0.3,7,true,9,BASE_TOTAL_SERVICE;RESERVE_45D,0.7232,305.62
BASE,FINAL_BASE,1.15,1.25,0.2,8,true,9,BASE_TOTAL_SERVICE;RESERVE_45D,0.7023,327.72
BASE,FINAL_BASE,1.15,1.25,0.1,9,true,10,BASE_CRITICAL_SERVICE;BASE_TOTAL_SERVICE;RESERVE_45D,0.6814,349.83
BASE,FINAL_BASE,1.15,1.25,0,10,true,11,BASE_CRITICAL_SERVICE;BASE_TOTAL_SERVICE;RESERVE_45D,0.6606,371.93
BASE,FINAL_BASE,1.15,1.3,1,6,true,9,BASE_TOTAL_SERVICE;RESERVE_45D,0.8694,150.9
BASE,FINAL_BASE,1.15,1.3,0.9,6,true,9,BASE_TOTAL_SERVICE;RESERVE_45D,0.8485,173
BASE,FINAL_BASE,1.15,1.3,0.8,6,true,9,BASE_TOTAL_SERVICE;RESERVE_45D,0.8276,195.11
BASE,FINAL_BASE,1.15,1.3,0.7,6,true,9,BASE_TOTAL_SERVICE;RESERVE_45D,0.8068,217.21
BASE,FINAL_BASE,1.15,1.3,0.6,6,true,9,BASE_TOTAL_SERVICE;RESERVE_45D,0.7859,239.31
BASE,FINAL_BASE,1.15,1.3,0.5,6,true,9,BASE_TOTAL_SERVICE;RESERVE_45D,0.765,261.41
BASE,FINAL_BASE,1.15,1.3,0.4,6,true,9,BASE_TOTAL_SERVICE;RESERVE_45D,0.7441,283.52
BASE,FINAL_BASE,1.15,1.3,0.3,7,true,9,BASE_TOTAL_SERVICE;RESERVE_45D,0.7232,305.62
BASE,FINAL_BASE,1.15,1.3,0.2,8,true,9,BASE_TOTAL_SERVICE;RESERVE_45D,0.7023,327.72
BASE,FINAL_BASE,1.15,1.3,0.1,9,true,10,BASE_CRITICAL_SERVICE;BASE_TOTAL_SERVICE;RESERVE_45D,0.6814,349.83
BASE,FINAL_BASE,1.15,1.3,0,10,true,11,BASE_CRITICAL_SERVICE;BASE_TOTAL_SERVICE;RESERVE_45D,0.6606,371.93
BASE,FINAL_BASE,1.15,1.35,1,7,true,9,BASE_TOTAL_SERVICE;RESERVE_45D,0.8694,150.9
BASE,FINAL_BASE,1.15,1.35,0.9,7,true,9,BASE_TOTAL_SERVICE;RESERVE_45D,0.8485,173
BASE,FINAL_BASE,1.15,1.35,0.8,7,true,9,BASE_TOTAL_SERVICE;RESERVE_45D,0.8276,195.11
BASE,FINAL_BASE,1.15,1.35,0.7,7,true,9,BASE_TOTAL_SERVICE;RESERVE_45D,0.8068,217.21
BASE,FINAL_BASE,1.15,1.35,0.6,7,true,9,BASE_TOTAL_SERVICE;RESERVE_45D,0.7859,239.31
BASE,FINAL_BASE,1.15,1.35,0.5,7,true,9,BASE_TOTAL_SERVICE;RESERVE_45D,0.765,261.41
BASE,FINAL_BASE,1.15,1.35,0.4,7,true,9,BASE_TOTAL_SERVICE;RESERVE_45D,0.7441,283.52
BASE,FINAL_BASE,1.15,1.35,0.3,7,true,9,BASE_TOTAL_SERVICE;RESERVE_45D,0.7232,305.62
BASE,FINAL_BASE,1.15,1.35,0.2,8,true,9,BASE_TOTAL_SERVICE;RESERVE_45D,0.7023,327.72
BASE,FINAL_BASE,1.15,1.35,0.1,9,true,10,BASE_CRITICAL_SERVICE;BASE_TOTAL_SERVICE;RESERVE_45D,0.6814,349.83
BASE,FINAL_BASE,1.15,1.35,0,10,true,11,BASE_CRITICAL_SERVICE;BASE_TOTAL_SERVICE;RESERVE_45D,0.6606,371.93
BASE,FINAL_BASE,1.15,1.4,1,8,true,9,BASE_TOTAL_SERVICE;RESERVE_45D,0.8694,150.9
BASE,FINAL_BASE,1.15,1.4,0.9,8,true,9,BASE_TOTAL_SERVICE;RESERVE_45D,0.8485,173
BASE,FINAL_BASE,1.15,1.4,0.8,8,true,9,BASE_TOTAL_SERVICE;RESERVE_45D,0.8276,195.11
BASE,FINAL_BASE,1.15,1.4,0.7,8,true,9,BASE_TOTAL_SERVICE;RESERVE_45D,0.8068,217.21
BASE,FINAL_BASE,1.15,1.4,0.6,8,true,9,BASE_TOTAL_SERVICE;RESERVE_45D,0.7859,239.31
BASE,FINAL_BASE,1.15,1.4,0.5,8,true,9,BASE_TOTAL_SERVICE;RESERVE_45D,0.765,261.41
BASE,FINAL_BASE,1.15,1.4,0.4,8,true,9,BASE_TOTAL_SERVICE;RESERVE_45D,0.7441,283.52
BASE,FINAL_BASE,1.15,1.4,0.3,8,true,9,BASE_TOTAL_SERVICE;RESERVE_45D,0.7232,305.62
BASE,FINAL_BASE,1.15,1.4,0.2,8,true,9,BASE_TOTAL_SERVICE;RESERVE_45D,0.7023,327.72
BASE,FINAL_BASE,1.15,1.4,0.1,9,true,10,BASE_CRITICAL_SERVICE;BASE_TOTAL_SERVICE;RESERVE_45D,0.6814,349.83
BASE,FINAL_BASE,1.15,1.4,0,10,true,11,BASE_CRITICAL_SERVICE;BASE_TOTAL_SERVICE;RESERVE_45D,0.6606,371.93
BASE,FINAL_BASE,1.15,1.45,1,9,true,9,BASE_TOTAL_SERVICE;RESERVE_45D,0.8694,150.9
BASE,FINAL_BASE,1.15,1.45,0.9,9,true,9,BASE_TOTAL_SERVICE;RESERVE_45D,0.8485,173
BASE,FINAL_BASE,1.15,1.45,0.8,9,true,9,BASE_TOTAL_SERVICE;RESERVE_45D,0.8276,195.11
BASE,FINAL_BASE,1.15,1.45,0.7,9,true,9,BASE_TOTAL_SERVICE;RESERVE_45D,0.8068,217.21
BASE,FINAL_BASE,1.15,1.45,0.6,9,true,9,BASE_TOTAL_SERVICE;RESERVE_45D,0.7859,239.31
BASE,FINAL_BASE,1.15,1.45,0.5,9,true,9,BASE_TOTAL_SERVICE;RESERVE_45D,0.765,261.41
BASE,FINAL_BASE,1.15,1.45,0.4,9,true,9,BASE_TOTAL_SERVICE;RESERVE_45D,0.7441,283.52
BASE,FINAL_BASE,1.15,1.45,0.3,9,true,9,BASE_TOTAL_SERVICE;RESERVE_45D,0.7232,305.62
BASE,FINAL_BASE,1.15,1.45,0.2,9,true,9,BASE_TOTAL_SERVICE;RESERVE_45D,0.7023,327.72
BASE,FINAL_BASE,1.15,1.45,0.1,9,true,10,BASE_CRITICAL_SERVICE;BASE_TOTAL_SERVICE;RESERVE_45D,0.6814,349.83
BASE,FINAL_BASE,1.15,1.45,0,10,true,11,BASE_CRITICAL_SERVICE;BASE_TOTAL_SERVICE;RESERVE_45D,0.6606,371.93
BASE,FINAL_BASE,1.15,1.5,1,10,true,9,BASE_TOTAL_SERVICE;RESERVE_45D,0.8694,150.9
BASE,FINAL_BASE,1.15,1.5,0.9,10,true,9,BASE_TOTAL_SERVICE;RESERVE_45D,0.8485,173
BASE,FINAL_BASE,1.15,1.5,0.8,10,true,9,BASE_TOTAL_SERVICE;RESERVE_45D,0.8276,195.11
BASE,FINAL_BASE,1.15,1.5,0.7,10,true,9,BASE_TOTAL_SERVICE;RESERVE_45D,0.8068,217.21
BASE,FINAL_BASE,1.15,1.5,0.6,10,true,9,BASE_TOTAL_SERVICE;RESERVE_45D,0.7859,239.31
BASE,FINAL_BASE,1.15,1.5,0.5,10,true,9,BASE_TOTAL_SERVICE;RESERVE_45D,0.765,261.41
BASE,FINAL_BASE,1.15,1.5,0.4,10,true,9,BASE_TOTAL_SERVICE;RESERVE_45D,0.7441,283.52
BASE,FINAL_BASE,1.15,1.5,0.3,10,true,9,BASE_TOTAL_SERVICE;RESERVE_45D,0.7232,305.62
BASE,FINAL_BASE,1.15,1.5,0.2,10,true,9,BASE_TOTAL_SERVICE;RESERVE_45D,0.7023,327.72
BASE,FINAL_BASE,1.15,1.5,0.1,10,true,10,BASE_CRITICAL_SERVICE;BASE_TOTAL_SERVICE;RESERVE_45D,0.6814,349.83
BASE,FINAL_BASE,1.15,1.5,0,10,true,11,BASE_CRITICAL_SERVICE;BASE_TOTAL_SERVICE;RESERVE_45D,0.6606,371.93
BASE,FINAL_BASE,1.2,1,1,4,true,10,BASE_TOTAL_SERVICE;RESERVE_45D,0.8332,220.4
BASE,FINAL_BASE,1.2,1,0.9,4,true,10,BASE_TOTAL_SERVICE;RESERVE_45D,0.8132,242.5
BASE,FINAL_BASE,1.2,1,0.8,4,true,10,BASE_TOTAL_SERVICE;RESERVE_45D,0.7932,264.61
BASE,FINAL_BASE,1.2,1,0.7,4,true,10,BASE_TOTAL_SERVICE;RESERVE_45D,0.7731,286.71
BASE,FINAL_BASE,1.2,1,0.6,4,true,10,BASE_TOTAL_SERVICE;RESERVE_45D,0.7531,308.81
BASE,FINAL_BASE,1.2,1,0.5,5,true,10,BASE_TOTAL_SERVICE;RESERVE_45D,0.7331,330.91
BASE,FINAL_BASE,1.2,1,0.4,6,true,10,BASE_TOTAL_SERVICE;RESERVE_45D,0.7131,353.02
BASE,FINAL_BASE,1.2,1,0.3,7,true,10,BASE_TOTAL_SERVICE;RESERVE_45D,0.6931,375.12
BASE,FINAL_BASE,1.2,1,0.2,8,true,12,BASE_CRITICAL_SERVICE;BASE_TOTAL_SERVICE;RESERVE_45D,0.6731,397.22
BASE,FINAL_BASE,1.2,1,0.1,9,true,12,BASE_CRITICAL_SERVICE;BASE_TOTAL_SERVICE;RESERVE_45D,0.653,419.33
BASE,FINAL_BASE,1.2,1,0,10,true,13,BASE_CRITICAL_SERVICE;BASE_TOTAL_SERVICE;RESERVE_45D,0.633,441.43
BASE,FINAL_BASE,1.2,1.05,1,4,true,10,BASE_TOTAL_SERVICE;RESERVE_45D,0.8332,220.4
BASE,FINAL_BASE,1.2,1.05,0.9,4,true,10,BASE_TOTAL_SERVICE;RESERVE_45D,0.8132,242.5
BASE,FINAL_BASE,1.2,1.05,0.8,4,true,10,BASE_TOTAL_SERVICE;RESERVE_45D,0.7932,264.61
BASE,FINAL_BASE,1.2,1.05,0.7,4,true,10,BASE_TOTAL_SERVICE;RESERVE_45D,0.7731,286.71
BASE,FINAL_BASE,1.2,1.05,0.6,4,true,10,BASE_TOTAL_SERVICE;RESERVE_45D,0.7531,308.81
BASE,FINAL_BASE,1.2,1.05,0.5,5,true,10,BASE_TOTAL_SERVICE;RESERVE_45D,0.7331,330.91
BASE,FINAL_BASE,1.2,1.05,0.4,6,true,10,BASE_TOTAL_SERVICE;RESERVE_45D,0.7131,353.02
BASE,FINAL_BASE,1.2,1.05,0.3,7,true,10,BASE_TOTAL_SERVICE;RESERVE_45D,0.6931,375.12
BASE,FINAL_BASE,1.2,1.05,0.2,8,true,12,BASE_CRITICAL_SERVICE;BASE_TOTAL_SERVICE;RESERVE_45D,0.6731,397.22
BASE,FINAL_BASE,1.2,1.05,0.1,9,true,12,BASE_CRITICAL_SERVICE;BASE_TOTAL_SERVICE;RESERVE_45D,0.653,419.33
BASE,FINAL_BASE,1.2,1.05,0,10,true,13,BASE_CRITICAL_SERVICE;BASE_TOTAL_SERVICE;RESERVE_45D,0.633,441.43
BASE,FINAL_BASE,1.2,1.1,1,4,true,10,BASE_TOTAL_SERVICE;RESERVE_45D,0.8332,220.4
BASE,FINAL_BASE,1.2,1.1,0.9,4,true,10,BASE_TOTAL_SERVICE;RESERVE_45D,0.8132,242.5
BASE,FINAL_BASE,1.2,1.1,0.8,4,true,10,BASE_TOTAL_SERVICE;RESERVE_45D,0.7932,264.61
BASE,FINAL_BASE,1.2,1.1,0.7,4,true,10,BASE_TOTAL_SERVICE;RESERVE_45D,0.7731,286.71
BASE,FINAL_BASE,1.2,1.1,0.6,4,true,10,BASE_TOTAL_SERVICE;RESERVE_45D,0.7531,308.81
BASE,FINAL_BASE,1.2,1.1,0.5,5,true,10,BASE_TOTAL_SERVICE;RESERVE_45D,0.7331,330.91
BASE,FINAL_BASE,1.2,1.1,0.4,6,true,10,BASE_TOTAL_SERVICE;RESERVE_45D,0.7131,353.02
BASE,FINAL_BASE,1.2,1.1,0.3,7,true,10,BASE_TOTAL_SERVICE;RESERVE_45D,0.6931,375.12
BASE,FINAL_BASE,1.2,1.1,0.2,8,true,12,BASE_CRITICAL_SERVICE;BASE_TOTAL_SERVICE;RESERVE_45D,0.6731,397.22
BASE,FINAL_BASE,1.2,1.1,0.1,9,true,12,BASE_CRITICAL_SERVICE;BASE_TOTAL_SERVICE;RESERVE_45D,0.653,419.33
BASE,FINAL_BASE,1.2,1.1,0,10,true,13,BASE_CRITICAL_SERVICE;BASE_TOTAL_SERVICE;RESERVE_45D,0.633,441.43
BASE,FINAL_BASE,1.2,1.15,1,4,true,10,BASE_TOTAL_SERVICE;RESERVE_45D,0.8332,220.4
BASE,FINAL_BASE,1.2,1.15,0.9,4,true,10,BASE_TOTAL_SERVICE;RESERVE_45D,0.8132,242.5
BASE,FINAL_BASE,1.2,1.15,0.8,4,true,10,BASE_TOTAL_SERVICE;RESERVE_45D,0.7932,264.61
BASE,FINAL_BASE,1.2,1.15,0.7,4,true,10,BASE_TOTAL_SERVICE;RESERVE_45D,0.7731,286.71
BASE,FINAL_BASE,1.2,1.15,0.6,4,true,10,BASE_TOTAL_SERVICE;RESERVE_45D,0.7531,308.81
BASE,FINAL_BASE,1.2,1.15,0.5,5,true,10,BASE_TOTAL_SERVICE;RESERVE_45D,0.7331,330.91
BASE,FINAL_BASE,1.2,1.15,0.4,6,true,10,BASE_TOTAL_SERVICE;RESERVE_45D,0.7131,353.02
BASE,FINAL_BASE,1.2,1.15,0.3,7,true,10,BASE_TOTAL_SERVICE;RESERVE_45D,0.6931,375.12
BASE,FINAL_BASE,1.2,1.15,0.2,8,true,12,BASE_CRITICAL_SERVICE;BASE_TOTAL_SERVICE;RESERVE_45D,0.6731,397.22
BASE,FINAL_BASE,1.2,1.15,0.1,9,true,12,BASE_CRITICAL_SERVICE;BASE_TOTAL_SERVICE;RESERVE_45D,0.653,419.33
BASE,FINAL_BASE,1.2,1.15,0,10,true,13,BASE_CRITICAL_SERVICE;BASE_TOTAL_SERVICE;RESERVE_45D,0.633,441.43
BASE,FINAL_BASE,1.2,1.2,1,4,true,10,BASE_TOTAL_SERVICE;RESERVE_45D,0.8332,220.4
BASE,FINAL_BASE,1.2,1.2,0.9,4,true,10,BASE_TOTAL_SERVICE;RESERVE_45D,0.8132,242.5
BASE,FINAL_BASE,1.2,1.2,0.8,4,true,10,BASE_TOTAL_SERVICE;RESERVE_45D,0.7932,264.61
BASE,FINAL_BASE,1.2,1.2,0.7,4,true,10,BASE_TOTAL_SERVICE;RESERVE_45D,0.7731,286.71
BASE,FINAL_BASE,1.2,1.2,0.6,4,true,10,BASE_TOTAL_SERVICE;RESERVE_45D,0.7531,308.81
BASE,FINAL_BASE,1.2,1.2,0.5,5,true,10,BASE_TOTAL_SERVICE;RESERVE_45D,0.7331,330.91
BASE,FINAL_BASE,1.2,1.2,0.4,6,true,10,BASE_TOTAL_SERVICE;RESERVE_45D,0.7131,353.02
BASE,FINAL_BASE,1.2,1.2,0.3,7,true,10,BASE_TOTAL_SERVICE;RESERVE_45D,0.6931,375.12
BASE,FINAL_BASE,1.2,1.2,0.2,8,true,12,BASE_CRITICAL_SERVICE;BASE_TOTAL_SERVICE;RESERVE_45D,0.6731,397.22
BASE,FINAL_BASE,1.2,1.2,0.1,9,true,12,BASE_CRITICAL_SERVICE;BASE_TOTAL_SERVICE;RESERVE_45D,0.653,419.33
BASE,FINAL_BASE,1.2,1.2,0,10,true,13,BASE_CRITICAL_SERVICE;BASE_TOTAL_SERVICE;RESERVE_45D,0.633,441.43
BASE,FINAL_BASE,1.2,1.25,1,5,true,10,BASE_TOTAL_SERVICE;RESERVE_45D,0.8332,220.4
BASE,FINAL_BASE,1.2,1.25,0.9,5,true,10,BASE_TOTAL_SERVICE;RESERVE_45D,0.8132,242.5
BASE,FINAL_BASE,1.2,1.25,0.8,5,true,10,BASE_TOTAL_SERVICE;RESERVE_45D,0.7932,264.61
BASE,FINAL_BASE,1.2,1.25,0.7,5,true,10,BASE_TOTAL_SERVICE;RESERVE_45D,0.7731,286.71
BASE,FINAL_BASE,1.2,1.25,0.6,5,true,10,BASE_TOTAL_SERVICE;RESERVE_45D,0.7531,308.81
BASE,FINAL_BASE,1.2,1.25,0.5,5,true,10,BASE_TOTAL_SERVICE;RESERVE_45D,0.7331,330.91
BASE,FINAL_BASE,1.2,1.25,0.4,6,true,10,BASE_TOTAL_SERVICE;RESERVE_45D,0.7131,353.02
BASE,FINAL_BASE,1.2,1.25,0.3,7,true,10,BASE_TOTAL_SERVICE;RESERVE_45D,0.6931,375.12
BASE,FINAL_BASE,1.2,1.25,0.2,8,true,12,BASE_CRITICAL_SERVICE;BASE_TOTAL_SERVICE;RESERVE_45D,0.6731,397.22
BASE,FINAL_BASE,1.2,1.25,0.1,9,true,12,BASE_CRITICAL_SERVICE;BASE_TOTAL_SERVICE;RESERVE_45D,0.653,419.33
BASE,FINAL_BASE,1.2,1.25,0,10,true,13,BASE_CRITICAL_SERVICE;BASE_TOTAL_SERVICE;RESERVE_45D,0.633,441.43
BASE,FINAL_BASE,1.2,1.3,1,6,true,10,BASE_TOTAL_SERVICE;RESERVE_45D,0.8332,220.4
BASE,FINAL_BASE,1.2,1.3,0.9,6,true,10,BASE_TOTAL_SERVICE;RESERVE_45D,0.8132,242.5
BASE,FINAL_BASE,1.2,1.3,0.8,6,true,10,BASE_TOTAL_SERVICE;RESERVE_45D,0.7932,264.61
BASE,FINAL_BASE,1.2,1.3,0.7,6,true,10,BASE_TOTAL_SERVICE;RESERVE_45D,0.7731,286.71
BASE,FINAL_BASE,1.2,1.3,0.6,6,true,10,BASE_TOTAL_SERVICE;RESERVE_45D,0.7531,308.81
BASE,FINAL_BASE,1.2,1.3,0.5,6,true,10,BASE_TOTAL_SERVICE;RESERVE_45D,0.7331,330.91
BASE,FINAL_BASE,1.2,1.3,0.4,6,true,10,BASE_TOTAL_SERVICE;RESERVE_45D,0.7131,353.02
BASE,FINAL_BASE,1.2,1.3,0.3,7,true,10,BASE_TOTAL_SERVICE;RESERVE_45D,0.6931,375.12
BASE,FINAL_BASE,1.2,1.3,0.2,8,true,12,BASE_CRITICAL_SERVICE;BASE_TOTAL_SERVICE;RESERVE_45D,0.6731,397.22
BASE,FINAL_BASE,1.2,1.3,0.1,9,true,12,BASE_CRITICAL_SERVICE;BASE_TOTAL_SERVICE;RESERVE_45D,0.653,419.33
BASE,FINAL_BASE,1.2,1.3,0,10,true,13,BASE_CRITICAL_SERVICE;BASE_TOTAL_SERVICE;RESERVE_45D,0.633,441.43
BASE,FINAL_BASE,1.2,1.35,1,7,true,10,BASE_TOTAL_SERVICE;RESERVE_45D,0.8332,220.4
BASE,FINAL_BASE,1.2,1.35,0.9,7,true,10,BASE_TOTAL_SERVICE;RESERVE_45D,0.8132,242.5
BASE,FINAL_BASE,1.2,1.35,0.8,7,true,10,BASE_TOTAL_SERVICE;RESERVE_45D,0.7932,264.61
BASE,FINAL_BASE,1.2,1.35,0.7,7,true,10,BASE_TOTAL_SERVICE;RESERVE_45D,0.7731,286.71
BASE,FINAL_BASE,1.2,1.35,0.6,7,true,10,BASE_TOTAL_SERVICE;RESERVE_45D,0.7531,308.81
BASE,FINAL_BASE,1.2,1.35,0.5,7,true,10,BASE_TOTAL_SERVICE;RESERVE_45D,0.7331,330.91
BASE,FINAL_BASE,1.2,1.35,0.4,7,true,10,BASE_TOTAL_SERVICE;RESERVE_45D,0.7131,353.02
BASE,FINAL_BASE,1.2,1.35,0.3,7,true,10,BASE_TOTAL_SERVICE;RESERVE_45D,0.6931,375.12
BASE,FINAL_BASE,1.2,1.35,0.2,8,true,12,BASE_CRITICAL_SERVICE;BASE_TOTAL_SERVICE;RESERVE_45D,0.6731,397.22
BASE,FINAL_BASE,1.2,1.35,0.1,9,true,12,BASE_CRITICAL_SERVICE;BASE_TOTAL_SERVICE;RESERVE_45D,0.653,419.33
BASE,FINAL_BASE,1.2,1.35,0,10,true,13,BASE_CRITICAL_SERVICE;BASE_TOTAL_SERVICE;RESERVE_45D,0.633,441.43
BASE,FINAL_BASE,1.2,1.4,1,8,true,10,BASE_TOTAL_SERVICE;RESERVE_45D,0.8332,220.4
BASE,FINAL_BASE,1.2,1.4,0.9,8,true,10,BASE_TOTAL_SERVICE;RESERVE_45D,0.8132,242.5
BASE,FINAL_BASE,1.2,1.4,0.8,8,true,10,BASE_TOTAL_SERVICE;RESERVE_45D,0.7932,264.61
BASE,FINAL_BASE,1.2,1.4,0.7,8,true,10,BASE_TOTAL_SERVICE;RESERVE_45D,0.7731,286.71
BASE,FINAL_BASE,1.2,1.4,0.6,8,true,10,BASE_TOTAL_SERVICE;RESERVE_45D,0.7531,308.81
BASE,FINAL_BASE,1.2,1.4,0.5,8,true,10,BASE_TOTAL_SERVICE;RESERVE_45D,0.7331,330.91
BASE,FINAL_BASE,1.2,1.4,0.4,8,true,10,BASE_TOTAL_SERVICE;RESERVE_45D,0.7131,353.02
BASE,FINAL_BASE,1.2,1.4,0.3,8,true,10,BASE_TOTAL_SERVICE;RESERVE_45D,0.6931,375.12
BASE,FINAL_BASE,1.2,1.4,0.2,8,true,12,BASE_CRITICAL_SERVICE;BASE_TOTAL_SERVICE;RESERVE_45D,0.6731,397.22
BASE,FINAL_BASE,1.2,1.4,0.1,9,true,12,BASE_CRITICAL_SERVICE;BASE_TOTAL_SERVICE;RESERVE_45D,0.653,419.33
BASE,FINAL_BASE,1.2,1.4,0,10,true,13,BASE_CRITICAL_SERVICE;BASE_TOTAL_SERVICE;RESERVE_45D,0.633,441.43
BASE,FINAL_BASE,1.2,1.45,1,9,true,10,BASE_TOTAL_SERVICE;RESERVE_45D,0.8332,220.4
BASE,FINAL_BASE,1.2,1.45,0.9,9,true,10,BASE_TOTAL_SERVICE;RESERVE_45D,0.8132,242.5
BASE,FINAL_BASE,1.2,1.45,0.8,9,true,10,BASE_TOTAL_SERVICE;RESERVE_45D,0.7932,264.61
BASE,FINAL_BASE,1.2,1.45,0.7,9,true,10,BASE_TOTAL_SERVICE;RESERVE_45D,0.7731,286.71
BASE,FINAL_BASE,1.2,1.45,0.6,9,true,10,BASE_TOTAL_SERVICE;RESERVE_45D,0.7531,308.81
BASE,FINAL_BASE,1.2,1.45,0.5,9,true,10,BASE_TOTAL_SERVICE;RESERVE_45D,0.7331,330.91
BASE,FINAL_BASE,1.2,1.45,0.4,9,true,10,BASE_TOTAL_SERVICE;RESERVE_45D,0.7131,353.02
BASE,FINAL_BASE,1.2,1.45,0.3,9,true,10,BASE_TOTAL_SERVICE;RESERVE_45D,0.6931,375.12
BASE,FINAL_BASE,1.2,1.45,0.2,9,true,12,BASE_CRITICAL_SERVICE;BASE_TOTAL_SERVICE;RESERVE_45D,0.6731,397.22
BASE,FINAL_BASE,1.2,1.45,0.1,9,true,12,BASE_CRITICAL_SERVICE;BASE_TOTAL_SERVICE;RESERVE_45D,0.653,419.33
BASE,FINAL_BASE,1.2,1.45,0,10,true,13,BASE_CRITICAL_SERVICE;BASE_TOTAL_SERVICE;RESERVE_45D,0.633,441.43
BASE,FINAL_BASE,1.2,1.5,1,10,true,10,BASE_TOTAL_SERVICE;RESERVE_45D,0.8332,220.4
BASE,FINAL_BASE,1.2,1.5,0.9,10,true,10,BASE_TOTAL_SERVICE;RESERVE_45D,0.8132,242.5
BASE,FINAL_BASE,1.2,1.5,0.8,10,true,10,BASE_TOTAL_SERVICE;RESERVE_45D,0.7932,264.61
BASE,FINAL_BASE,1.2,1.5,0.7,10,true,10,BASE_TOTAL_SERVICE;RESERVE_45D,0.7731,286.71
BASE,FINAL_BASE,1.2,1.5,0.6,10,true,10,BASE_TOTAL_SERVICE;RESERVE_45D,0.7531,308.81
BASE,FINAL_BASE,1.2,1.5,0.5,10,true,10,BASE_TOTAL_SERVICE;RESERVE_45D,0.7331,330.91
BASE,FINAL_BASE,1.2,1.5,0.4,10,true,10,BASE_TOTAL_SERVICE;RESERVE_45D,0.7131,353.02
BASE,FINAL_BASE,1.2,1.5,0.3,10,true,10,BASE_TOTAL_SERVICE;RESERVE_45D,0.6931,375.12
BASE,FINAL_BASE,1.2,1.5,0.2,10,true,12,BASE_CRITICAL_SERVICE;BASE_TOTAL_SERVICE;RESERVE_45D,0.6731,397.22
BASE,FINAL_BASE,1.2,1.5,0.1,10,true,12,BASE_CRITICAL_SERVICE;BASE_TOTAL_SERVICE;RESERVE_45D,0.653,419.33
BASE,FINAL_BASE,1.2,1.5,0,10,true,13,BASE_CRITICAL_SERVICE;BASE_TOTAL_SERVICE;RESERVE_45D,0.633,441.43
BASE,FINAL_BASE,1.25,1,1,5,true,10,BASE_TOTAL_SERVICE;RESERVE_45D,0.7999,289.9
BASE,FINAL_BASE,1.25,1,0.9,5,true,10,BASE_TOTAL_SERVICE;RESERVE_45D,0.7806,312
BASE,FINAL_BASE,1.25,1,0.8,5,true,10,BASE_TOTAL_SERVICE;RESERVE_45D,0.7614,334.11
BASE,FINAL_BASE,1.25,1,0.7,5,true,10,BASE_TOTAL_SERVICE;RESERVE_45D,0.7422,356.21
BASE,FINAL_BASE,1.25,1,0.6,5,true,10,BASE_TOTAL_SERVICE;RESERVE_45D,0.723,378.31
BASE,FINAL_BASE,1.25,1,0.5,5,true,10,BASE_TOTAL_SERVICE;RESERVE_45D,0.7038,400.41
BASE,FINAL_BASE,1.25,1,0.4,6,true,10,BASE_TOTAL_SERVICE;RESERVE_45D,0.6846,422.52
BASE,FINAL_BASE,1.25,1,0.3,7,true,12,BASE_CRITICAL_SERVICE;BASE_TOTAL_SERVICE;RESERVE_45D,0.6654,444.62
BASE,FINAL_BASE,1.25,1,0.2,8,true,12,BASE_CRITICAL_SERVICE;BASE_TOTAL_SERVICE;RESERVE_45D,0.6461,466.72
BASE,FINAL_BASE,1.25,1,0.1,9,true,13,BASE_CRITICAL_SERVICE;BASE_TOTAL_SERVICE;RESERVE_45D,0.6269,488.83
BASE,FINAL_BASE,1.25,1,0,10,true,13,BASE_CRITICAL_SERVICE;BASE_TOTAL_SERVICE;RESERVE_45D,0.6077,510.93
BASE,FINAL_BASE,1.25,1.05,1,5,true,10,BASE_TOTAL_SERVICE;RESERVE_45D,0.7999,289.9
BASE,FINAL_BASE,1.25,1.05,0.9,5,true,10,BASE_TOTAL_SERVICE;RESERVE_45D,0.7806,312
BASE,FINAL_BASE,1.25,1.05,0.8,5,true,10,BASE_TOTAL_SERVICE;RESERVE_45D,0.7614,334.11
BASE,FINAL_BASE,1.25,1.05,0.7,5,true,10,BASE_TOTAL_SERVICE;RESERVE_45D,0.7422,356.21
BASE,FINAL_BASE,1.25,1.05,0.6,5,true,10,BASE_TOTAL_SERVICE;RESERVE_45D,0.723,378.31
BASE,FINAL_BASE,1.25,1.05,0.5,5,true,10,BASE_TOTAL_SERVICE;RESERVE_45D,0.7038,400.41
BASE,FINAL_BASE,1.25,1.05,0.4,6,true,10,BASE_TOTAL_SERVICE;RESERVE_45D,0.6846,422.52
BASE,FINAL_BASE,1.25,1.05,0.3,7,true,12,BASE_CRITICAL_SERVICE;BASE_TOTAL_SERVICE;RESERVE_45D,0.6654,444.62
BASE,FINAL_BASE,1.25,1.05,0.2,8,true,12,BASE_CRITICAL_SERVICE;BASE_TOTAL_SERVICE;RESERVE_45D,0.6461,466.72
BASE,FINAL_BASE,1.25,1.05,0.1,9,true,13,BASE_CRITICAL_SERVICE;BASE_TOTAL_SERVICE;RESERVE_45D,0.6269,488.83
BASE,FINAL_BASE,1.25,1.05,0,10,true,13,BASE_CRITICAL_SERVICE;BASE_TOTAL_SERVICE;RESERVE_45D,0.6077,510.93
BASE,FINAL_BASE,1.25,1.1,1,5,true,10,BASE_TOTAL_SERVICE;RESERVE_45D,0.7999,289.9
BASE,FINAL_BASE,1.25,1.1,0.9,5,true,10,BASE_TOTAL_SERVICE;RESERVE_45D,0.7806,312
BASE,FINAL_BASE,1.25,1.1,0.8,5,true,10,BASE_TOTAL_SERVICE;RESERVE_45D,0.7614,334.11
BASE,FINAL_BASE,1.25,1.1,0.7,5,true,10,BASE_TOTAL_SERVICE;RESERVE_45D,0.7422,356.21
BASE,FINAL_BASE,1.25,1.1,0.6,5,true,10,BASE_TOTAL_SERVICE;RESERVE_45D,0.723,378.31
BASE,FINAL_BASE,1.25,1.1,0.5,5,true,10,BASE_TOTAL_SERVICE;RESERVE_45D,0.7038,400.41
BASE,FINAL_BASE,1.25,1.1,0.4,6,true,10,BASE_TOTAL_SERVICE;RESERVE_45D,0.6846,422.52
BASE,FINAL_BASE,1.25,1.1,0.3,7,true,12,BASE_CRITICAL_SERVICE;BASE_TOTAL_SERVICE;RESERVE_45D,0.6654,444.62
BASE,FINAL_BASE,1.25,1.1,0.2,8,true,12,BASE_CRITICAL_SERVICE;BASE_TOTAL_SERVICE;RESERVE_45D,0.6461,466.72
BASE,FINAL_BASE,1.25,1.1,0.1,9,true,13,BASE_CRITICAL_SERVICE;BASE_TOTAL_SERVICE;RESERVE_45D,0.6269,488.83
BASE,FINAL_BASE,1.25,1.1,0,10,true,13,BASE_CRITICAL_SERVICE;BASE_TOTAL_SERVICE;RESERVE_45D,0.6077,510.93
BASE,FINAL_BASE,1.25,1.15,1,5,true,10,BASE_TOTAL_SERVICE;RESERVE_45D,0.7999,289.9
BASE,FINAL_BASE,1.25,1.15,0.9,5,true,10,BASE_TOTAL_SERVICE;RESERVE_45D,0.7806,312
BASE,FINAL_BASE,1.25,1.15,0.8,5,true,10,BASE_TOTAL_SERVICE;RESERVE_45D,0.7614,334.11
BASE,FINAL_BASE,1.25,1.15,0.7,5,true,10,BASE_TOTAL_SERVICE;RESERVE_45D,0.7422,356.21
BASE,FINAL_BASE,1.25,1.15,0.6,5,true,10,BASE_TOTAL_SERVICE;RESERVE_45D,0.723,378.31
BASE,FINAL_BASE,1.25,1.15,0.5,5,true,10,BASE_TOTAL_SERVICE;RESERVE_45D,0.7038,400.41
BASE,FINAL_BASE,1.25,1.15,0.4,6,true,10,BASE_TOTAL_SERVICE;RESERVE_45D,0.6846,422.52
BASE,FINAL_BASE,1.25,1.15,0.3,7,true,12,BASE_CRITICAL_SERVICE;BASE_TOTAL_SERVICE;RESERVE_45D,0.6654,444.62
BASE,FINAL_BASE,1.25,1.15,0.2,8,true,12,BASE_CRITICAL_SERVICE;BASE_TOTAL_SERVICE;RESERVE_45D,0.6461,466.72
BASE,FINAL_BASE,1.25,1.15,0.1,9,true,13,BASE_CRITICAL_SERVICE;BASE_TOTAL_SERVICE;RESERVE_45D,0.6269,488.83
BASE,FINAL_BASE,1.25,1.15,0,10,true,13,BASE_CRITICAL_SERVICE;BASE_TOTAL_SERVICE;RESERVE_45D,0.6077,510.93
BASE,FINAL_BASE,1.25,1.2,1,5,true,10,BASE_TOTAL_SERVICE;RESERVE_45D,0.7999,289.9
BASE,FINAL_BASE,1.25,1.2,0.9,5,true,10,BASE_TOTAL_SERVICE;RESERVE_45D,0.7806,312
BASE,FINAL_BASE,1.25,1.2,0.8,5,true,10,BASE_TOTAL_SERVICE;RESERVE_45D,0.7614,334.11
BASE,FINAL_BASE,1.25,1.2,0.7,5,true,10,BASE_TOTAL_SERVICE;RESERVE_45D,0.7422,356.21
BASE,FINAL_BASE,1.25,1.2,0.6,5,true,10,BASE_TOTAL_SERVICE;RESERVE_45D,0.723,378.31
BASE,FINAL_BASE,1.25,1.2,0.5,5,true,10,BASE_TOTAL_SERVICE;RESERVE_45D,0.7038,400.41
BASE,FINAL_BASE,1.25,1.2,0.4,6,true,10,BASE_TOTAL_SERVICE;RESERVE_45D,0.6846,422.52
BASE,FINAL_BASE,1.25,1.2,0.3,7,true,12,BASE_CRITICAL_SERVICE;BASE_TOTAL_SERVICE;RESERVE_45D,0.6654,444.62
BASE,FINAL_BASE,1.25,1.2,0.2,8,true,12,BASE_CRITICAL_SERVICE;BASE_TOTAL_SERVICE;RESERVE_45D,0.6461,466.72
BASE,FINAL_BASE,1.25,1.2,0.1,9,true,13,BASE_CRITICAL_SERVICE;BASE_TOTAL_SERVICE;RESERVE_45D,0.6269,488.83
BASE,FINAL_BASE,1.25,1.2,0,10,true,13,BASE_CRITICAL_SERVICE;BASE_TOTAL_SERVICE;RESERVE_45D,0.6077,510.93
BASE,FINAL_BASE,1.25,1.25,1,5,true,10,BASE_TOTAL_SERVICE;RESERVE_45D,0.7999,289.9
BASE,FINAL_BASE,1.25,1.25,0.9,5,true,10,BASE_TOTAL_SERVICE;RESERVE_45D,0.7806,312
BASE,FINAL_BASE,1.25,1.25,0.8,5,true,10,BASE_TOTAL_SERVICE;RESERVE_45D,0.7614,334.11
BASE,FINAL_BASE,1.25,1.25,0.7,5,true,10,BASE_TOTAL_SERVICE;RESERVE_45D,0.7422,356.21
BASE,FINAL_BASE,1.25,1.25,0.6,5,true,10,BASE_TOTAL_SERVICE;RESERVE_45D,0.723,378.31
BASE,FINAL_BASE,1.25,1.25,0.5,5,true,10,BASE_TOTAL_SERVICE;RESERVE_45D,0.7038,400.41
BASE,FINAL_BASE,1.25,1.25,0.4,6,true,10,BASE_TOTAL_SERVICE;RESERVE_45D,0.6846,422.52
BASE,FINAL_BASE,1.25,1.25,0.3,7,true,12,BASE_CRITICAL_SERVICE;BASE_TOTAL_SERVICE;RESERVE_45D,0.6654,444.62
BASE,FINAL_BASE,1.25,1.25,0.2,8,true,12,BASE_CRITICAL_SERVICE;BASE_TOTAL_SERVICE;RESERVE_45D,0.6461,466.72
BASE,FINAL_BASE,1.25,1.25,0.1,9,true,13,BASE_CRITICAL_SERVICE;BASE_TOTAL_SERVICE;RESERVE_45D,0.6269,488.83
BASE,FINAL_BASE,1.25,1.25,0,10,true,13,BASE_CRITICAL_SERVICE;BASE_TOTAL_SERVICE;RESERVE_45D,0.6077,510.93
BASE,FINAL_BASE,1.25,1.3,1,6,true,10,BASE_TOTAL_SERVICE;RESERVE_45D,0.7999,289.9
BASE,FINAL_BASE,1.25,1.3,0.9,6,true,10,BASE_TOTAL_SERVICE;RESERVE_45D,0.7806,312
BASE,FINAL_BASE,1.25,1.3,0.8,6,true,10,BASE_TOTAL_SERVICE;RESERVE_45D,0.7614,334.11
BASE,FINAL_BASE,1.25,1.3,0.7,6,true,10,BASE_TOTAL_SERVICE;RESERVE_45D,0.7422,356.21
BASE,FINAL_BASE,1.25,1.3,0.6,6,true,10,BASE_TOTAL_SERVICE;RESERVE_45D,0.723,378.31
BASE,FINAL_BASE,1.25,1.3,0.5,6,true,10,BASE_TOTAL_SERVICE;RESERVE_45D,0.7038,400.41
BASE,FINAL_BASE,1.25,1.3,0.4,6,true,10,BASE_TOTAL_SERVICE;RESERVE_45D,0.6846,422.52
BASE,FINAL_BASE,1.25,1.3,0.3,7,true,12,BASE_CRITICAL_SERVICE;BASE_TOTAL_SERVICE;RESERVE_45D,0.6654,444.62
BASE,FINAL_BASE,1.25,1.3,0.2,8,true,12,BASE_CRITICAL_SERVICE;BASE_TOTAL_SERVICE;RESERVE_45D,0.6461,466.72
BASE,FINAL_BASE,1.25,1.3,0.1,9,true,13,BASE_CRITICAL_SERVICE;BASE_TOTAL_SERVICE;RESERVE_45D,0.6269,488.83
BASE,FINAL_BASE,1.25,1.3,0,10,true,13,BASE_CRITICAL_SERVICE;BASE_TOTAL_SERVICE;RESERVE_45D,0.6077,510.93
BASE,FINAL_BASE,1.25,1.35,1,7,true,10,BASE_TOTAL_SERVICE;RESERVE_45D,0.7999,289.9
BASE,FINAL_BASE,1.25,1.35,0.9,7,true,10,BASE_TOTAL_SERVICE;RESERVE_45D,0.7806,312
BASE,FINAL_BASE,1.25,1.35,0.8,7,true,10,BASE_TOTAL_SERVICE;RESERVE_45D,0.7614,334.11
BASE,FINAL_BASE,1.25,1.35,0.7,7,true,10,BASE_TOTAL_SERVICE;RESERVE_45D,0.7422,356.21
BASE,FINAL_BASE,1.25,1.35,0.6,7,true,10,BASE_TOTAL_SERVICE;RESERVE_45D,0.723,378.31
BASE,FINAL_BASE,1.25,1.35,0.5,7,true,10,BASE_TOTAL_SERVICE;RESERVE_45D,0.7038,400.41
BASE,FINAL_BASE,1.25,1.35,0.4,7,true,10,BASE_TOTAL_SERVICE;RESERVE_45D,0.6846,422.52
BASE,FINAL_BASE,1.25,1.35,0.3,7,true,12,BASE_CRITICAL_SERVICE;BASE_TOTAL_SERVICE;RESERVE_45D,0.6654,444.62
BASE,FINAL_BASE,1.25,1.35,0.2,8,true,12,BASE_CRITICAL_SERVICE;BASE_TOTAL_SERVICE;RESERVE_45D,0.6461,466.72
BASE,FINAL_BASE,1.25,1.35,0.1,9,true,13,BASE_CRITICAL_SERVICE;BASE_TOTAL_SERVICE;RESERVE_45D,0.6269,488.83
BASE,FINAL_BASE,1.25,1.35,0,10,true,13,BASE_CRITICAL_SERVICE;BASE_TOTAL_SERVICE;RESERVE_45D,0.6077,510.93
BASE,FINAL_BASE,1.25,1.4,1,8,true,10,BASE_TOTAL_SERVICE;RESERVE_45D,0.7999,289.9
BASE,FINAL_BASE,1.25,1.4,0.9,8,true,10,BASE_TOTAL_SERVICE;RESERVE_45D,0.7806,312
BASE,FINAL_BASE,1.25,1.4,0.8,8,true,10,BASE_TOTAL_SERVICE;RESERVE_45D,0.7614,334.11
BASE,FINAL_BASE,1.25,1.4,0.7,8,true,10,BASE_TOTAL_SERVICE;RESERVE_45D,0.7422,356.21
BASE,FINAL_BASE,1.25,1.4,0.6,8,true,10,BASE_TOTAL_SERVICE;RESERVE_45D,0.723,378.31
BASE,FINAL_BASE,1.25,1.4,0.5,8,true,10,BASE_TOTAL_SERVICE;RESERVE_45D,0.7038,400.41
BASE,FINAL_BASE,1.25,1.4,0.4,8,true,10,BASE_TOTAL_SERVICE;RESERVE_45D,0.6846,422.52
BASE,FINAL_BASE,1.25,1.4,0.3,8,true,12,BASE_CRITICAL_SERVICE;BASE_TOTAL_SERVICE;RESERVE_45D,0.6654,444.62
BASE,FINAL_BASE,1.25,1.4,0.2,8,true,12,BASE_CRITICAL_SERVICE;BASE_TOTAL_SERVICE;RESERVE_45D,0.6461,466.72
BASE,FINAL_BASE,1.25,1.4,0.1,9,true,13,BASE_CRITICAL_SERVICE;BASE_TOTAL_SERVICE;RESERVE_45D,0.6269,488.83
BASE,FINAL_BASE,1.25,1.4,0,10,true,13,BASE_CRITICAL_SERVICE;BASE_TOTAL_SERVICE;RESERVE_45D,0.6077,510.93
BASE,FINAL_BASE,1.25,1.45,1,9,true,10,BASE_TOTAL_SERVICE;RESERVE_45D,0.7999,289.9
BASE,FINAL_BASE,1.25,1.45,0.9,9,true,10,BASE_TOTAL_SERVICE;RESERVE_45D,0.7806,312
BASE,FINAL_BASE,1.25,1.45,0.8,9,true,10,BASE_TOTAL_SERVICE;RESERVE_45D,0.7614,334.11
BASE,FINAL_BASE,1.25,1.45,0.7,9,true,10,BASE_TOTAL_SERVICE;RESERVE_45D,0.7422,356.21
BASE,FINAL_BASE,1.25,1.45,0.6,9,true,10,BASE_TOTAL_SERVICE;RESERVE_45D,0.723,378.31
BASE,FINAL_BASE,1.25,1.45,0.5,9,true,10,BASE_TOTAL_SERVICE;RESERVE_45D,0.7038,400.41
BASE,FINAL_BASE,1.25,1.45,0.4,9,true,10,BASE_TOTAL_SERVICE;RESERVE_45D,0.6846,422.52
BASE,FINAL_BASE,1.25,1.45,0.3,9,true,12,BASE_CRITICAL_SERVICE;BASE_TOTAL_SERVICE;RESERVE_45D,0.6654,444.62
BASE,FINAL_BASE,1.25,1.45,0.2,9,true,12,BASE_CRITICAL_SERVICE;BASE_TOTAL_SERVICE;RESERVE_45D,0.6461,466.72
BASE,FINAL_BASE,1.25,1.45,0.1,9,true,13,BASE_CRITICAL_SERVICE;BASE_TOTAL_SERVICE;RESERVE_45D,0.6269,488.83
BASE,FINAL_BASE,1.25,1.45,0,10,true,13,BASE_CRITICAL_SERVICE;BASE_TOTAL_SERVICE;RESERVE_45D,0.6077,510.93
BASE,FINAL_BASE,1.25,1.5,1,10,true,10,BASE_TOTAL_SERVICE;RESERVE_45D,0.7999,289.9
BASE,FINAL_BASE,1.25,1.5,0.9,10,true,10,BASE_TOTAL_SERVICE;RESERVE_45D,0.7806,312
BASE,FINAL_BASE,1.25,1.5,0.8,10,true,10,BASE_TOTAL_SERVICE;RESERVE_45D,0.7614,334.11
BASE,FINAL_BASE,1.25,1.5,0.7,10,true,10,BASE_TOTAL_SERVICE;RESERVE_45D,0.7422,356.21
BASE,FINAL_BASE,1.25,1.5,0.6,10,true,10,BASE_TOTAL_SERVICE;RESERVE_45D,0.723,378.31
BASE,FINAL_BASE,1.25,1.5,0.5,10,true,10,BASE_TOTAL_SERVICE;RESERVE_45D,0.7038,400.41
BASE,FINAL_BASE,1.25,1.5,0.4,10,true,10,BASE_TOTAL_SERVICE;RESERVE_45D,0.6846,422.52
BASE,FINAL_BASE,1.25,1.5,0.3,10,true,12,BASE_CRITICAL_SERVICE;BASE_TOTAL_SERVICE;RESERVE_45D,0.6654,444.62
BASE,FINAL_BASE,1.25,1.5,0.2,10,true,12,BASE_CRITICAL_SERVICE;BASE_TOTAL_SERVICE;RESERVE_45D,0.6461,466.72
BASE,FINAL_BASE,1.25,1.5,0.1,10,true,13,BASE_CRITICAL_SERVICE;BASE_TOTAL_SERVICE;RESERVE_45D,0.6269,488.83
BASE,FINAL_BASE,1.25,1.5,0,10,true,13,BASE_CRITICAL_SERVICE;BASE_TOTAL_SERVICE;RESERVE_45D,0.6077,510.93
BASE,FINAL_BASE,1.3,1,1,6,true,11,BASE_TOTAL_SERVICE;RESERVE_45D,0.7691,359.4
BASE,FINAL_BASE,1.3,1,0.9,6,true,11,BASE_TOTAL_SERVICE;RESERVE_45D,0.7506,381.5
BASE,FINAL_BASE,1.3,1,0.8,6,true,11,BASE_TOTAL_SERVICE;RESERVE_45D,0.7321,403.61
BASE,FINAL_BASE,1.3,1,0.7,6,true,11,BASE_TOTAL_SERVICE;RESERVE_45D,0.7137,425.71
BASE,FINAL_BASE,1.3,1,0.6,6,true,11,BASE_TOTAL_SERVICE;RESERVE_45D,0.6952,447.81
BASE,FINAL_BASE,1.3,1,0.5,6,true,11,BASE_TOTAL_SERVICE;RESERVE_45D,0.6767,469.91
BASE,FINAL_BASE,1.3,1,0.4,6,true,13,BASE_CRITICAL_SERVICE;BASE_TOTAL_SERVICE;RESERVE_45D,0.6582,492.02
BASE,FINAL_BASE,1.3,1,0.3,7,true,13,BASE_CRITICAL_SERVICE;BASE_TOTAL_SERVICE;RESERVE_45D,0.6398,514.12
BASE,FINAL_BASE,1.3,1,0.2,8,true,14,BASE_CRITICAL_SERVICE;BASE_TOTAL_SERVICE;RESERVE_45D,0.6213,536.22
BASE,FINAL_BASE,1.3,1,0.1,9,true,14,BASE_CRITICAL_SERVICE;BASE_TOTAL_SERVICE;RESERVE_45D,0.6028,558.33
BASE,FINAL_BASE,1.3,1,0,10,true,14,BASE_CRITICAL_SERVICE;BASE_TOTAL_SERVICE;RESERVE_45D,0.5843,580.43
BASE,FINAL_BASE,1.3,1.05,1,6,true,11,BASE_TOTAL_SERVICE;RESERVE_45D,0.7691,359.4
BASE,FINAL_BASE,1.3,1.05,0.9,6,true,11,BASE_TOTAL_SERVICE;RESERVE_45D,0.7506,381.5
BASE,FINAL_BASE,1.3,1.05,0.8,6,true,11,BASE_TOTAL_SERVICE;RESERVE_45D,0.7321,403.61
BASE,FINAL_BASE,1.3,1.05,0.7,6,true,11,BASE_TOTAL_SERVICE;RESERVE_45D,0.7137,425.71
BASE,FINAL_BASE,1.3,1.05,0.6,6,true,11,BASE_TOTAL_SERVICE;RESERVE_45D,0.6952,447.81
BASE,FINAL_BASE,1.3,1.05,0.5,6,true,11,BASE_TOTAL_SERVICE;RESERVE_45D,0.6767,469.91
BASE,FINAL_BASE,1.3,1.05,0.4,6,true,13,BASE_CRITICAL_SERVICE;BASE_TOTAL_SERVICE;RESERVE_45D,0.6582,492.02
BASE,FINAL_BASE,1.3,1.05,0.3,7,true,13,BASE_CRITICAL_SERVICE;BASE_TOTAL_SERVICE;RESERVE_45D,0.6398,514.12
BASE,FINAL_BASE,1.3,1.05,0.2,8,true,14,BASE_CRITICAL_SERVICE;BASE_TOTAL_SERVICE;RESERVE_45D,0.6213,536.22
BASE,FINAL_BASE,1.3,1.05,0.1,9,true,14,BASE_CRITICAL_SERVICE;BASE_TOTAL_SERVICE;RESERVE_45D,0.6028,558.33
BASE,FINAL_BASE,1.3,1.05,0,10,true,14,BASE_CRITICAL_SERVICE;BASE_TOTAL_SERVICE;RESERVE_45D,0.5843,580.43
BASE,FINAL_BASE,1.3,1.1,1,6,true,11,BASE_TOTAL_SERVICE;RESERVE_45D,0.7691,359.4
BASE,FINAL_BASE,1.3,1.1,0.9,6,true,11,BASE_TOTAL_SERVICE;RESERVE_45D,0.7506,381.5
BASE,FINAL_BASE,1.3,1.1,0.8,6,true,11,BASE_TOTAL_SERVICE;RESERVE_45D,0.7321,403.61
BASE,FINAL_BASE,1.3,1.1,0.7,6,true,11,BASE_TOTAL_SERVICE;RESERVE_45D,0.7137,425.71
BASE,FINAL_BASE,1.3,1.1,0.6,6,true,11,BASE_TOTAL_SERVICE;RESERVE_45D,0.6952,447.81
BASE,FINAL_BASE,1.3,1.1,0.5,6,true,11,BASE_TOTAL_SERVICE;RESERVE_45D,0.6767,469.91
BASE,FINAL_BASE,1.3,1.1,0.4,6,true,13,BASE_CRITICAL_SERVICE;BASE_TOTAL_SERVICE;RESERVE_45D,0.6582,492.02
BASE,FINAL_BASE,1.3,1.1,0.3,7,true,13,BASE_CRITICAL_SERVICE;BASE_TOTAL_SERVICE;RESERVE_45D,0.6398,514.12
BASE,FINAL_BASE,1.3,1.1,0.2,8,true,14,BASE_CRITICAL_SERVICE;BASE_TOTAL_SERVICE;RESERVE_45D,0.6213,536.22
BASE,FINAL_BASE,1.3,1.1,0.1,9,true,14,BASE_CRITICAL_SERVICE;BASE_TOTAL_SERVICE;RESERVE_45D,0.6028,558.33
BASE,FINAL_BASE,1.3,1.1,0,10,true,14,BASE_CRITICAL_SERVICE;BASE_TOTAL_SERVICE;RESERVE_45D,0.5843,580.43
BASE,FINAL_BASE,1.3,1.15,1,6,true,11,BASE_TOTAL_SERVICE;RESERVE_45D,0.7691,359.4
BASE,FINAL_BASE,1.3,1.15,0.9,6,true,11,BASE_TOTAL_SERVICE;RESERVE_45D,0.7506,381.5
BASE,FINAL_BASE,1.3,1.15,0.8,6,true,11,BASE_TOTAL_SERVICE;RESERVE_45D,0.7321,403.61
BASE,FINAL_BASE,1.3,1.15,0.7,6,true,11,BASE_TOTAL_SERVICE;RESERVE_45D,0.7137,425.71
BASE,FINAL_BASE,1.3,1.15,0.6,6,true,11,BASE_TOTAL_SERVICE;RESERVE_45D,0.6952,447.81
BASE,FINAL_BASE,1.3,1.15,0.5,6,true,11,BASE_TOTAL_SERVICE;RESERVE_45D,0.6767,469.91
BASE,FINAL_BASE,1.3,1.15,0.4,6,true,13,BASE_CRITICAL_SERVICE;BASE_TOTAL_SERVICE;RESERVE_45D,0.6582,492.02
BASE,FINAL_BASE,1.3,1.15,0.3,7,true,13,BASE_CRITICAL_SERVICE;BASE_TOTAL_SERVICE;RESERVE_45D,0.6398,514.12
BASE,FINAL_BASE,1.3,1.15,0.2,8,true,14,BASE_CRITICAL_SERVICE;BASE_TOTAL_SERVICE;RESERVE_45D,0.6213,536.22
BASE,FINAL_BASE,1.3,1.15,0.1,9,true,14,BASE_CRITICAL_SERVICE;BASE_TOTAL_SERVICE;RESERVE_45D,0.6028,558.33
BASE,FINAL_BASE,1.3,1.15,0,10,true,14,BASE_CRITICAL_SERVICE;BASE_TOTAL_SERVICE;RESERVE_45D,0.5843,580.43
BASE,FINAL_BASE,1.3,1.2,1,6,true,11,BASE_TOTAL_SERVICE;RESERVE_45D,0.7691,359.4
BASE,FINAL_BASE,1.3,1.2,0.9,6,true,11,BASE_TOTAL_SERVICE;RESERVE_45D,0.7506,381.5
BASE,FINAL_BASE,1.3,1.2,0.8,6,true,11,BASE_TOTAL_SERVICE;RESERVE_45D,0.7321,403.61
BASE,FINAL_BASE,1.3,1.2,0.7,6,true,11,BASE_TOTAL_SERVICE;RESERVE_45D,0.7137,425.71
BASE,FINAL_BASE,1.3,1.2,0.6,6,true,11,BASE_TOTAL_SERVICE;RESERVE_45D,0.6952,447.81
BASE,FINAL_BASE,1.3,1.2,0.5,6,true,11,BASE_TOTAL_SERVICE;RESERVE_45D,0.6767,469.91
BASE,FINAL_BASE,1.3,1.2,0.4,6,true,13,BASE_CRITICAL_SERVICE;BASE_TOTAL_SERVICE;RESERVE_45D,0.6582,492.02
BASE,FINAL_BASE,1.3,1.2,0.3,7,true,13,BASE_CRITICAL_SERVICE;BASE_TOTAL_SERVICE;RESERVE_45D,0.6398,514.12
BASE,FINAL_BASE,1.3,1.2,0.2,8,true,14,BASE_CRITICAL_SERVICE;BASE_TOTAL_SERVICE;RESERVE_45D,0.6213,536.22
BASE,FINAL_BASE,1.3,1.2,0.1,9,true,14,BASE_CRITICAL_SERVICE;BASE_TOTAL_SERVICE;RESERVE_45D,0.6028,558.33
BASE,FINAL_BASE,1.3,1.2,0,10,true,14,BASE_CRITICAL_SERVICE;BASE_TOTAL_SERVICE;RESERVE_45D,0.5843,580.43
BASE,FINAL_BASE,1.3,1.25,1,6,true,11,BASE_TOTAL_SERVICE;RESERVE_45D,0.7691,359.4
BASE,FINAL_BASE,1.3,1.25,0.9,6,true,11,BASE_TOTAL_SERVICE;RESERVE_45D,0.7506,381.5
BASE,FINAL_BASE,1.3,1.25,0.8,6,true,11,BASE_TOTAL_SERVICE;RESERVE_45D,0.7321,403.61
BASE,FINAL_BASE,1.3,1.25,0.7,6,true,11,BASE_TOTAL_SERVICE;RESERVE_45D,0.7137,425.71
BASE,FINAL_BASE,1.3,1.25,0.6,6,true,11,BASE_TOTAL_SERVICE;RESERVE_45D,0.6952,447.81
BASE,FINAL_BASE,1.3,1.25,0.5,6,true,11,BASE_TOTAL_SERVICE;RESERVE_45D,0.6767,469.91
BASE,FINAL_BASE,1.3,1.25,0.4,6,true,13,BASE_CRITICAL_SERVICE;BASE_TOTAL_SERVICE;RESERVE_45D,0.6582,492.02
BASE,FINAL_BASE,1.3,1.25,0.3,7,true,13,BASE_CRITICAL_SERVICE;BASE_TOTAL_SERVICE;RESERVE_45D,0.6398,514.12
BASE,FINAL_BASE,1.3,1.25,0.2,8,true,14,BASE_CRITICAL_SERVICE;BASE_TOTAL_SERVICE;RESERVE_45D,0.6213,536.22
BASE,FINAL_BASE,1.3,1.25,0.1,9,true,14,BASE_CRITICAL_SERVICE;BASE_TOTAL_SERVICE;RESERVE_45D,0.6028,558.33
BASE,FINAL_BASE,1.3,1.25,0,10,true,14,BASE_CRITICAL_SERVICE;BASE_TOTAL_SERVICE;RESERVE_45D,0.5843,580.43
BASE,FINAL_BASE,1.3,1.3,1,6,true,11,BASE_TOTAL_SERVICE;RESERVE_45D,0.7691,359.4
BASE,FINAL_BASE,1.3,1.3,0.9,6,true,11,BASE_TOTAL_SERVICE;RESERVE_45D,0.7506,381.5
BASE,FINAL_BASE,1.3,1.3,0.8,6,true,11,BASE_TOTAL_SERVICE;RESERVE_45D,0.7321,403.61
BASE,FINAL_BASE,1.3,1.3,0.7,6,true,11,BASE_TOTAL_SERVICE;RESERVE_45D,0.7137,425.71
BASE,FINAL_BASE,1.3,1.3,0.6,6,true,11,BASE_TOTAL_SERVICE;RESERVE_45D,0.6952,447.81
BASE,FINAL_BASE,1.3,1.3,0.5,6,true,11,BASE_TOTAL_SERVICE;RESERVE_45D,0.6767,469.91
BASE,FINAL_BASE,1.3,1.3,0.4,6,true,13,BASE_CRITICAL_SERVICE;BASE_TOTAL_SERVICE;RESERVE_45D,0.6582,492.02
BASE,FINAL_BASE,1.3,1.3,0.3,7,true,13,BASE_CRITICAL_SERVICE;BASE_TOTAL_SERVICE;RESERVE_45D,0.6398,514.12
BASE,FINAL_BASE,1.3,1.3,0.2,8,true,14,BASE_CRITICAL_SERVICE;BASE_TOTAL_SERVICE;RESERVE_45D,0.6213,536.22
BASE,FINAL_BASE,1.3,1.3,0.1,9,true,14,BASE_CRITICAL_SERVICE;BASE_TOTAL_SERVICE;RESERVE_45D,0.6028,558.33
BASE,FINAL_BASE,1.3,1.3,0,10,true,14,BASE_CRITICAL_SERVICE;BASE_TOTAL_SERVICE;RESERVE_45D,0.5843,580.43
BASE,FINAL_BASE,1.3,1.35,1,7,true,11,BASE_TOTAL_SERVICE;RESERVE_45D,0.7691,359.4
BASE,FINAL_BASE,1.3,1.35,0.9,7,true,11,BASE_TOTAL_SERVICE;RESERVE_45D,0.7506,381.5
BASE,FINAL_BASE,1.3,1.35,0.8,7,true,11,BASE_TOTAL_SERVICE;RESERVE_45D,0.7321,403.61
BASE,FINAL_BASE,1.3,1.35,0.7,7,true,11,BASE_TOTAL_SERVICE;RESERVE_45D,0.7137,425.71
BASE,FINAL_BASE,1.3,1.35,0.6,7,true,11,BASE_TOTAL_SERVICE;RESERVE_45D,0.6952,447.81
BASE,FINAL_BASE,1.3,1.35,0.5,7,true,11,BASE_TOTAL_SERVICE;RESERVE_45D,0.6767,469.91
BASE,FINAL_BASE,1.3,1.35,0.4,7,true,13,BASE_CRITICAL_SERVICE;BASE_TOTAL_SERVICE;RESERVE_45D,0.6582,492.02
BASE,FINAL_BASE,1.3,1.35,0.3,7,true,13,BASE_CRITICAL_SERVICE;BASE_TOTAL_SERVICE;RESERVE_45D,0.6398,514.12
BASE,FINAL_BASE,1.3,1.35,0.2,8,true,14,BASE_CRITICAL_SERVICE;BASE_TOTAL_SERVICE;RESERVE_45D,0.6213,536.22
BASE,FINAL_BASE,1.3,1.35,0.1,9,true,14,BASE_CRITICAL_SERVICE;BASE_TOTAL_SERVICE;RESERVE_45D,0.6028,558.33
BASE,FINAL_BASE,1.3,1.35,0,10,true,14,BASE_CRITICAL_SERVICE;BASE_TOTAL_SERVICE;RESERVE_45D,0.5843,580.43
BASE,FINAL_BASE,1.3,1.4,1,8,true,11,BASE_TOTAL_SERVICE;RESERVE_45D,0.7691,359.4
BASE,FINAL_BASE,1.3,1.4,0.9,8,true,11,BASE_TOTAL_SERVICE;RESERVE_45D,0.7506,381.5
BASE,FINAL_BASE,1.3,1.4,0.8,8,true,11,BASE_TOTAL_SERVICE;RESERVE_45D,0.7321,403.61
BASE,FINAL_BASE,1.3,1.4,0.7,8,true,11,BASE_TOTAL_SERVICE;RESERVE_45D,0.7137,425.71
BASE,FINAL_BASE,1.3,1.4,0.6,8,true,11,BASE_TOTAL_SERVICE;RESERVE_45D,0.6952,447.81
BASE,FINAL_BASE,1.3,1.4,0.5,8,true,11,BASE_TOTAL_SERVICE;RESERVE_45D,0.6767,469.91
BASE,FINAL_BASE,1.3,1.4,0.4,8,true,13,BASE_CRITICAL_SERVICE;BASE_TOTAL_SERVICE;RESERVE_45D,0.6582,492.02
BASE,FINAL_BASE,1.3,1.4,0.3,8,true,13,BASE_CRITICAL_SERVICE;BASE_TOTAL_SERVICE;RESERVE_45D,0.6398,514.12
BASE,FINAL_BASE,1.3,1.4,0.2,8,true,14,BASE_CRITICAL_SERVICE;BASE_TOTAL_SERVICE;RESERVE_45D,0.6213,536.22
BASE,FINAL_BASE,1.3,1.4,0.1,9,true,14,BASE_CRITICAL_SERVICE;BASE_TOTAL_SERVICE;RESERVE_45D,0.6028,558.33
BASE,FINAL_BASE,1.3,1.4,0,10,true,14,BASE_CRITICAL_SERVICE;BASE_TOTAL_SERVICE;RESERVE_45D,0.5843,580.43
BASE,FINAL_BASE,1.3,1.45,1,9,true,11,BASE_TOTAL_SERVICE;RESERVE_45D,0.7691,359.4
BASE,FINAL_BASE,1.3,1.45,0.9,9,true,11,BASE_TOTAL_SERVICE;RESERVE_45D,0.7506,381.5
BASE,FINAL_BASE,1.3,1.45,0.8,9,true,11,BASE_TOTAL_SERVICE;RESERVE_45D,0.7321,403.61
BASE,FINAL_BASE,1.3,1.45,0.7,9,true,11,BASE_TOTAL_SERVICE;RESERVE_45D,0.7137,425.71
BASE,FINAL_BASE,1.3,1.45,0.6,9,true,11,BASE_TOTAL_SERVICE;RESERVE_45D,0.6952,447.81
BASE,FINAL_BASE,1.3,1.45,0.5,9,true,11,BASE_TOTAL_SERVICE;RESERVE_45D,0.6767,469.91
BASE,FINAL_BASE,1.3,1.45,0.4,9,true,13,BASE_CRITICAL_SERVICE;BASE_TOTAL_SERVICE;RESERVE_45D,0.6582,492.02
BASE,FINAL_BASE,1.3,1.45,0.3,9,true,13,BASE_CRITICAL_SERVICE;BASE_TOTAL_SERVICE;RESERVE_45D,0.6398,514.12
BASE,FINAL_BASE,1.3,1.45,0.2,9,true,14,BASE_CRITICAL_SERVICE;BASE_TOTAL_SERVICE;RESERVE_45D,0.6213,536.22
BASE,FINAL_BASE,1.3,1.45,0.1,9,true,14,BASE_CRITICAL_SERVICE;BASE_TOTAL_SERVICE;RESERVE_45D,0.6028,558.33
BASE,FINAL_BASE,1.3,1.45,0,10,true,14,BASE_CRITICAL_SERVICE;BASE_TOTAL_SERVICE;RESERVE_45D,0.5843,580.43
BASE,FINAL_BASE,1.3,1.5,1,10,true,11,BASE_TOTAL_SERVICE;RESERVE_45D,0.7691,359.4
BASE,FINAL_BASE,1.3,1.5,0.9,10,true,11,BASE_TOTAL_SERVICE;RESERVE_45D,0.7506,381.5
BASE,FINAL_BASE,1.3,1.5,0.8,10,true,11,BASE_TOTAL_SERVICE;RESERVE_45D,0.7321,403.61
BASE,FINAL_BASE,1.3,1.5,0.7,10,true,11,BASE_TOTAL_SERVICE;RESERVE_45D,0.7137,425.71
BASE,FINAL_BASE,1.3,1.5,0.6,10,true,11,BASE_TOTAL_SERVICE;RESERVE_45D,0.6952,447.81
BASE,FINAL_BASE,1.3,1.5,0.5,10,true,11,BASE_TOTAL_SERVICE;RESERVE_45D,0.6767,469.91
BASE,FINAL_BASE,1.3,1.5,0.4,10,true,13,BASE_CRITICAL_SERVICE;BASE_TOTAL_SERVICE;RESERVE_45D,0.6582,492.02
BASE,FINAL_BASE,1.3,1.5,0.3,10,true,13,BASE_CRITICAL_SERVICE;BASE_TOTAL_SERVICE;RESERVE_45D,0.6398,514.12
BASE,FINAL_BASE,1.3,1.5,0.2,10,true,14,BASE_CRITICAL_SERVICE;BASE_TOTAL_SERVICE;RESERVE_45D,0.6213,536.22
BASE,FINAL_BASE,1.3,1.5,0.1,10,true,14,BASE_CRITICAL_SERVICE;BASE_TOTAL_SERVICE;RESERVE_45D,0.6028,558.33
BASE,FINAL_BASE,1.3,1.5,0,10,true,14,BASE_CRITICAL_SERVICE;BASE_TOTAL_SERVICE;RESERVE_45D,0.5843,580.43
BASE,FINAL_BASE,1.35,1,1,7,true,12,BASE_CRITICAL_SERVICE;BASE_TOTAL_SERVICE;RESERVE_45D,0.7406,428.9
BASE,FINAL_BASE,1.35,1,0.9,7,true,12,BASE_CRITICAL_SERVICE;BASE_TOTAL_SERVICE;RESERVE_45D,0.7228,451
BASE,FINAL_BASE,1.35,1,0.8,7,true,12,BASE_CRITICAL_SERVICE;BASE_TOTAL_SERVICE;RESERVE_45D,0.705,473.11
BASE,FINAL_BASE,1.35,1,0.7,7,true,12,BASE_CRITICAL_SERVICE;BASE_TOTAL_SERVICE;RESERVE_45D,0.6872,495.21
BASE,FINAL_BASE,1.35,1,0.6,7,true,13,BASE_CRITICAL_SERVICE;BASE_TOTAL_SERVICE;RESERVE_45D,0.6694,517.31
BASE,FINAL_BASE,1.35,1,0.5,7,true,14,BASE_CRITICAL_SERVICE;BASE_TOTAL_SERVICE;RESERVE_45D,0.6517,539.41
BASE,FINAL_BASE,1.35,1,0.4,7,true,15,BASE_CRITICAL_SERVICE;BASE_TOTAL_SERVICE;RESERVE_45D,0.6339,561.52
BASE,FINAL_BASE,1.35,1,0.3,7,true,15,BASE_CRITICAL_SERVICE;BASE_TOTAL_SERVICE;RESERVE_45D,0.6161,583.62
BASE,FINAL_BASE,1.35,1,0.2,8,true,15,BASE_CRITICAL_SERVICE;BASE_TOTAL_SERVICE;RESERVE_45D,0.5983,605.72
BASE,FINAL_BASE,1.35,1,0.1,9,true,15,BASE_CRITICAL_SERVICE;BASE_TOTAL_SERVICE;RESERVE_45D,0.5805,627.83
BASE,FINAL_BASE,1.35,1,0,10,true,15,BASE_CRITICAL_SERVICE;BASE_TOTAL_SERVICE;RESERVE_45D,0.5627,649.93
BASE,FINAL_BASE,1.35,1.05,1,7,true,12,BASE_CRITICAL_SERVICE;BASE_TOTAL_SERVICE;RESERVE_45D,0.7406,428.9
BASE,FINAL_BASE,1.35,1.05,0.9,7,true,12,BASE_CRITICAL_SERVICE;BASE_TOTAL_SERVICE;RESERVE_45D,0.7228,451
BASE,FINAL_BASE,1.35,1.05,0.8,7,true,12,BASE_CRITICAL_SERVICE;BASE_TOTAL_SERVICE;RESERVE_45D,0.705,473.11
BASE,FINAL_BASE,1.35,1.05,0.7,7,true,12,BASE_CRITICAL_SERVICE;BASE_TOTAL_SERVICE;RESERVE_45D,0.6872,495.21
BASE,FINAL_BASE,1.35,1.05,0.6,7,true,13,BASE_CRITICAL_SERVICE;BASE_TOTAL_SERVICE;RESERVE_45D,0.6694,517.31
BASE,FINAL_BASE,1.35,1.05,0.5,7,true,14,BASE_CRITICAL_SERVICE;BASE_TOTAL_SERVICE;RESERVE_45D,0.6517,539.41
BASE,FINAL_BASE,1.35,1.05,0.4,7,true,15,BASE_CRITICAL_SERVICE;BASE_TOTAL_SERVICE;RESERVE_45D,0.6339,561.52
BASE,FINAL_BASE,1.35,1.05,0.3,7,true,15,BASE_CRITICAL_SERVICE;BASE_TOTAL_SERVICE;RESERVE_45D,0.6161,583.62
BASE,FINAL_BASE,1.35,1.05,0.2,8,true,15,BASE_CRITICAL_SERVICE;BASE_TOTAL_SERVICE;RESERVE_45D,0.5983,605.72
BASE,FINAL_BASE,1.35,1.05,0.1,9,true,15,BASE_CRITICAL_SERVICE;BASE_TOTAL_SERVICE;RESERVE_45D,0.5805,627.83
BASE,FINAL_BASE,1.35,1.05,0,10,true,15,BASE_CRITICAL_SERVICE;BASE_TOTAL_SERVICE;RESERVE_45D,0.5627,649.93
BASE,FINAL_BASE,1.35,1.1,1,7,true,12,BASE_CRITICAL_SERVICE;BASE_TOTAL_SERVICE;RESERVE_45D,0.7406,428.9
BASE,FINAL_BASE,1.35,1.1,0.9,7,true,12,BASE_CRITICAL_SERVICE;BASE_TOTAL_SERVICE;RESERVE_45D,0.7228,451
BASE,FINAL_BASE,1.35,1.1,0.8,7,true,12,BASE_CRITICAL_SERVICE;BASE_TOTAL_SERVICE;RESERVE_45D,0.705,473.11
BASE,FINAL_BASE,1.35,1.1,0.7,7,true,12,BASE_CRITICAL_SERVICE;BASE_TOTAL_SERVICE;RESERVE_45D,0.6872,495.21
BASE,FINAL_BASE,1.35,1.1,0.6,7,true,13,BASE_CRITICAL_SERVICE;BASE_TOTAL_SERVICE;RESERVE_45D,0.6694,517.31
BASE,FINAL_BASE,1.35,1.1,0.5,7,true,14,BASE_CRITICAL_SERVICE;BASE_TOTAL_SERVICE;RESERVE_45D,0.6517,539.41
BASE,FINAL_BASE,1.35,1.1,0.4,7,true,15,BASE_CRITICAL_SERVICE;BASE_TOTAL_SERVICE;RESERVE_45D,0.6339,561.52
BASE,FINAL_BASE,1.35,1.1,0.3,7,true,15,BASE_CRITICAL_SERVICE;BASE_TOTAL_SERVICE;RESERVE_45D,0.6161,583.62
BASE,FINAL_BASE,1.35,1.1,0.2,8,true,15,BASE_CRITICAL_SERVICE;BASE_TOTAL_SERVICE;RESERVE_45D,0.5983,605.72
BASE,FINAL_BASE,1.35,1.1,0.1,9,true,15,BASE_CRITICAL_SERVICE;BASE_TOTAL_SERVICE;RESERVE_45D,0.5805,627.83
BASE,FINAL_BASE,1.35,1.1,0,10,true,15,BASE_CRITICAL_SERVICE;BASE_TOTAL_SERVICE;RESERVE_45D,0.5627,649.93
BASE,FINAL_BASE,1.35,1.15,1,7,true,12,BASE_CRITICAL_SERVICE;BASE_TOTAL_SERVICE;RESERVE_45D,0.7406,428.9
BASE,FINAL_BASE,1.35,1.15,0.9,7,true,12,BASE_CRITICAL_SERVICE;BASE_TOTAL_SERVICE;RESERVE_45D,0.7228,451
BASE,FINAL_BASE,1.35,1.15,0.8,7,true,12,BASE_CRITICAL_SERVICE;BASE_TOTAL_SERVICE;RESERVE_45D,0.705,473.11
BASE,FINAL_BASE,1.35,1.15,0.7,7,true,12,BASE_CRITICAL_SERVICE;BASE_TOTAL_SERVICE;RESERVE_45D,0.6872,495.21
BASE,FINAL_BASE,1.35,1.15,0.6,7,true,13,BASE_CRITICAL_SERVICE;BASE_TOTAL_SERVICE;RESERVE_45D,0.6694,517.31
BASE,FINAL_BASE,1.35,1.15,0.5,7,true,14,BASE_CRITICAL_SERVICE;BASE_TOTAL_SERVICE;RESERVE_45D,0.6517,539.41
BASE,FINAL_BASE,1.35,1.15,0.4,7,true,15,BASE_CRITICAL_SERVICE;BASE_TOTAL_SERVICE;RESERVE_45D,0.6339,561.52
BASE,FINAL_BASE,1.35,1.15,0.3,7,true,15,BASE_CRITICAL_SERVICE;BASE_TOTAL_SERVICE;RESERVE_45D,0.6161,583.62
BASE,FINAL_BASE,1.35,1.15,0.2,8,true,15,BASE_CRITICAL_SERVICE;BASE_TOTAL_SERVICE;RESERVE_45D,0.5983,605.72
BASE,FINAL_BASE,1.35,1.15,0.1,9,true,15,BASE_CRITICAL_SERVICE;BASE_TOTAL_SERVICE;RESERVE_45D,0.5805,627.83
BASE,FINAL_BASE,1.35,1.15,0,10,true,15,BASE_CRITICAL_SERVICE;BASE_TOTAL_SERVICE;RESERVE_45D,0.5627,649.93
BASE,FINAL_BASE,1.35,1.2,1,7,true,12,BASE_CRITICAL_SERVICE;BASE_TOTAL_SERVICE;RESERVE_45D,0.7406,428.9
BASE,FINAL_BASE,1.35,1.2,0.9,7,true,12,BASE_CRITICAL_SERVICE;BASE_TOTAL_SERVICE;RESERVE_45D,0.7228,451
BASE,FINAL_BASE,1.35,1.2,0.8,7,true,12,BASE_CRITICAL_SERVICE;BASE_TOTAL_SERVICE;RESERVE_45D,0.705,473.11
BASE,FINAL_BASE,1.35,1.2,0.7,7,true,12,BASE_CRITICAL_SERVICE;BASE_TOTAL_SERVICE;RESERVE_45D,0.6872,495.21
BASE,FINAL_BASE,1.35,1.2,0.6,7,true,13,BASE_CRITICAL_SERVICE;BASE_TOTAL_SERVICE;RESERVE_45D,0.6694,517.31
BASE,FINAL_BASE,1.35,1.2,0.5,7,true,14,BASE_CRITICAL_SERVICE;BASE_TOTAL_SERVICE;RESERVE_45D,0.6517,539.41
BASE,FINAL_BASE,1.35,1.2,0.4,7,true,15,BASE_CRITICAL_SERVICE;BASE_TOTAL_SERVICE;RESERVE_45D,0.6339,561.52
BASE,FINAL_BASE,1.35,1.2,0.3,7,true,15,BASE_CRITICAL_SERVICE;BASE_TOTAL_SERVICE;RESERVE_45D,0.6161,583.62
BASE,FINAL_BASE,1.35,1.2,0.2,8,true,15,BASE_CRITICAL_SERVICE;BASE_TOTAL_SERVICE;RESERVE_45D,0.5983,605.72
BASE,FINAL_BASE,1.35,1.2,0.1,9,true,15,BASE_CRITICAL_SERVICE;BASE_TOTAL_SERVICE;RESERVE_45D,0.5805,627.83
BASE,FINAL_BASE,1.35,1.2,0,10,true,15,BASE_CRITICAL_SERVICE;BASE_TOTAL_SERVICE;RESERVE_45D,0.5627,649.93
BASE,FINAL_BASE,1.35,1.25,1,7,true,12,BASE_CRITICAL_SERVICE;BASE_TOTAL_SERVICE;RESERVE_45D,0.7406,428.9
BASE,FINAL_BASE,1.35,1.25,0.9,7,true,12,BASE_CRITICAL_SERVICE;BASE_TOTAL_SERVICE;RESERVE_45D,0.7228,451
BASE,FINAL_BASE,1.35,1.25,0.8,7,true,12,BASE_CRITICAL_SERVICE;BASE_TOTAL_SERVICE;RESERVE_45D,0.705,473.11
BASE,FINAL_BASE,1.35,1.25,0.7,7,true,12,BASE_CRITICAL_SERVICE;BASE_TOTAL_SERVICE;RESERVE_45D,0.6872,495.21
BASE,FINAL_BASE,1.35,1.25,0.6,7,true,13,BASE_CRITICAL_SERVICE;BASE_TOTAL_SERVICE;RESERVE_45D,0.6694,517.31
BASE,FINAL_BASE,1.35,1.25,0.5,7,true,14,BASE_CRITICAL_SERVICE;BASE_TOTAL_SERVICE;RESERVE_45D,0.6517,539.41
BASE,FINAL_BASE,1.35,1.25,0.4,7,true,15,BASE_CRITICAL_SERVICE;BASE_TOTAL_SERVICE;RESERVE_45D,0.6339,561.52
BASE,FINAL_BASE,1.35,1.25,0.3,7,true,15,BASE_CRITICAL_SERVICE;BASE_TOTAL_SERVICE;RESERVE_45D,0.6161,583.62
BASE,FINAL_BASE,1.35,1.25,0.2,8,true,15,BASE_CRITICAL_SERVICE;BASE_TOTAL_SERVICE;RESERVE_45D,0.5983,605.72
BASE,FINAL_BASE,1.35,1.25,0.1,9,true,15,BASE_CRITICAL_SERVICE;BASE_TOTAL_SERVICE;RESERVE_45D,0.5805,627.83
BASE,FINAL_BASE,1.35,1.25,0,10,true,15,BASE_CRITICAL_SERVICE;BASE_TOTAL_SERVICE;RESERVE_45D,0.5627,649.93
BASE,FINAL_BASE,1.35,1.3,1,7,true,12,BASE_CRITICAL_SERVICE;BASE_TOTAL_SERVICE;RESERVE_45D,0.7406,428.9
BASE,FINAL_BASE,1.35,1.3,0.9,7,true,12,BASE_CRITICAL_SERVICE;BASE_TOTAL_SERVICE;RESERVE_45D,0.7228,451
BASE,FINAL_BASE,1.35,1.3,0.8,7,true,12,BASE_CRITICAL_SERVICE;BASE_TOTAL_SERVICE;RESERVE_45D,0.705,473.11
BASE,FINAL_BASE,1.35,1.3,0.7,7,true,12,BASE_CRITICAL_SERVICE;BASE_TOTAL_SERVICE;RESERVE_45D,0.6872,495.21
BASE,FINAL_BASE,1.35,1.3,0.6,7,true,13,BASE_CRITICAL_SERVICE;BASE_TOTAL_SERVICE;RESERVE_45D,0.6694,517.31
BASE,FINAL_BASE,1.35,1.3,0.5,7,true,14,BASE_CRITICAL_SERVICE;BASE_TOTAL_SERVICE;RESERVE_45D,0.6517,539.41
BASE,FINAL_BASE,1.35,1.3,0.4,7,true,15,BASE_CRITICAL_SERVICE;BASE_TOTAL_SERVICE;RESERVE_45D,0.6339,561.52
BASE,FINAL_BASE,1.35,1.3,0.3,7,true,15,BASE_CRITICAL_SERVICE;BASE_TOTAL_SERVICE;RESERVE_45D,0.6161,583.62
BASE,FINAL_BASE,1.35,1.3,0.2,8,true,15,BASE_CRITICAL_SERVICE;BASE_TOTAL_SERVICE;RESERVE_45D,0.5983,605.72
BASE,FINAL_BASE,1.35,1.3,0.1,9,true,15,BASE_CRITICAL_SERVICE;BASE_TOTAL_SERVICE;RESERVE_45D,0.5805,627.83
BASE,FINAL_BASE,1.35,1.3,0,10,true,15,BASE_CRITICAL_SERVICE;BASE_TOTAL_SERVICE;RESERVE_45D,0.5627,649.93
BASE,FINAL_BASE,1.35,1.35,1,7,true,12,BASE_CRITICAL_SERVICE;BASE_TOTAL_SERVICE;RESERVE_45D,0.7406,428.9
BASE,FINAL_BASE,1.35,1.35,0.9,7,true,12,BASE_CRITICAL_SERVICE;BASE_TOTAL_SERVICE;RESERVE_45D,0.7228,451
BASE,FINAL_BASE,1.35,1.35,0.8,7,true,12,BASE_CRITICAL_SERVICE;BASE_TOTAL_SERVICE;RESERVE_45D,0.705,473.11
BASE,FINAL_BASE,1.35,1.35,0.7,7,true,12,BASE_CRITICAL_SERVICE;BASE_TOTAL_SERVICE;RESERVE_45D,0.6872,495.21
BASE,FINAL_BASE,1.35,1.35,0.6,7,true,13,BASE_CRITICAL_SERVICE;BASE_TOTAL_SERVICE;RESERVE_45D,0.6694,517.31
BASE,FINAL_BASE,1.35,1.35,0.5,7,true,14,BASE_CRITICAL_SERVICE;BASE_TOTAL_SERVICE;RESERVE_45D,0.6517,539.41
BASE,FINAL_BASE,1.35,1.35,0.4,7,true,15,BASE_CRITICAL_SERVICE;BASE_TOTAL_SERVICE;RESERVE_45D,0.6339,561.52
BASE,FINAL_BASE,1.35,1.35,0.3,7,true,15,BASE_CRITICAL_SERVICE;BASE_TOTAL_SERVICE;RESERVE_45D,0.6161,583.62
BASE,FINAL_BASE,1.35,1.35,0.2,8,true,15,BASE_CRITICAL_SERVICE;BASE_TOTAL_SERVICE;RESERVE_45D,0.5983,605.72
BASE,FINAL_BASE,1.35,1.35,0.1,9,true,15,BASE_CRITICAL_SERVICE;BASE_TOTAL_SERVICE;RESERVE_45D,0.5805,627.83
BASE,FINAL_BASE,1.35,1.35,0,10,true,15,BASE_CRITICAL_SERVICE;BASE_TOTAL_SERVICE;RESERVE_45D,0.5627,649.93
BASE,FINAL_BASE,1.35,1.4,1,8,true,12,BASE_CRITICAL_SERVICE;BASE_TOTAL_SERVICE;RESERVE_45D,0.7406,428.9
BASE,FINAL_BASE,1.35,1.4,0.9,8,true,12,BASE_CRITICAL_SERVICE;BASE_TOTAL_SERVICE;RESERVE_45D,0.7228,451
BASE,FINAL_BASE,1.35,1.4,0.8,8,true,12,BASE_CRITICAL_SERVICE;BASE_TOTAL_SERVICE;RESERVE_45D,0.705,473.11
BASE,FINAL_BASE,1.35,1.4,0.7,8,true,12,BASE_CRITICAL_SERVICE;BASE_TOTAL_SERVICE;RESERVE_45D,0.6872,495.21
BASE,FINAL_BASE,1.35,1.4,0.6,8,true,13,BASE_CRITICAL_SERVICE;BASE_TOTAL_SERVICE;RESERVE_45D,0.6694,517.31
BASE,FINAL_BASE,1.35,1.4,0.5,8,true,14,BASE_CRITICAL_SERVICE;BASE_TOTAL_SERVICE;RESERVE_45D,0.6517,539.41
BASE,FINAL_BASE,1.35,1.4,0.4,8,true,15,BASE_CRITICAL_SERVICE;BASE_TOTAL_SERVICE;RESERVE_45D,0.6339,561.52
BASE,FINAL_BASE,1.35,1.4,0.3,8,true,15,BASE_CRITICAL_SERVICE;BASE_TOTAL_SERVICE;RESERVE_45D,0.6161,583.62
BASE,FINAL_BASE,1.35,1.4,0.2,8,true,15,BASE_CRITICAL_SERVICE;BASE_TOTAL_SERVICE;RESERVE_45D,0.5983,605.72
BASE,FINAL_BASE,1.35,1.4,0.1,9,true,15,BASE_CRITICAL_SERVICE;BASE_TOTAL_SERVICE;RESERVE_45D,0.5805,627.83
BASE,FINAL_BASE,1.35,1.4,0,10,true,15,BASE_CRITICAL_SERVICE;BASE_TOTAL_SERVICE;RESERVE_45D,0.5627,649.93
BASE,FINAL_BASE,1.35,1.45,1,9,true,12,BASE_CRITICAL_SERVICE;BASE_TOTAL_SERVICE;RESERVE_45D,0.7406,428.9
BASE,FINAL_BASE,1.35,1.45,0.9,9,true,12,BASE_CRITICAL_SERVICE;BASE_TOTAL_SERVICE;RESERVE_45D,0.7228,451
BASE,FINAL_BASE,1.35,1.45,0.8,9,true,12,BASE_CRITICAL_SERVICE;BASE_TOTAL_SERVICE;RESERVE_45D,0.705,473.11
BASE,FINAL_BASE,1.35,1.45,0.7,9,true,12,BASE_CRITICAL_SERVICE;BASE_TOTAL_SERVICE;RESERVE_45D,0.6872,495.21
BASE,FINAL_BASE,1.35,1.45,0.6,9,true,13,BASE_CRITICAL_SERVICE;BASE_TOTAL_SERVICE;RESERVE_45D,0.6694,517.31
BASE,FINAL_BASE,1.35,1.45,0.5,9,true,14,BASE_CRITICAL_SERVICE;BASE_TOTAL_SERVICE;RESERVE_45D,0.6517,539.41
BASE,FINAL_BASE,1.35,1.45,0.4,9,true,15,BASE_CRITICAL_SERVICE;BASE_TOTAL_SERVICE;RESERVE_45D,0.6339,561.52
BASE,FINAL_BASE,1.35,1.45,0.3,9,true,15,BASE_CRITICAL_SERVICE;BASE_TOTAL_SERVICE;RESERVE_45D,0.6161,583.62
BASE,FINAL_BASE,1.35,1.45,0.2,9,true,15,BASE_CRITICAL_SERVICE;BASE_TOTAL_SERVICE;RESERVE_45D,0.5983,605.72
BASE,FINAL_BASE,1.35,1.45,0.1,9,true,15,BASE_CRITICAL_SERVICE;BASE_TOTAL_SERVICE;RESERVE_45D,0.5805,627.83
BASE,FINAL_BASE,1.35,1.45,0,10,true,15,BASE_CRITICAL_SERVICE;BASE_TOTAL_SERVICE;RESERVE_45D,0.5627,649.93
BASE,FINAL_BASE,1.35,1.5,1,10,true,12,BASE_CRITICAL_SERVICE;BASE_TOTAL_SERVICE;RESERVE_45D,0.7406,428.9
BASE,FINAL_BASE,1.35,1.5,0.9,10,true,12,BASE_CRITICAL_SERVICE;BASE_TOTAL_SERVICE;RESERVE_45D,0.7228,451
BASE,FINAL_BASE,1.35,1.5,0.8,10,true,12,BASE_CRITICAL_SERVICE;BASE_TOTAL_SERVICE;RESERVE_45D,0.705,473.11
BASE,FINAL_BASE,1.35,1.5,0.7,10,true,12,BASE_CRITICAL_SERVICE;BASE_TOTAL_SERVICE;RESERVE_45D,0.6872,495.21
BASE,FINAL_BASE,1.35,1.5,0.6,10,true,13,BASE_CRITICAL_SERVICE;BASE_TOTAL_SERVICE;RESERVE_45D,0.6694,517.31
BASE,FINAL_BASE,1.35,1.5,0.5,10,true,14,BASE_CRITICAL_SERVICE;BASE_TOTAL_SERVICE;RESERVE_45D,0.6517,539.41
BASE,FINAL_BASE,1.35,1.5,0.4,10,true,15,BASE_CRITICAL_SERVICE;BASE_TOTAL_SERVICE;RESERVE_45D,0.6339,561.52
BASE,FINAL_BASE,1.35,1.5,0.3,10,true,15,BASE_CRITICAL_SERVICE;BASE_TOTAL_SERVICE;RESERVE_45D,0.6161,583.62
BASE,FINAL_BASE,1.35,1.5,0.2,10,true,15,BASE_CRITICAL_SERVICE;BASE_TOTAL_SERVICE;RESERVE_45D,0.5983,605.72
BASE,FINAL_BASE,1.35,1.5,0.1,10,true,15,BASE_CRITICAL_SERVICE;BASE_TOTAL_SERVICE;RESERVE_45D,0.5805,627.83
BASE,FINAL_BASE,1.35,1.5,0,10,true,15,BASE_CRITICAL_SERVICE;BASE_TOTAL_SERVICE;RESERVE_45D,0.5627,649.93
BASE,FINAL_BASE,1.4,1,1,8,true,13,BASE_CRITICAL_SERVICE;BASE_TOTAL_SERVICE;RESERVE_45D,0.7142,498.4
BASE,FINAL_BASE,1.4,1,0.9,8,true,13,BASE_CRITICAL_SERVICE;BASE_TOTAL_SERVICE;RESERVE_45D,0.697,520.5
BASE,FINAL_BASE,1.4,1,0.8,8,true,13,BASE_CRITICAL_SERVICE;BASE_TOTAL_SERVICE;RESERVE_45D,0.6798,542.61
BASE,FINAL_BASE,1.4,1,0.7,8,true,14,BASE_CRITICAL_SERVICE;BASE_TOTAL_SERVICE;RESERVE_45D,0.6627,564.71
BASE,FINAL_BASE,1.4,1,0.6,8,true,15,BASE_CRITICAL_SERVICE;BASE_TOTAL_SERVICE;RESERVE_45D,0.6455,586.81
BASE,FINAL_BASE,1.4,1,0.5,8,true,16,BASE_CRITICAL_SERVICE;BASE_TOTAL_SERVICE;RESERVE_45D,0.6284,608.91
BASE,FINAL_BASE,1.4,1,0.4,8,true,16,BASE_CRITICAL_SERVICE;BASE_TOTAL_SERVICE;RESERVE_45D,0.6112,631.02
BASE,FINAL_BASE,1.4,1,0.3,8,true,16,BASE_CRITICAL_SERVICE;BASE_TOTAL_SERVICE;RESERVE_45D,0.5941,653.12
BASE,FINAL_BASE,1.4,1,0.2,8,true,16,BASE_CRITICAL_SERVICE;BASE_TOTAL_SERVICE;RESERVE_45D,0.5769,675.22
BASE,FINAL_BASE,1.4,1,0.1,9,true,16,BASE_CRITICAL_SERVICE;BASE_TOTAL_SERVICE;RESERVE_45D,0.5598,697.33
BASE,FINAL_BASE,1.4,1,0,10,true,16,BASE_CRITICAL_SERVICE;BASE_TOTAL_SERVICE;RESERVE_45D,0.5426,719.43
BASE,FINAL_BASE,1.4,1.05,1,8,true,13,BASE_CRITICAL_SERVICE;BASE_TOTAL_SERVICE;RESERVE_45D,0.7142,498.4
BASE,FINAL_BASE,1.4,1.05,0.9,8,true,13,BASE_CRITICAL_SERVICE;BASE_TOTAL_SERVICE;RESERVE_45D,0.697,520.5
BASE,FINAL_BASE,1.4,1.05,0.8,8,true,13,BASE_CRITICAL_SERVICE;BASE_TOTAL_SERVICE;RESERVE_45D,0.6798,542.61
BASE,FINAL_BASE,1.4,1.05,0.7,8,true,14,BASE_CRITICAL_SERVICE;BASE_TOTAL_SERVICE;RESERVE_45D,0.6627,564.71
BASE,FINAL_BASE,1.4,1.05,0.6,8,true,15,BASE_CRITICAL_SERVICE;BASE_TOTAL_SERVICE;RESERVE_45D,0.6455,586.81
BASE,FINAL_BASE,1.4,1.05,0.5,8,true,16,BASE_CRITICAL_SERVICE;BASE_TOTAL_SERVICE;RESERVE_45D,0.6284,608.91
BASE,FINAL_BASE,1.4,1.05,0.4,8,true,16,BASE_CRITICAL_SERVICE;BASE_TOTAL_SERVICE;RESERVE_45D,0.6112,631.02
BASE,FINAL_BASE,1.4,1.05,0.3,8,true,16,BASE_CRITICAL_SERVICE;BASE_TOTAL_SERVICE;RESERVE_45D,0.5941,653.12
BASE,FINAL_BASE,1.4,1.05,0.2,8,true,16,BASE_CRITICAL_SERVICE;BASE_TOTAL_SERVICE;RESERVE_45D,0.5769,675.22
BASE,FINAL_BASE,1.4,1.05,0.1,9,true,16,BASE_CRITICAL_SERVICE;BASE_TOTAL_SERVICE;RESERVE_45D,0.5598,697.33
BASE,FINAL_BASE,1.4,1.05,0,10,true,16,BASE_CRITICAL_SERVICE;BASE_TOTAL_SERVICE;RESERVE_45D,0.5426,719.43
BASE,FINAL_BASE,1.4,1.1,1,8,true,13,BASE_CRITICAL_SERVICE;BASE_TOTAL_SERVICE;RESERVE_45D,0.7142,498.4
BASE,FINAL_BASE,1.4,1.1,0.9,8,true,13,BASE_CRITICAL_SERVICE;BASE_TOTAL_SERVICE;RESERVE_45D,0.697,520.5
BASE,FINAL_BASE,1.4,1.1,0.8,8,true,13,BASE_CRITICAL_SERVICE;BASE_TOTAL_SERVICE;RESERVE_45D,0.6798,542.61
BASE,FINAL_BASE,1.4,1.1,0.7,8,true,14,BASE_CRITICAL_SERVICE;BASE_TOTAL_SERVICE;RESERVE_45D,0.6627,564.71
BASE,FINAL_BASE,1.4,1.1,0.6,8,true,15,BASE_CRITICAL_SERVICE;BASE_TOTAL_SERVICE;RESERVE_45D,0.6455,586.81
BASE,FINAL_BASE,1.4,1.1,0.5,8,true,16,BASE_CRITICAL_SERVICE;BASE_TOTAL_SERVICE;RESERVE_45D,0.6284,608.91
BASE,FINAL_BASE,1.4,1.1,0.4,8,true,16,BASE_CRITICAL_SERVICE;BASE_TOTAL_SERVICE;RESERVE_45D,0.6112,631.02
BASE,FINAL_BASE,1.4,1.1,0.3,8,true,16,BASE_CRITICAL_SERVICE;BASE_TOTAL_SERVICE;RESERVE_45D,0.5941,653.12
BASE,FINAL_BASE,1.4,1.1,0.2,8,true,16,BASE_CRITICAL_SERVICE;BASE_TOTAL_SERVICE;RESERVE_45D,0.5769,675.22
BASE,FINAL_BASE,1.4,1.1,0.1,9,true,16,BASE_CRITICAL_SERVICE;BASE_TOTAL_SERVICE;RESERVE_45D,0.5598,697.33
BASE,FINAL_BASE,1.4,1.1,0,10,true,16,BASE_CRITICAL_SERVICE;BASE_TOTAL_SERVICE;RESERVE_45D,0.5426,719.43
BASE,FINAL_BASE,1.4,1.15,1,8,true,13,BASE_CRITICAL_SERVICE;BASE_TOTAL_SERVICE;RESERVE_45D,0.7142,498.4
BASE,FINAL_BASE,1.4,1.15,0.9,8,true,13,BASE_CRITICAL_SERVICE;BASE_TOTAL_SERVICE;RESERVE_45D,0.697,520.5
BASE,FINAL_BASE,1.4,1.15,0.8,8,true,13,BASE_CRITICAL_SERVICE;BASE_TOTAL_SERVICE;RESERVE_45D,0.6798,542.61
BASE,FINAL_BASE,1.4,1.15,0.7,8,true,14,BASE_CRITICAL_SERVICE;BASE_TOTAL_SERVICE;RESERVE_45D,0.6627,564.71
BASE,FINAL_BASE,1.4,1.15,0.6,8,true,15,BASE_CRITICAL_SERVICE;BASE_TOTAL_SERVICE;RESERVE_45D,0.6455,586.81
BASE,FINAL_BASE,1.4,1.15,0.5,8,true,16,BASE_CRITICAL_SERVICE;BASE_TOTAL_SERVICE;RESERVE_45D,0.6284,608.91
BASE,FINAL_BASE,1.4,1.15,0.4,8,true,16,BASE_CRITICAL_SERVICE;BASE_TOTAL_SERVICE;RESERVE_45D,0.6112,631.02
BASE,FINAL_BASE,1.4,1.15,0.3,8,true,16,BASE_CRITICAL_SERVICE;BASE_TOTAL_SERVICE;RESERVE_45D,0.5941,653.12
BASE,FINAL_BASE,1.4,1.15,0.2,8,true,16,BASE_CRITICAL_SERVICE;BASE_TOTAL_SERVICE;RESERVE_45D,0.5769,675.22
BASE,FINAL_BASE,1.4,1.15,0.1,9,true,16,BASE_CRITICAL_SERVICE;BASE_TOTAL_SERVICE;RESERVE_45D,0.5598,697.33
BASE,FINAL_BASE,1.4,1.15,0,10,true,16,BASE_CRITICAL_SERVICE;BASE_TOTAL_SERVICE;RESERVE_45D,0.5426,719.43
BASE,FINAL_BASE,1.4,1.2,1,8,true,13,BASE_CRITICAL_SERVICE;BASE_TOTAL_SERVICE;RESERVE_45D,0.7142,498.4
BASE,FINAL_BASE,1.4,1.2,0.9,8,true,13,BASE_CRITICAL_SERVICE;BASE_TOTAL_SERVICE;RESERVE_45D,0.697,520.5
BASE,FINAL_BASE,1.4,1.2,0.8,8,true,13,BASE_CRITICAL_SERVICE;BASE_TOTAL_SERVICE;RESERVE_45D,0.6798,542.61
BASE,FINAL_BASE,1.4,1.2,0.7,8,true,14,BASE_CRITICAL_SERVICE;BASE_TOTAL_SERVICE;RESERVE_45D,0.6627,564.71
BASE,FINAL_BASE,1.4,1.2,0.6,8,true,15,BASE_CRITICAL_SERVICE;BASE_TOTAL_SERVICE;RESERVE_45D,0.6455,586.81
BASE,FINAL_BASE,1.4,1.2,0.5,8,true,16,BASE_CRITICAL_SERVICE;BASE_TOTAL_SERVICE;RESERVE_45D,0.6284,608.91
BASE,FINAL_BASE,1.4,1.2,0.4,8,true,16,BASE_CRITICAL_SERVICE;BASE_TOTAL_SERVICE;RESERVE_45D,0.6112,631.02
BASE,FINAL_BASE,1.4,1.2,0.3,8,true,16,BASE_CRITICAL_SERVICE;BASE_TOTAL_SERVICE;RESERVE_45D,0.5941,653.12
BASE,FINAL_BASE,1.4,1.2,0.2,8,true,16,BASE_CRITICAL_SERVICE;BASE_TOTAL_SERVICE;RESERVE_45D,0.5769,675.22
BASE,FINAL_BASE,1.4,1.2,0.1,9,true,16,BASE_CRITICAL_SERVICE;BASE_TOTAL_SERVICE;RESERVE_45D,0.5598,697.33
BASE,FINAL_BASE,1.4,1.2,0,10,true,16,BASE_CRITICAL_SERVICE;BASE_TOTAL_SERVICE;RESERVE_45D,0.5426,719.43
BASE,FINAL_BASE,1.4,1.25,1,8,true,13,BASE_CRITICAL_SERVICE;BASE_TOTAL_SERVICE;RESERVE_45D,0.7142,498.4
BASE,FINAL_BASE,1.4,1.25,0.9,8,true,13,BASE_CRITICAL_SERVICE;BASE_TOTAL_SERVICE;RESERVE_45D,0.697,520.5
BASE,FINAL_BASE,1.4,1.25,0.8,8,true,13,BASE_CRITICAL_SERVICE;BASE_TOTAL_SERVICE;RESERVE_45D,0.6798,542.61
BASE,FINAL_BASE,1.4,1.25,0.7,8,true,14,BASE_CRITICAL_SERVICE;BASE_TOTAL_SERVICE;RESERVE_45D,0.6627,564.71
BASE,FINAL_BASE,1.4,1.25,0.6,8,true,15,BASE_CRITICAL_SERVICE;BASE_TOTAL_SERVICE;RESERVE_45D,0.6455,586.81
BASE,FINAL_BASE,1.4,1.25,0.5,8,true,16,BASE_CRITICAL_SERVICE;BASE_TOTAL_SERVICE;RESERVE_45D,0.6284,608.91
BASE,FINAL_BASE,1.4,1.25,0.4,8,true,16,BASE_CRITICAL_SERVICE;BASE_TOTAL_SERVICE;RESERVE_45D,0.6112,631.02
BASE,FINAL_BASE,1.4,1.25,0.3,8,true,16,BASE_CRITICAL_SERVICE;BASE_TOTAL_SERVICE;RESERVE_45D,0.5941,653.12
BASE,FINAL_BASE,1.4,1.25,0.2,8,true,16,BASE_CRITICAL_SERVICE;BASE_TOTAL_SERVICE;RESERVE_45D,0.5769,675.22
BASE,FINAL_BASE,1.4,1.25,0.1,9,true,16,BASE_CRITICAL_SERVICE;BASE_TOTAL_SERVICE;RESERVE_45D,0.5598,697.33
BASE,FINAL_BASE,1.4,1.25,0,10,true,16,BASE_CRITICAL_SERVICE;BASE_TOTAL_SERVICE;RESERVE_45D,0.5426,719.43
BASE,FINAL_BASE,1.4,1.3,1,8,true,13,BASE_CRITICAL_SERVICE;BASE_TOTAL_SERVICE;RESERVE_45D,0.7142,498.4
BASE,FINAL_BASE,1.4,1.3,0.9,8,true,13,BASE_CRITICAL_SERVICE;BASE_TOTAL_SERVICE;RESERVE_45D,0.697,520.5
BASE,FINAL_BASE,1.4,1.3,0.8,8,true,13,BASE_CRITICAL_SERVICE;BASE_TOTAL_SERVICE;RESERVE_45D,0.6798,542.61
BASE,FINAL_BASE,1.4,1.3,0.7,8,true,14,BASE_CRITICAL_SERVICE;BASE_TOTAL_SERVICE;RESERVE_45D,0.6627,564.71
BASE,FINAL_BASE,1.4,1.3,0.6,8,true,15,BASE_CRITICAL_SERVICE;BASE_TOTAL_SERVICE;RESERVE_45D,0.6455,586.81
BASE,FINAL_BASE,1.4,1.3,0.5,8,true,16,BASE_CRITICAL_SERVICE;BASE_TOTAL_SERVICE;RESERVE_45D,0.6284,608.91
BASE,FINAL_BASE,1.4,1.3,0.4,8,true,16,BASE_CRITICAL_SERVICE;BASE_TOTAL_SERVICE;RESERVE_45D,0.6112,631.02
BASE,FINAL_BASE,1.4,1.3,0.3,8,true,16,BASE_CRITICAL_SERVICE;BASE_TOTAL_SERVICE;RESERVE_45D,0.5941,653.12
BASE,FINAL_BASE,1.4,1.3,0.2,8,true,16,BASE_CRITICAL_SERVICE;BASE_TOTAL_SERVICE;RESERVE_45D,0.5769,675.22
BASE,FINAL_BASE,1.4,1.3,0.1,9,true,16,BASE_CRITICAL_SERVICE;BASE_TOTAL_SERVICE;RESERVE_45D,0.5598,697.33
BASE,FINAL_BASE,1.4,1.3,0,10,true,16,BASE_CRITICAL_SERVICE;BASE_TOTAL_SERVICE;RESERVE_45D,0.5426,719.43
BASE,FINAL_BASE,1.4,1.35,1,8,true,13,BASE_CRITICAL_SERVICE;BASE_TOTAL_SERVICE;RESERVE_45D,0.7142,498.4
BASE,FINAL_BASE,1.4,1.35,0.9,8,true,13,BASE_CRITICAL_SERVICE;BASE_TOTAL_SERVICE;RESERVE_45D,0.697,520.5
BASE,FINAL_BASE,1.4,1.35,0.8,8,true,13,BASE_CRITICAL_SERVICE;BASE_TOTAL_SERVICE;RESERVE_45D,0.6798,542.61
BASE,FINAL_BASE,1.4,1.35,0.7,8,true,14,BASE_CRITICAL_SERVICE;BASE_TOTAL_SERVICE;RESERVE_45D,0.6627,564.71
BASE,FINAL_BASE,1.4,1.35,0.6,8,true,15,BASE_CRITICAL_SERVICE;BASE_TOTAL_SERVICE;RESERVE_45D,0.6455,586.81
BASE,FINAL_BASE,1.4,1.35,0.5,8,true,16,BASE_CRITICAL_SERVICE;BASE_TOTAL_SERVICE;RESERVE_45D,0.6284,608.91
BASE,FINAL_BASE,1.4,1.35,0.4,8,true,16,BASE_CRITICAL_SERVICE;BASE_TOTAL_SERVICE;RESERVE_45D,0.6112,631.02
BASE,FINAL_BASE,1.4,1.35,0.3,8,true,16,BASE_CRITICAL_SERVICE;BASE_TOTAL_SERVICE;RESERVE_45D,0.5941,653.12
BASE,FINAL_BASE,1.4,1.35,0.2,8,true,16,BASE_CRITICAL_SERVICE;BASE_TOTAL_SERVICE;RESERVE_45D,0.5769,675.22
BASE,FINAL_BASE,1.4,1.35,0.1,9,true,16,BASE_CRITICAL_SERVICE;BASE_TOTAL_SERVICE;RESERVE_45D,0.5598,697.33
BASE,FINAL_BASE,1.4,1.35,0,10,true,16,BASE_CRITICAL_SERVICE;BASE_TOTAL_SERVICE;RESERVE_45D,0.5426,719.43
BASE,FINAL_BASE,1.4,1.4,1,8,true,13,BASE_CRITICAL_SERVICE;BASE_TOTAL_SERVICE;RESERVE_45D,0.7142,498.4
BASE,FINAL_BASE,1.4,1.4,0.9,8,true,13,BASE_CRITICAL_SERVICE;BASE_TOTAL_SERVICE;RESERVE_45D,0.697,520.5
BASE,FINAL_BASE,1.4,1.4,0.8,8,true,13,BASE_CRITICAL_SERVICE;BASE_TOTAL_SERVICE;RESERVE_45D,0.6798,542.61
BASE,FINAL_BASE,1.4,1.4,0.7,8,true,14,BASE_CRITICAL_SERVICE;BASE_TOTAL_SERVICE;RESERVE_45D,0.6627,564.71
BASE,FINAL_BASE,1.4,1.4,0.6,8,true,15,BASE_CRITICAL_SERVICE;BASE_TOTAL_SERVICE;RESERVE_45D,0.6455,586.81
BASE,FINAL_BASE,1.4,1.4,0.5,8,true,16,BASE_CRITICAL_SERVICE;BASE_TOTAL_SERVICE;RESERVE_45D,0.6284,608.91
BASE,FINAL_BASE,1.4,1.4,0.4,8,true,16,BASE_CRITICAL_SERVICE;BASE_TOTAL_SERVICE;RESERVE_45D,0.6112,631.02
BASE,FINAL_BASE,1.4,1.4,0.3,8,true,16,BASE_CRITICAL_SERVICE;BASE_TOTAL_SERVICE;RESERVE_45D,0.5941,653.12
BASE,FINAL_BASE,1.4,1.4,0.2,8,true,16,BASE_CRITICAL_SERVICE;BASE_TOTAL_SERVICE;RESERVE_45D,0.5769,675.22
BASE,FINAL_BASE,1.4,1.4,0.1,9,true,16,BASE_CRITICAL_SERVICE;BASE_TOTAL_SERVICE;RESERVE_45D,0.5598,697.33
BASE,FINAL_BASE,1.4,1.4,0,10,true,16,BASE_CRITICAL_SERVICE;BASE_TOTAL_SERVICE;RESERVE_45D,0.5426,719.43
BASE,FINAL_BASE,1.4,1.45,1,9,true,13,BASE_CRITICAL_SERVICE;BASE_TOTAL_SERVICE;RESERVE_45D,0.7142,498.4
BASE,FINAL_BASE,1.4,1.45,0.9,9,true,13,BASE_CRITICAL_SERVICE;BASE_TOTAL_SERVICE;RESERVE_45D,0.697,520.5
BASE,FINAL_BASE,1.4,1.45,0.8,9,true,13,BASE_CRITICAL_SERVICE;BASE_TOTAL_SERVICE;RESERVE_45D,0.6798,542.61
BASE,FINAL_BASE,1.4,1.45,0.7,9,true,14,BASE_CRITICAL_SERVICE;BASE_TOTAL_SERVICE;RESERVE_45D,0.6627,564.71
BASE,FINAL_BASE,1.4,1.45,0.6,9,true,15,BASE_CRITICAL_SERVICE;BASE_TOTAL_SERVICE;RESERVE_45D,0.6455,586.81
BASE,FINAL_BASE,1.4,1.45,0.5,9,true,16,BASE_CRITICAL_SERVICE;BASE_TOTAL_SERVICE;RESERVE_45D,0.6284,608.91
BASE,FINAL_BASE,1.4,1.45,0.4,9,true,16,BASE_CRITICAL_SERVICE;BASE_TOTAL_SERVICE;RESERVE_45D,0.6112,631.02
BASE,FINAL_BASE,1.4,1.45,0.3,9,true,16,BASE_CRITICAL_SERVICE;BASE_TOTAL_SERVICE;RESERVE_45D,0.5941,653.12
BASE,FINAL_BASE,1.4,1.45,0.2,9,true,16,BASE_CRITICAL_SERVICE;BASE_TOTAL_SERVICE;RESERVE_45D,0.5769,675.22
BASE,FINAL_BASE,1.4,1.45,0.1,9,true,16,BASE_CRITICAL_SERVICE;BASE_TOTAL_SERVICE;RESERVE_45D,0.5598,697.33
BASE,FINAL_BASE,1.4,1.45,0,10,true,16,BASE_CRITICAL_SERVICE;BASE_TOTAL_SERVICE;RESERVE_45D,0.5426,719.43
BASE,FINAL_BASE,1.4,1.5,1,10,true,13,BASE_CRITICAL_SERVICE;BASE_TOTAL_SERVICE;RESERVE_45D,0.7142,498.4
BASE,FINAL_BASE,1.4,1.5,0.9,10,true,13,BASE_CRITICAL_SERVICE;BASE_TOTAL_SERVICE;RESERVE_45D,0.697,520.5
BASE,FINAL_BASE,1.4,1.5,0.8,10,true,13,BASE_CRITICAL_SERVICE;BASE_TOTAL_SERVICE;RESERVE_45D,0.6798,542.61
BASE,FINAL_BASE,1.4,1.5,0.7,10,true,14,BASE_CRITICAL_SERVICE;BASE_TOTAL_SERVICE;RESERVE_45D,0.6627,564.71
BASE,FINAL_BASE,1.4,1.5,0.6,10,true,15,BASE_CRITICAL_SERVICE;BASE_TOTAL_SERVICE;RESERVE_45D,0.6455,586.81
BASE,FINAL_BASE,1.4,1.5,0.5,10,true,16,BASE_CRITICAL_SERVICE;BASE_TOTAL_SERVICE;RESERVE_45D,0.6284,608.91
BASE,FINAL_BASE,1.4,1.5,0.4,10,true,16,BASE_CRITICAL_SERVICE;BASE_TOTAL_SERVICE;RESERVE_45D,0.6112,631.02
BASE,FINAL_BASE,1.4,1.5,0.3,10,true,16,BASE_CRITICAL_SERVICE;BASE_TOTAL_SERVICE;RESERVE_45D,0.5941,653.12
BASE,FINAL_BASE,1.4,1.5,0.2,10,true,16,BASE_CRITICAL_SERVICE;BASE_TOTAL_SERVICE;RESERVE_45D,0.5769,675.22
BASE,FINAL_BASE,1.4,1.5,0.1,10,true,16,BASE_CRITICAL_SERVICE;BASE_TOTAL_SERVICE;RESERVE_45D,0.5598,697.33
BASE,FINAL_BASE,1.4,1.5,0,10,true,16,BASE_CRITICAL_SERVICE;BASE_TOTAL_SERVICE;RESERVE_45D,0.5426,719.43
BASE,FINAL_BASE,1.45,1,1,9,true,14,BASE_CRITICAL_SERVICE;BASE_TOTAL_SERVICE;RESERVE_45D,0.6895,567.9
BASE,FINAL_BASE,1.45,1,0.9,9,true,14,BASE_CRITICAL_SERVICE;BASE_TOTAL_SERVICE;RESERVE_45D,0.673,590
BASE,FINAL_BASE,1.45,1,0.8,9,true,15,BASE_CRITICAL_SERVICE;BASE_TOTAL_SERVICE;RESERVE_45D,0.6564,612.11
BASE,FINAL_BASE,1.45,1,0.7,9,true,16,BASE_CRITICAL_SERVICE;BASE_TOTAL_SERVICE;RESERVE_45D,0.6398,634.21
BASE,FINAL_BASE,1.45,1,0.6,9,true,17,BASE_CRITICAL_SERVICE;BASE_TOTAL_SERVICE;RESERVE_45D,0.6233,656.31
BASE,FINAL_BASE,1.45,1,0.5,9,true,17,BASE_CRITICAL_SERVICE;BASE_TOTAL_SERVICE;RESERVE_45D,0.6067,678.41
BASE,FINAL_BASE,1.45,1,0.4,9,true,17,BASE_CRITICAL_SERVICE;BASE_TOTAL_SERVICE;RESERVE_45D,0.5901,700.52
BASE,FINAL_BASE,1.45,1,0.3,9,true,17,BASE_CRITICAL_SERVICE;BASE_TOTAL_SERVICE;RESERVE_45D,0.5736,722.62
BASE,FINAL_BASE,1.45,1,0.2,9,true,17,BASE_CRITICAL_SERVICE;BASE_TOTAL_SERVICE;RESERVE_45D,0.557,744.72
BASE,FINAL_BASE,1.45,1,0.1,9,true,17,BASE_CRITICAL_SERVICE;BASE_TOTAL_SERVICE;RESERVE_45D,0.5405,766.83
BASE,FINAL_BASE,1.45,1,0,10,true,17,BASE_CRITICAL_SERVICE;BASE_TOTAL_SERVICE;RESERVE_45D,0.5239,788.93
BASE,FINAL_BASE,1.45,1.05,1,9,true,14,BASE_CRITICAL_SERVICE;BASE_TOTAL_SERVICE;RESERVE_45D,0.6895,567.9
BASE,FINAL_BASE,1.45,1.05,0.9,9,true,14,BASE_CRITICAL_SERVICE;BASE_TOTAL_SERVICE;RESERVE_45D,0.673,590
BASE,FINAL_BASE,1.45,1.05,0.8,9,true,15,BASE_CRITICAL_SERVICE;BASE_TOTAL_SERVICE;RESERVE_45D,0.6564,612.11
BASE,FINAL_BASE,1.45,1.05,0.7,9,true,16,BASE_CRITICAL_SERVICE;BASE_TOTAL_SERVICE;RESERVE_45D,0.6398,634.21
BASE,FINAL_BASE,1.45,1.05,0.6,9,true,17,BASE_CRITICAL_SERVICE;BASE_TOTAL_SERVICE;RESERVE_45D,0.6233,656.31
BASE,FINAL_BASE,1.45,1.05,0.5,9,true,17,BASE_CRITICAL_SERVICE;BASE_TOTAL_SERVICE;RESERVE_45D,0.6067,678.41
BASE,FINAL_BASE,1.45,1.05,0.4,9,true,17,BASE_CRITICAL_SERVICE;BASE_TOTAL_SERVICE;RESERVE_45D,0.5901,700.52
BASE,FINAL_BASE,1.45,1.05,0.3,9,true,17,BASE_CRITICAL_SERVICE;BASE_TOTAL_SERVICE;RESERVE_45D,0.5736,722.62
BASE,FINAL_BASE,1.45,1.05,0.2,9,true,17,BASE_CRITICAL_SERVICE;BASE_TOTAL_SERVICE;RESERVE_45D,0.557,744.72
BASE,FINAL_BASE,1.45,1.05,0.1,9,true,17,BASE_CRITICAL_SERVICE;BASE_TOTAL_SERVICE;RESERVE_45D,0.5405,766.83
BASE,FINAL_BASE,1.45,1.05,0,10,true,17,BASE_CRITICAL_SERVICE;BASE_TOTAL_SERVICE;RESERVE_45D,0.5239,788.93
BASE,FINAL_BASE,1.45,1.1,1,9,true,14,BASE_CRITICAL_SERVICE;BASE_TOTAL_SERVICE;RESERVE_45D,0.6895,567.9
BASE,FINAL_BASE,1.45,1.1,0.9,9,true,14,BASE_CRITICAL_SERVICE;BASE_TOTAL_SERVICE;RESERVE_45D,0.673,590
BASE,FINAL_BASE,1.45,1.1,0.8,9,true,15,BASE_CRITICAL_SERVICE;BASE_TOTAL_SERVICE;RESERVE_45D,0.6564,612.11
BASE,FINAL_BASE,1.45,1.1,0.7,9,true,16,BASE_CRITICAL_SERVICE;BASE_TOTAL_SERVICE;RESERVE_45D,0.6398,634.21
BASE,FINAL_BASE,1.45,1.1,0.6,9,true,17,BASE_CRITICAL_SERVICE;BASE_TOTAL_SERVICE;RESERVE_45D,0.6233,656.31
BASE,FINAL_BASE,1.45,1.1,0.5,9,true,17,BASE_CRITICAL_SERVICE;BASE_TOTAL_SERVICE;RESERVE_45D,0.6067,678.41
BASE,FINAL_BASE,1.45,1.1,0.4,9,true,17,BASE_CRITICAL_SERVICE;BASE_TOTAL_SERVICE;RESERVE_45D,0.5901,700.52
BASE,FINAL_BASE,1.45,1.1,0.3,9,true,17,BASE_CRITICAL_SERVICE;BASE_TOTAL_SERVICE;RESERVE_45D,0.5736,722.62
BASE,FINAL_BASE,1.45,1.1,0.2,9,true,17,BASE_CRITICAL_SERVICE;BASE_TOTAL_SERVICE;RESERVE_45D,0.557,744.72
BASE,FINAL_BASE,1.45,1.1,0.1,9,true,17,BASE_CRITICAL_SERVICE;BASE_TOTAL_SERVICE;RESERVE_45D,0.5405,766.83
BASE,FINAL_BASE,1.45,1.1,0,10,true,17,BASE_CRITICAL_SERVICE;BASE_TOTAL_SERVICE;RESERVE_45D,0.5239,788.93
BASE,FINAL_BASE,1.45,1.15,1,9,true,14,BASE_CRITICAL_SERVICE;BASE_TOTAL_SERVICE;RESERVE_45D,0.6895,567.9
BASE,FINAL_BASE,1.45,1.15,0.9,9,true,14,BASE_CRITICAL_SERVICE;BASE_TOTAL_SERVICE;RESERVE_45D,0.673,590
BASE,FINAL_BASE,1.45,1.15,0.8,9,true,15,BASE_CRITICAL_SERVICE;BASE_TOTAL_SERVICE;RESERVE_45D,0.6564,612.11
BASE,FINAL_BASE,1.45,1.15,0.7,9,true,16,BASE_CRITICAL_SERVICE;BASE_TOTAL_SERVICE;RESERVE_45D,0.6398,634.21
BASE,FINAL_BASE,1.45,1.15,0.6,9,true,17,BASE_CRITICAL_SERVICE;BASE_TOTAL_SERVICE;RESERVE_45D,0.6233,656.31
BASE,FINAL_BASE,1.45,1.15,0.5,9,true,17,BASE_CRITICAL_SERVICE;BASE_TOTAL_SERVICE;RESERVE_45D,0.6067,678.41
BASE,FINAL_BASE,1.45,1.15,0.4,9,true,17,BASE_CRITICAL_SERVICE;BASE_TOTAL_SERVICE;RESERVE_45D,0.5901,700.52
BASE,FINAL_BASE,1.45,1.15,0.3,9,true,17,BASE_CRITICAL_SERVICE;BASE_TOTAL_SERVICE;RESERVE_45D,0.5736,722.62
BASE,FINAL_BASE,1.45,1.15,0.2,9,true,17,BASE_CRITICAL_SERVICE;BASE_TOTAL_SERVICE;RESERVE_45D,0.557,744.72
BASE,FINAL_BASE,1.45,1.15,0.1,9,true,17,BASE_CRITICAL_SERVICE;BASE_TOTAL_SERVICE;RESERVE_45D,0.5405,766.83
BASE,FINAL_BASE,1.45,1.15,0,10,true,17,BASE_CRITICAL_SERVICE;BASE_TOTAL_SERVICE;RESERVE_45D,0.5239,788.93
BASE,FINAL_BASE,1.45,1.2,1,9,true,14,BASE_CRITICAL_SERVICE;BASE_TOTAL_SERVICE;RESERVE_45D,0.6895,567.9
BASE,FINAL_BASE,1.45,1.2,0.9,9,true,14,BASE_CRITICAL_SERVICE;BASE_TOTAL_SERVICE;RESERVE_45D,0.673,590
BASE,FINAL_BASE,1.45,1.2,0.8,9,true,15,BASE_CRITICAL_SERVICE;BASE_TOTAL_SERVICE;RESERVE_45D,0.6564,612.11
BASE,FINAL_BASE,1.45,1.2,0.7,9,true,16,BASE_CRITICAL_SERVICE;BASE_TOTAL_SERVICE;RESERVE_45D,0.6398,634.21
BASE,FINAL_BASE,1.45,1.2,0.6,9,true,17,BASE_CRITICAL_SERVICE;BASE_TOTAL_SERVICE;RESERVE_45D,0.6233,656.31
BASE,FINAL_BASE,1.45,1.2,0.5,9,true,17,BASE_CRITICAL_SERVICE;BASE_TOTAL_SERVICE;RESERVE_45D,0.6067,678.41
BASE,FINAL_BASE,1.45,1.2,0.4,9,true,17,BASE_CRITICAL_SERVICE;BASE_TOTAL_SERVICE;RESERVE_45D,0.5901,700.52
BASE,FINAL_BASE,1.45,1.2,0.3,9,true,17,BASE_CRITICAL_SERVICE;BASE_TOTAL_SERVICE;RESERVE_45D,0.5736,722.62
BASE,FINAL_BASE,1.45,1.2,0.2,9,true,17,BASE_CRITICAL_SERVICE;BASE_TOTAL_SERVICE;RESERVE_45D,0.557,744.72
BASE,FINAL_BASE,1.45,1.2,0.1,9,true,17,BASE_CRITICAL_SERVICE;BASE_TOTAL_SERVICE;RESERVE_45D,0.5405,766.83
BASE,FINAL_BASE,1.45,1.2,0,10,true,17,BASE_CRITICAL_SERVICE;BASE_TOTAL_SERVICE;RESERVE_45D,0.5239,788.93
BASE,FINAL_BASE,1.45,1.25,1,9,true,14,BASE_CRITICAL_SERVICE;BASE_TOTAL_SERVICE;RESERVE_45D,0.6895,567.9
BASE,FINAL_BASE,1.45,1.25,0.9,9,true,14,BASE_CRITICAL_SERVICE;BASE_TOTAL_SERVICE;RESERVE_45D,0.673,590
BASE,FINAL_BASE,1.45,1.25,0.8,9,true,15,BASE_CRITICAL_SERVICE;BASE_TOTAL_SERVICE;RESERVE_45D,0.6564,612.11
BASE,FINAL_BASE,1.45,1.25,0.7,9,true,16,BASE_CRITICAL_SERVICE;BASE_TOTAL_SERVICE;RESERVE_45D,0.6398,634.21
BASE,FINAL_BASE,1.45,1.25,0.6,9,true,17,BASE_CRITICAL_SERVICE;BASE_TOTAL_SERVICE;RESERVE_45D,0.6233,656.31
BASE,FINAL_BASE,1.45,1.25,0.5,9,true,17,BASE_CRITICAL_SERVICE;BASE_TOTAL_SERVICE;RESERVE_45D,0.6067,678.41
BASE,FINAL_BASE,1.45,1.25,0.4,9,true,17,BASE_CRITICAL_SERVICE;BASE_TOTAL_SERVICE;RESERVE_45D,0.5901,700.52
BASE,FINAL_BASE,1.45,1.25,0.3,9,true,17,BASE_CRITICAL_SERVICE;BASE_TOTAL_SERVICE;RESERVE_45D,0.5736,722.62
BASE,FINAL_BASE,1.45,1.25,0.2,9,true,17,BASE_CRITICAL_SERVICE;BASE_TOTAL_SERVICE;RESERVE_45D,0.557,744.72
BASE,FINAL_BASE,1.45,1.25,0.1,9,true,17,BASE_CRITICAL_SERVICE;BASE_TOTAL_SERVICE;RESERVE_45D,0.5405,766.83
BASE,FINAL_BASE,1.45,1.25,0,10,true,17,BASE_CRITICAL_SERVICE;BASE_TOTAL_SERVICE;RESERVE_45D,0.5239,788.93
BASE,FINAL_BASE,1.45,1.3,1,9,true,14,BASE_CRITICAL_SERVICE;BASE_TOTAL_SERVICE;RESERVE_45D,0.6895,567.9
BASE,FINAL_BASE,1.45,1.3,0.9,9,true,14,BASE_CRITICAL_SERVICE;BASE_TOTAL_SERVICE;RESERVE_45D,0.673,590
BASE,FINAL_BASE,1.45,1.3,0.8,9,true,15,BASE_CRITICAL_SERVICE;BASE_TOTAL_SERVICE;RESERVE_45D,0.6564,612.11
BASE,FINAL_BASE,1.45,1.3,0.7,9,true,16,BASE_CRITICAL_SERVICE;BASE_TOTAL_SERVICE;RESERVE_45D,0.6398,634.21
BASE,FINAL_BASE,1.45,1.3,0.6,9,true,17,BASE_CRITICAL_SERVICE;BASE_TOTAL_SERVICE;RESERVE_45D,0.6233,656.31
BASE,FINAL_BASE,1.45,1.3,0.5,9,true,17,BASE_CRITICAL_SERVICE;BASE_TOTAL_SERVICE;RESERVE_45D,0.6067,678.41
BASE,FINAL_BASE,1.45,1.3,0.4,9,true,17,BASE_CRITICAL_SERVICE;BASE_TOTAL_SERVICE;RESERVE_45D,0.5901,700.52
BASE,FINAL_BASE,1.45,1.3,0.3,9,true,17,BASE_CRITICAL_SERVICE;BASE_TOTAL_SERVICE;RESERVE_45D,0.5736,722.62
BASE,FINAL_BASE,1.45,1.3,0.2,9,true,17,BASE_CRITICAL_SERVICE;BASE_TOTAL_SERVICE;RESERVE_45D,0.557,744.72
BASE,FINAL_BASE,1.45,1.3,0.1,9,true,17,BASE_CRITICAL_SERVICE;BASE_TOTAL_SERVICE;RESERVE_45D,0.5405,766.83
BASE,FINAL_BASE,1.45,1.3,0,10,true,17,BASE_CRITICAL_SERVICE;BASE_TOTAL_SERVICE;RESERVE_45D,0.5239,788.93
BASE,FINAL_BASE,1.45,1.35,1,9,true,14,BASE_CRITICAL_SERVICE;BASE_TOTAL_SERVICE;RESERVE_45D,0.6895,567.9
BASE,FINAL_BASE,1.45,1.35,0.9,9,true,14,BASE_CRITICAL_SERVICE;BASE_TOTAL_SERVICE;RESERVE_45D,0.673,590
BASE,FINAL_BASE,1.45,1.35,0.8,9,true,15,BASE_CRITICAL_SERVICE;BASE_TOTAL_SERVICE;RESERVE_45D,0.6564,612.11
BASE,FINAL_BASE,1.45,1.35,0.7,9,true,16,BASE_CRITICAL_SERVICE;BASE_TOTAL_SERVICE;RESERVE_45D,0.6398,634.21
BASE,FINAL_BASE,1.45,1.35,0.6,9,true,17,BASE_CRITICAL_SERVICE;BASE_TOTAL_SERVICE;RESERVE_45D,0.6233,656.31
BASE,FINAL_BASE,1.45,1.35,0.5,9,true,17,BASE_CRITICAL_SERVICE;BASE_TOTAL_SERVICE;RESERVE_45D,0.6067,678.41
BASE,FINAL_BASE,1.45,1.35,0.4,9,true,17,BASE_CRITICAL_SERVICE;BASE_TOTAL_SERVICE;RESERVE_45D,0.5901,700.52
BASE,FINAL_BASE,1.45,1.35,0.3,9,true,17,BASE_CRITICAL_SERVICE;BASE_TOTAL_SERVICE;RESERVE_45D,0.5736,722.62
BASE,FINAL_BASE,1.45,1.35,0.2,9,true,17,BASE_CRITICAL_SERVICE;BASE_TOTAL_SERVICE;RESERVE_45D,0.557,744.72
BASE,FINAL_BASE,1.45,1.35,0.1,9,true,17,BASE_CRITICAL_SERVICE;BASE_TOTAL_SERVICE;RESERVE_45D,0.5405,766.83
BASE,FINAL_BASE,1.45,1.35,0,10,true,17,BASE_CRITICAL_SERVICE;BASE_TOTAL_SERVICE;RESERVE_45D,0.5239,788.93
BASE,FINAL_BASE,1.45,1.4,1,9,true,14,BASE_CRITICAL_SERVICE;BASE_TOTAL_SERVICE;RESERVE_45D,0.6895,567.9
BASE,FINAL_BASE,1.45,1.4,0.9,9,true,14,BASE_CRITICAL_SERVICE;BASE_TOTAL_SERVICE;RESERVE_45D,0.673,590
BASE,FINAL_BASE,1.45,1.4,0.8,9,true,15,BASE_CRITICAL_SERVICE;BASE_TOTAL_SERVICE;RESERVE_45D,0.6564,612.11
BASE,FINAL_BASE,1.45,1.4,0.7,9,true,16,BASE_CRITICAL_SERVICE;BASE_TOTAL_SERVICE;RESERVE_45D,0.6398,634.21
BASE,FINAL_BASE,1.45,1.4,0.6,9,true,17,BASE_CRITICAL_SERVICE;BASE_TOTAL_SERVICE;RESERVE_45D,0.6233,656.31
BASE,FINAL_BASE,1.45,1.4,0.5,9,true,17,BASE_CRITICAL_SERVICE;BASE_TOTAL_SERVICE;RESERVE_45D,0.6067,678.41
BASE,FINAL_BASE,1.45,1.4,0.4,9,true,17,BASE_CRITICAL_SERVICE;BASE_TOTAL_SERVICE;RESERVE_45D,0.5901,700.52
BASE,FINAL_BASE,1.45,1.4,0.3,9,true,17,BASE_CRITICAL_SERVICE;BASE_TOTAL_SERVICE;RESERVE_45D,0.5736,722.62
BASE,FINAL_BASE,1.45,1.4,0.2,9,true,17,BASE_CRITICAL_SERVICE;BASE_TOTAL_SERVICE;RESERVE_45D,0.557,744.72
BASE,FINAL_BASE,1.45,1.4,0.1,9,true,17,BASE_CRITICAL_SERVICE;BASE_TOTAL_SERVICE;RESERVE_45D,0.5405,766.83
BASE,FINAL_BASE,1.45,1.4,0,10,true,17,BASE_CRITICAL_SERVICE;BASE_TOTAL_SERVICE;RESERVE_45D,0.5239,788.93
BASE,FINAL_BASE,1.45,1.45,1,9,true,14,BASE_CRITICAL_SERVICE;BASE_TOTAL_SERVICE;RESERVE_45D,0.6895,567.9
BASE,FINAL_BASE,1.45,1.45,0.9,9,true,14,BASE_CRITICAL_SERVICE;BASE_TOTAL_SERVICE;RESERVE_45D,0.673,590
BASE,FINAL_BASE,1.45,1.45,0.8,9,true,15,BASE_CRITICAL_SERVICE;BASE_TOTAL_SERVICE;RESERVE_45D,0.6564,612.11
BASE,FINAL_BASE,1.45,1.45,0.7,9,true,16,BASE_CRITICAL_SERVICE;BASE_TOTAL_SERVICE;RESERVE_45D,0.6398,634.21
BASE,FINAL_BASE,1.45,1.45,0.6,9,true,17,BASE_CRITICAL_SERVICE;BASE_TOTAL_SERVICE;RESERVE_45D,0.6233,656.31
BASE,FINAL_BASE,1.45,1.45,0.5,9,true,17,BASE_CRITICAL_SERVICE;BASE_TOTAL_SERVICE;RESERVE_45D,0.6067,678.41
BASE,FINAL_BASE,1.45,1.45,0.4,9,true,17,BASE_CRITICAL_SERVICE;BASE_TOTAL_SERVICE;RESERVE_45D,0.5901,700.52
BASE,FINAL_BASE,1.45,1.45,0.3,9,true,17,BASE_CRITICAL_SERVICE;BASE_TOTAL_SERVICE;RESERVE_45D,0.5736,722.62
BASE,FINAL_BASE,1.45,1.45,0.2,9,true,17,BASE_CRITICAL_SERVICE;BASE_TOTAL_SERVICE;RESERVE_45D,0.557,744.72
BASE,FINAL_BASE,1.45,1.45,0.1,9,true,17,BASE_CRITICAL_SERVICE;BASE_TOTAL_SERVICE;RESERVE_45D,0.5405,766.83
BASE,FINAL_BASE,1.45,1.45,0,10,true,17,BASE_CRITICAL_SERVICE;BASE_TOTAL_SERVICE;RESERVE_45D,0.5239,788.93
BASE,FINAL_BASE,1.45,1.5,1,10,true,14,BASE_CRITICAL_SERVICE;BASE_TOTAL_SERVICE;RESERVE_45D,0.6895,567.9
BASE,FINAL_BASE,1.45,1.5,0.9,10,true,14,BASE_CRITICAL_SERVICE;BASE_TOTAL_SERVICE;RESERVE_45D,0.673,590
BASE,FINAL_BASE,1.45,1.5,0.8,10,true,15,BASE_CRITICAL_SERVICE;BASE_TOTAL_SERVICE;RESERVE_45D,0.6564,612.11
BASE,FINAL_BASE,1.45,1.5,0.7,10,true,16,BASE_CRITICAL_SERVICE;BASE_TOTAL_SERVICE;RESERVE_45D,0.6398,634.21
BASE,FINAL_BASE,1.45,1.5,0.6,10,true,17,BASE_CRITICAL_SERVICE;BASE_TOTAL_SERVICE;RESERVE_45D,0.6233,656.31
BASE,FINAL_BASE,1.45,1.5,0.5,10,true,17,BASE_CRITICAL_SERVICE;BASE_TOTAL_SERVICE;RESERVE_45D,0.6067,678.41
BASE,FINAL_BASE,1.45,1.5,0.4,10,true,17,BASE_CRITICAL_SERVICE;BASE_TOTAL_SERVICE;RESERVE_45D,0.5901,700.52
BASE,FINAL_BASE,1.45,1.5,0.3,10,true,17,BASE_CRITICAL_SERVICE;BASE_TOTAL_SERVICE;RESERVE_45D,0.5736,722.62
BASE,FINAL_BASE,1.45,1.5,0.2,10,true,17,BASE_CRITICAL_SERVICE;BASE_TOTAL_SERVICE;RESERVE_45D,0.557,744.72
BASE,FINAL_BASE,1.45,1.5,0.1,10,true,17,BASE_CRITICAL_SERVICE;BASE_TOTAL_SERVICE;RESERVE_45D,0.5405,766.83
BASE,FINAL_BASE,1.45,1.5,0,10,true,17,BASE_CRITICAL_SERVICE;BASE_TOTAL_SERVICE;RESERVE_45D,0.5239,788.93
BASE,FINAL_BASE,1.5,1,1,10,true,15,BASE_CRITICAL_SERVICE;BASE_TOTAL_SERVICE;RESERVE_45D,0.6665,637.4
BASE,FINAL_BASE,1.5,1,0.9,10,true,15,BASE_CRITICAL_SERVICE;BASE_TOTAL_SERVICE;RESERVE_45D,0.6505,659.5
BASE,FINAL_BASE,1.5,1,0.8,10,true,17,BASE_CRITICAL_SERVICE;BASE_TOTAL_SERVICE;RESERVE_45D,0.6345,681.61
BASE,FINAL_BASE,1.5,1,0.7,10,true,17,BASE_CRITICAL_SERVICE;BASE_TOTAL_SERVICE;RESERVE_45D,0.6185,703.71
BASE,FINAL_BASE,1.5,1,0.6,10,true,17,BASE_CRITICAL_SERVICE;BASE_TOTAL_SERVICE;RESERVE_45D,0.6025,725.81
BASE,FINAL_BASE,1.5,1,0.5,10,true,17,BASE_CRITICAL_SERVICE;BASE_TOTAL_SERVICE;RESERVE_45D,0.5865,747.91
BASE,FINAL_BASE,1.5,1,0.4,10,true,17,BASE_CRITICAL_SERVICE;BASE_TOTAL_SERVICE;RESERVE_45D,0.5705,770.02
BASE,FINAL_BASE,1.5,1,0.3,10,true,17,BASE_CRITICAL_SERVICE;BASE_TOTAL_SERVICE;RESERVE_45D,0.5545,792.12
BASE,FINAL_BASE,1.5,1,0.2,10,true,17,BASE_CRITICAL_SERVICE;BASE_TOTAL_SERVICE;RESERVE_45D,0.5384,814.22
BASE,FINAL_BASE,1.5,1,0.1,10,true,17,BASE_CRITICAL_SERVICE;BASE_TOTAL_SERVICE;RESERVE_45D,0.5224,836.33
BASE,FINAL_BASE,1.5,1,0,10,true,17,BASE_CRITICAL_SERVICE;BASE_TOTAL_SERVICE;RESERVE_45D,0.5064,858.43
BASE,FINAL_BASE,1.5,1.05,1,10,true,15,BASE_CRITICAL_SERVICE;BASE_TOTAL_SERVICE;RESERVE_45D,0.6665,637.4
BASE,FINAL_BASE,1.5,1.05,0.9,10,true,15,BASE_CRITICAL_SERVICE;BASE_TOTAL_SERVICE;RESERVE_45D,0.6505,659.5
BASE,FINAL_BASE,1.5,1.05,0.8,10,true,17,BASE_CRITICAL_SERVICE;BASE_TOTAL_SERVICE;RESERVE_45D,0.6345,681.61
BASE,FINAL_BASE,1.5,1.05,0.7,10,true,17,BASE_CRITICAL_SERVICE;BASE_TOTAL_SERVICE;RESERVE_45D,0.6185,703.71
BASE,FINAL_BASE,1.5,1.05,0.6,10,true,17,BASE_CRITICAL_SERVICE;BASE_TOTAL_SERVICE;RESERVE_45D,0.6025,725.81
BASE,FINAL_BASE,1.5,1.05,0.5,10,true,17,BASE_CRITICAL_SERVICE;BASE_TOTAL_SERVICE;RESERVE_45D,0.5865,747.91
BASE,FINAL_BASE,1.5,1.05,0.4,10,true,17,BASE_CRITICAL_SERVICE;BASE_TOTAL_SERVICE;RESERVE_45D,0.5705,770.02
BASE,FINAL_BASE,1.5,1.05,0.3,10,true,17,BASE_CRITICAL_SERVICE;BASE_TOTAL_SERVICE;RESERVE_45D,0.5545,792.12
BASE,FINAL_BASE,1.5,1.05,0.2,10,true,17,BASE_CRITICAL_SERVICE;BASE_TOTAL_SERVICE;RESERVE_45D,0.5384,814.22
BASE,FINAL_BASE,1.5,1.05,0.1,10,true,17,BASE_CRITICAL_SERVICE;BASE_TOTAL_SERVICE;RESERVE_45D,0.5224,836.33
BASE,FINAL_BASE,1.5,1.05,0,10,true,17,BASE_CRITICAL_SERVICE;BASE_TOTAL_SERVICE;RESERVE_45D,0.5064,858.43
BASE,FINAL_BASE,1.5,1.1,1,10,true,15,BASE_CRITICAL_SERVICE;BASE_TOTAL_SERVICE;RESERVE_45D,0.6665,637.4
BASE,FINAL_BASE,1.5,1.1,0.9,10,true,15,BASE_CRITICAL_SERVICE;BASE_TOTAL_SERVICE;RESERVE_45D,0.6505,659.5
BASE,FINAL_BASE,1.5,1.1,0.8,10,true,17,BASE_CRITICAL_SERVICE;BASE_TOTAL_SERVICE;RESERVE_45D,0.6345,681.61
BASE,FINAL_BASE,1.5,1.1,0.7,10,true,17,BASE_CRITICAL_SERVICE;BASE_TOTAL_SERVICE;RESERVE_45D,0.6185,703.71
BASE,FINAL_BASE,1.5,1.1,0.6,10,true,17,BASE_CRITICAL_SERVICE;BASE_TOTAL_SERVICE;RESERVE_45D,0.6025,725.81
BASE,FINAL_BASE,1.5,1.1,0.5,10,true,17,BASE_CRITICAL_SERVICE;BASE_TOTAL_SERVICE;RESERVE_45D,0.5865,747.91
BASE,FINAL_BASE,1.5,1.1,0.4,10,true,17,BASE_CRITICAL_SERVICE;BASE_TOTAL_SERVICE;RESERVE_45D,0.5705,770.02
BASE,FINAL_BASE,1.5,1.1,0.3,10,true,17,BASE_CRITICAL_SERVICE;BASE_TOTAL_SERVICE;RESERVE_45D,0.5545,792.12
BASE,FINAL_BASE,1.5,1.1,0.2,10,true,17,BASE_CRITICAL_SERVICE;BASE_TOTAL_SERVICE;RESERVE_45D,0.5384,814.22
BASE,FINAL_BASE,1.5,1.1,0.1,10,true,17,BASE_CRITICAL_SERVICE;BASE_TOTAL_SERVICE;RESERVE_45D,0.5224,836.33
BASE,FINAL_BASE,1.5,1.1,0,10,true,17,BASE_CRITICAL_SERVICE;BASE_TOTAL_SERVICE;RESERVE_45D,0.5064,858.43
BASE,FINAL_BASE,1.5,1.15,1,10,true,15,BASE_CRITICAL_SERVICE;BASE_TOTAL_SERVICE;RESERVE_45D,0.6665,637.4
BASE,FINAL_BASE,1.5,1.15,0.9,10,true,15,BASE_CRITICAL_SERVICE;BASE_TOTAL_SERVICE;RESERVE_45D,0.6505,659.5
BASE,FINAL_BASE,1.5,1.15,0.8,10,true,17,BASE_CRITICAL_SERVICE;BASE_TOTAL_SERVICE;RESERVE_45D,0.6345,681.61
BASE,FINAL_BASE,1.5,1.15,0.7,10,true,17,BASE_CRITICAL_SERVICE;BASE_TOTAL_SERVICE;RESERVE_45D,0.6185,703.71
BASE,FINAL_BASE,1.5,1.15,0.6,10,true,17,BASE_CRITICAL_SERVICE;BASE_TOTAL_SERVICE;RESERVE_45D,0.6025,725.81
BASE,FINAL_BASE,1.5,1.15,0.5,10,true,17,BASE_CRITICAL_SERVICE;BASE_TOTAL_SERVICE;RESERVE_45D,0.5865,747.91
BASE,FINAL_BASE,1.5,1.15,0.4,10,true,17,BASE_CRITICAL_SERVICE;BASE_TOTAL_SERVICE;RESERVE_45D,0.5705,770.02
BASE,FINAL_BASE,1.5,1.15,0.3,10,true,17,BASE_CRITICAL_SERVICE;BASE_TOTAL_SERVICE;RESERVE_45D,0.5545,792.12
BASE,FINAL_BASE,1.5,1.15,0.2,10,true,17,BASE_CRITICAL_SERVICE;BASE_TOTAL_SERVICE;RESERVE_45D,0.5384,814.22
BASE,FINAL_BASE,1.5,1.15,0.1,10,true,17,BASE_CRITICAL_SERVICE;BASE_TOTAL_SERVICE;RESERVE_45D,0.5224,836.33
BASE,FINAL_BASE,1.5,1.15,0,10,true,17,BASE_CRITICAL_SERVICE;BASE_TOTAL_SERVICE;RESERVE_45D,0.5064,858.43
BASE,FINAL_BASE,1.5,1.2,1,10,true,15,BASE_CRITICAL_SERVICE;BASE_TOTAL_SERVICE;RESERVE_45D,0.6665,637.4
BASE,FINAL_BASE,1.5,1.2,0.9,10,true,15,BASE_CRITICAL_SERVICE;BASE_TOTAL_SERVICE;RESERVE_45D,0.6505,659.5
BASE,FINAL_BASE,1.5,1.2,0.8,10,true,17,BASE_CRITICAL_SERVICE;BASE_TOTAL_SERVICE;RESERVE_45D,0.6345,681.61
BASE,FINAL_BASE,1.5,1.2,0.7,10,true,17,BASE_CRITICAL_SERVICE;BASE_TOTAL_SERVICE;RESERVE_45D,0.6185,703.71
BASE,FINAL_BASE,1.5,1.2,0.6,10,true,17,BASE_CRITICAL_SERVICE;BASE_TOTAL_SERVICE;RESERVE_45D,0.6025,725.81
BASE,FINAL_BASE,1.5,1.2,0.5,10,true,17,BASE_CRITICAL_SERVICE;BASE_TOTAL_SERVICE;RESERVE_45D,0.5865,747.91
BASE,FINAL_BASE,1.5,1.2,0.4,10,true,17,BASE_CRITICAL_SERVICE;BASE_TOTAL_SERVICE;RESERVE_45D,0.5705,770.02
BASE,FINAL_BASE,1.5,1.2,0.3,10,true,17,BASE_CRITICAL_SERVICE;BASE_TOTAL_SERVICE;RESERVE_45D,0.5545,792.12
BASE,FINAL_BASE,1.5,1.2,0.2,10,true,17,BASE_CRITICAL_SERVICE;BASE_TOTAL_SERVICE;RESERVE_45D,0.5384,814.22
BASE,FINAL_BASE,1.5,1.2,0.1,10,true,17,BASE_CRITICAL_SERVICE;BASE_TOTAL_SERVICE;RESERVE_45D,0.5224,836.33
BASE,FINAL_BASE,1.5,1.2,0,10,true,17,BASE_CRITICAL_SERVICE;BASE_TOTAL_SERVICE;RESERVE_45D,0.5064,858.43
BASE,FINAL_BASE,1.5,1.25,1,10,true,15,BASE_CRITICAL_SERVICE;BASE_TOTAL_SERVICE;RESERVE_45D,0.6665,637.4
BASE,FINAL_BASE,1.5,1.25,0.9,10,true,15,BASE_CRITICAL_SERVICE;BASE_TOTAL_SERVICE;RESERVE_45D,0.6505,659.5
BASE,FINAL_BASE,1.5,1.25,0.8,10,true,17,BASE_CRITICAL_SERVICE;BASE_TOTAL_SERVICE;RESERVE_45D,0.6345,681.61
BASE,FINAL_BASE,1.5,1.25,0.7,10,true,17,BASE_CRITICAL_SERVICE;BASE_TOTAL_SERVICE;RESERVE_45D,0.6185,703.71
BASE,FINAL_BASE,1.5,1.25,0.6,10,true,17,BASE_CRITICAL_SERVICE;BASE_TOTAL_SERVICE;RESERVE_45D,0.6025,725.81
BASE,FINAL_BASE,1.5,1.25,0.5,10,true,17,BASE_CRITICAL_SERVICE;BASE_TOTAL_SERVICE;RESERVE_45D,0.5865,747.91
BASE,FINAL_BASE,1.5,1.25,0.4,10,true,17,BASE_CRITICAL_SERVICE;BASE_TOTAL_SERVICE;RESERVE_45D,0.5705,770.02
BASE,FINAL_BASE,1.5,1.25,0.3,10,true,17,BASE_CRITICAL_SERVICE;BASE_TOTAL_SERVICE;RESERVE_45D,0.5545,792.12
BASE,FINAL_BASE,1.5,1.25,0.2,10,true,17,BASE_CRITICAL_SERVICE;BASE_TOTAL_SERVICE;RESERVE_45D,0.5384,814.22
BASE,FINAL_BASE,1.5,1.25,0.1,10,true,17,BASE_CRITICAL_SERVICE;BASE_TOTAL_SERVICE;RESERVE_45D,0.5224,836.33
BASE,FINAL_BASE,1.5,1.25,0,10,true,17,BASE_CRITICAL_SERVICE;BASE_TOTAL_SERVICE;RESERVE_45D,0.5064,858.43
BASE,FINAL_BASE,1.5,1.3,1,10,true,15,BASE_CRITICAL_SERVICE;BASE_TOTAL_SERVICE;RESERVE_45D,0.6665,637.4
BASE,FINAL_BASE,1.5,1.3,0.9,10,true,15,BASE_CRITICAL_SERVICE;BASE_TOTAL_SERVICE;RESERVE_45D,0.6505,659.5
BASE,FINAL_BASE,1.5,1.3,0.8,10,true,17,BASE_CRITICAL_SERVICE;BASE_TOTAL_SERVICE;RESERVE_45D,0.6345,681.61
BASE,FINAL_BASE,1.5,1.3,0.7,10,true,17,BASE_CRITICAL_SERVICE;BASE_TOTAL_SERVICE;RESERVE_45D,0.6185,703.71
BASE,FINAL_BASE,1.5,1.3,0.6,10,true,17,BASE_CRITICAL_SERVICE;BASE_TOTAL_SERVICE;RESERVE_45D,0.6025,725.81
BASE,FINAL_BASE,1.5,1.3,0.5,10,true,17,BASE_CRITICAL_SERVICE;BASE_TOTAL_SERVICE;RESERVE_45D,0.5865,747.91
BASE,FINAL_BASE,1.5,1.3,0.4,10,true,17,BASE_CRITICAL_SERVICE;BASE_TOTAL_SERVICE;RESERVE_45D,0.5705,770.02
BASE,FINAL_BASE,1.5,1.3,0.3,10,true,17,BASE_CRITICAL_SERVICE;BASE_TOTAL_SERVICE;RESERVE_45D,0.5545,792.12
BASE,FINAL_BASE,1.5,1.3,0.2,10,true,17,BASE_CRITICAL_SERVICE;BASE_TOTAL_SERVICE;RESERVE_45D,0.5384,814.22
BASE,FINAL_BASE,1.5,1.3,0.1,10,true,17,BASE_CRITICAL_SERVICE;BASE_TOTAL_SERVICE;RESERVE_45D,0.5224,836.33
BASE,FINAL_BASE,1.5,1.3,0,10,true,17,BASE_CRITICAL_SERVICE;BASE_TOTAL_SERVICE;RESERVE_45D,0.5064,858.43
BASE,FINAL_BASE,1.5,1.35,1,10,true,15,BASE_CRITICAL_SERVICE;BASE_TOTAL_SERVICE;RESERVE_45D,0.6665,637.4
BASE,FINAL_BASE,1.5,1.35,0.9,10,true,15,BASE_CRITICAL_SERVICE;BASE_TOTAL_SERVICE;RESERVE_45D,0.6505,659.5
BASE,FINAL_BASE,1.5,1.35,0.8,10,true,17,BASE_CRITICAL_SERVICE;BASE_TOTAL_SERVICE;RESERVE_45D,0.6345,681.61
BASE,FINAL_BASE,1.5,1.35,0.7,10,true,17,BASE_CRITICAL_SERVICE;BASE_TOTAL_SERVICE;RESERVE_45D,0.6185,703.71
BASE,FINAL_BASE,1.5,1.35,0.6,10,true,17,BASE_CRITICAL_SERVICE;BASE_TOTAL_SERVICE;RESERVE_45D,0.6025,725.81
BASE,FINAL_BASE,1.5,1.35,0.5,10,true,17,BASE_CRITICAL_SERVICE;BASE_TOTAL_SERVICE;RESERVE_45D,0.5865,747.91
BASE,FINAL_BASE,1.5,1.35,0.4,10,true,17,BASE_CRITICAL_SERVICE;BASE_TOTAL_SERVICE;RESERVE_45D,0.5705,770.02
BASE,FINAL_BASE,1.5,1.35,0.3,10,true,17,BASE_CRITICAL_SERVICE;BASE_TOTAL_SERVICE;RESERVE_45D,0.5545,792.12
BASE,FINAL_BASE,1.5,1.35,0.2,10,true,17,BASE_CRITICAL_SERVICE;BASE_TOTAL_SERVICE;RESERVE_45D,0.5384,814.22
BASE,FINAL_BASE,1.5,1.35,0.1,10,true,17,BASE_CRITICAL_SERVICE;BASE_TOTAL_SERVICE;RESERVE_45D,0.5224,836.33
BASE,FINAL_BASE,1.5,1.35,0,10,true,17,BASE_CRITICAL_SERVICE;BASE_TOTAL_SERVICE;RESERVE_45D,0.5064,858.43
BASE,FINAL_BASE,1.5,1.4,1,10,true,15,BASE_CRITICAL_SERVICE;BASE_TOTAL_SERVICE;RESERVE_45D,0.6665,637.4
BASE,FINAL_BASE,1.5,1.4,0.9,10,true,15,BASE_CRITICAL_SERVICE;BASE_TOTAL_SERVICE;RESERVE_45D,0.6505,659.5
BASE,FINAL_BASE,1.5,1.4,0.8,10,true,17,BASE_CRITICAL_SERVICE;BASE_TOTAL_SERVICE;RESERVE_45D,0.6345,681.61
BASE,FINAL_BASE,1.5,1.4,0.7,10,true,17,BASE_CRITICAL_SERVICE;BASE_TOTAL_SERVICE;RESERVE_45D,0.6185,703.71
BASE,FINAL_BASE,1.5,1.4,0.6,10,true,17,BASE_CRITICAL_SERVICE;BASE_TOTAL_SERVICE;RESERVE_45D,0.6025,725.81
BASE,FINAL_BASE,1.5,1.4,0.5,10,true,17,BASE_CRITICAL_SERVICE;BASE_TOTAL_SERVICE;RESERVE_45D,0.5865,747.91
BASE,FINAL_BASE,1.5,1.4,0.4,10,true,17,BASE_CRITICAL_SERVICE;BASE_TOTAL_SERVICE;RESERVE_45D,0.5705,770.02
BASE,FINAL_BASE,1.5,1.4,0.3,10,true,17,BASE_CRITICAL_SERVICE;BASE_TOTAL_SERVICE;RESERVE_45D,0.5545,792.12
BASE,FINAL_BASE,1.5,1.4,0.2,10,true,17,BASE_CRITICAL_SERVICE;BASE_TOTAL_SERVICE;RESERVE_45D,0.5384,814.22
BASE,FINAL_BASE,1.5,1.4,0.1,10,true,17,BASE_CRITICAL_SERVICE;BASE_TOTAL_SERVICE;RESERVE_45D,0.5224,836.33
BASE,FINAL_BASE,1.5,1.4,0,10,true,17,BASE_CRITICAL_SERVICE;BASE_TOTAL_SERVICE;RESERVE_45D,0.5064,858.43
BASE,FINAL_BASE,1.5,1.45,1,10,true,15,BASE_CRITICAL_SERVICE;BASE_TOTAL_SERVICE;RESERVE_45D,0.6665,637.4
BASE,FINAL_BASE,1.5,1.45,0.9,10,true,15,BASE_CRITICAL_SERVICE;BASE_TOTAL_SERVICE;RESERVE_45D,0.6505,659.5
BASE,FINAL_BASE,1.5,1.45,0.8,10,true,17,BASE_CRITICAL_SERVICE;BASE_TOTAL_SERVICE;RESERVE_45D,0.6345,681.61
BASE,FINAL_BASE,1.5,1.45,0.7,10,true,17,BASE_CRITICAL_SERVICE;BASE_TOTAL_SERVICE;RESERVE_45D,0.6185,703.71
BASE,FINAL_BASE,1.5,1.45,0.6,10,true,17,BASE_CRITICAL_SERVICE;BASE_TOTAL_SERVICE;RESERVE_45D,0.6025,725.81
BASE,FINAL_BASE,1.5,1.45,0.5,10,true,17,BASE_CRITICAL_SERVICE;BASE_TOTAL_SERVICE;RESERVE_45D,0.5865,747.91
BASE,FINAL_BASE,1.5,1.45,0.4,10,true,17,BASE_CRITICAL_SERVICE;BASE_TOTAL_SERVICE;RESERVE_45D,0.5705,770.02
BASE,FINAL_BASE,1.5,1.45,0.3,10,true,17,BASE_CRITICAL_SERVICE;BASE_TOTAL_SERVICE;RESERVE_45D,0.5545,792.12
BASE,FINAL_BASE,1.5,1.45,0.2,10,true,17,BASE_CRITICAL_SERVICE;BASE_TOTAL_SERVICE;RESERVE_45D,0.5384,814.22
BASE,FINAL_BASE,1.5,1.45,0.1,10,true,17,BASE_CRITICAL_SERVICE;BASE_TOTAL_SERVICE;RESERVE_45D,0.5224,836.33
BASE,FINAL_BASE,1.5,1.45,0,10,true,17,BASE_CRITICAL_SERVICE;BASE_TOTAL_SERVICE;RESERVE_45D,0.5064,858.43
BASE,FINAL_BASE,1.5,1.5,1,10,true,15,BASE_CRITICAL_SERVICE;BASE_TOTAL_SERVICE;RESERVE_45D,0.6665,637.4
BASE,FINAL_BASE,1.5,1.5,0.9,10,true,15,BASE_CRITICAL_SERVICE;BASE_TOTAL_SERVICE;RESERVE_45D,0.6505,659.5
BASE,FINAL_BASE,1.5,1.5,0.8,10,true,17,BASE_CRITICAL_SERVICE;BASE_TOTAL_SERVICE;RESERVE_45D,0.6345,681.61
BASE,FINAL_BASE,1.5,1.5,0.7,10,true,17,BASE_CRITICAL_SERVICE;BASE_TOTAL_SERVICE;RESERVE_45D,0.6185,703.71
BASE,FINAL_BASE,1.5,1.5,0.6,10,true,17,BASE_CRITICAL_SERVICE;BASE_TOTAL_SERVICE;RESERVE_45D,0.6025,725.81
BASE,FINAL_BASE,1.5,1.5,0.5,10,true,17,BASE_CRITICAL_SERVICE;BASE_TOTAL_SERVICE;RESERVE_45D,0.5865,747.91
BASE,FINAL_BASE,1.5,1.5,0.4,10,true,17,BASE_CRITICAL_SERVICE;BASE_TOTAL_SERVICE;RESERVE_45D,0.5705,770.02
BASE,FINAL_BASE,1.5,1.5,0.3,10,true,17,BASE_CRITICAL_SERVICE;BASE_TOTAL_SERVICE;RESERVE_45D,0.5545,792.12
BASE,FINAL_BASE,1.5,1.5,0.2,10,true,17,BASE_CRITICAL_SERVICE;BASE_TOTAL_SERVICE;RESERVE_45D,0.5384,814.22
BASE,FINAL_BASE,1.5,1.5,0.1,10,true,17,BASE_CRITICAL_SERVICE;BASE_TOTAL_SERVICE;RESERVE_45D,0.5224,836.33
BASE,FINAL_BASE,1.5,1.5,0,10,true,17,BASE_CRITICAL_SERVICE;BASE_TOTAL_SERVICE;RESERVE_45D,0.5064,858.43
